[{"id":1494834765767,"visibility":true,"collapse":false,"settings":{"admin_label":"Hero Section","title":"","heading_selector":"h3","title_fontsize":"","title_fontweight":"","title_text_color":"","title_margin_top":"","title_margin_bottom":"","subtitle":"","subtitle_fontsize":"","title_position":"sppb-text-center","columns_equal_height":"0","fullscreen":"0","no_gutter":"0","id":"","class":"","padding":"150px 0px 175px 0px","margin":"0px 0px 0px 0px","color":"rgba(255, 255, 255, 1)","background_color":"","background_image":"https://sppagebuilder.com/sample-data/images/2017/07/10/hero-section6.jpg","overlay":"","background_repeat":"no-repeat","background_size":"cover","background_attachment":"inherit","background_position":"50% 50%","background_video":"0","background_video_mp4":"","background_video_ogv":"","hidden_xs":"","hidden_sm":"","hidden_md":"","animation":"","animationduration":"300","animationdelay":"0"},"layout":"12","columns":[{"id":1494834765768,"class_name":"col-md-12","visibility":true,"settings":{},"addons":[{"id":1494846467168,"name":"heading","visibility":true,"settings":{"admin_label":"Helping your business build & grow ","title":"Helping your\nbusiness build &\ngrow ","heading_selector":"h2","use_link":"0","title_link":"","link_new_tab":"0","title_fontsize":"48","title_fontstyle":["uppercase"],"title_fontweight":"900","title_lineheight":"1.6","title_letterspace":"0","title_margin":"0px 0px 8px 0px","title_padding":"0px 0px 0px 0px","alignment":"sppb-text-left","class":"","global_text_color":"","global_link_color":"","global_link_hover_color":"","global_use_background":"0","global_background_color":"","global_background_image":"","global_background_repeat":"no-repeat","global_background_size":"cover","global_background_attachment":"inherit","global_user_border":"0","global_border_width":"","global_border_color":"","global_boder_style":"none","global_border_radius":"","global_margin":"","global_padding":"","global_use_animation":"1","global_animation":"fadeInDown","global_animationduration":"700","global_animationdelay":"","hidden_md":"0","hidden_sm":"0","hidden_xs":"0","acl":null}},{"id":1499321738685,"name":"heading","visibility":true,"settings":{"admin_label":"When asked, \u201cIf you could wish for one thing only, what would that wish be?\u201d ","title":"When asked, \u201cIf you could wish for one thing\nonly, what would that wish be?\u201d ","heading_selector":"h3","use_link":"0","title_link":"","link_new_tab":"0","title_fontsize":"18","title_fontstyle":null,"title_fontweight":"300","title_lineheight":"1.5","title_letterspace":"0","title_margin":"0px 0px 30px 0px","title_padding":"0px 0px 0px 0px","alignment":"sppb-text-left","class":"","global_text_color":"rgba(255, 255, 255, 1)","global_link_color":"","global_link_hover_color":"","global_use_background":"0","global_background_color":"","global_background_image":"","global_background_repeat":"no-repeat","global_background_size":"cover","global_background_attachment":"inherit","global_user_border":"0","global_border_width":"","global_border_color":"","global_boder_style":"none","global_border_radius":"","global_margin":"","global_padding":"","global_use_animation":"1","global_animation":"fadeInDown","global_animationduration":"700","global_animationdelay":"300","hidden_md":"0","hidden_sm":"0","hidden_xs":"0","acl":null}},{"id":1499661653288,"name":"button_group","visibility":true,"settings":{"admin_label":"","alignment":"sppb-text-left","margin":"10","class":"","sp_button_group_item":[{"title":"Contact Us","fontstyle":null,"letterspace":"0","url":"#","type":"custom","appearance":"","background_color":"rgba(126, 211, 33, 1)","color":"#ffffff","background_color_hover":"rgba(88, 163, 23, 1)","color_hover":"#ffffff","size":"","button_padding":"12px 45px 12px 45px","shape":"rounded","block":"","icon":"","icon_position":"left","target":""},{"title":"Consultation","fontstyle":null,"letterspace":"0","url":"#","type":"custom","appearance":"","background_color":"rgba(255, 255, 255, 1)","color":"rgba(68, 68, 68, 1)","background_color_hover":"rgba(255, 255, 255, 1)","color_hover":"rgba(68, 68, 68, 1)","size":"","button_padding":"12px 45px 12px 45px","shape":"rounded","block":"","icon":"","icon_position":"left","target":""}],"global_text_color":"","global_link_color":"","global_link_hover_color":"","global_use_background":"0","global_background_color":"","global_background_image":"","global_background_repeat":"no-repeat","global_background_size":"cover","global_background_attachment":"inherit","global_user_border":"0","global_border_width":"","global_border_color":"","global_boder_style":"none","global_border_radius":"","global_margin":"","global_padding":"","global_use_animation":"1","global_animation":"fadeInDown","global_animationduration":"700","global_animationdelay":"600","hidden_md":"0","hidden_sm":"0","hidden_xs":"0","acl":null}}]}]},{"id":1494847035476,"visibility":true,"collapse":false,"settings":{"admin_label":"Features","title":"","heading_selector":"h3","title_fontsize":"","title_fontweight":"","title_text_color":"","title_margin_top":"","title_margin_bottom":"","subtitle":"","subtitle_fontsize":"","title_position":"sppb-text-center","columns_equal_height":"0","fullscreen":"0","no_gutter":"0","id":"","class":"","padding":"93px 0px 0px 0px","margin":"0px 0px 0px 0px","color":"","background_color":"","background_image":"","overlay":"","background_repeat":"no-repeat","background_size":"cover","background_attachment":"fixed","background_position":"0 0","background_video":"0","background_video_mp4":"","background_video_ogv":"","hidden_xs":"","hidden_sm":"","hidden_md":"","animation":"","animationduration":"300","animationdelay":"0"},"layout":"12","columns":[{"id":1494493363858,"class_name":"col-md-12","visibility":true,"settings":{},"addons":[{"id":1499661039445,"name":"heading","visibility":true,"settings":{"admin_label":"We Provide","title":"We Provide","heading_selector":"h2","use_link":"0","title_link":"","link_new_tab":"0","title_fontsize":"36","title_fontstyle":null,"title_fontweight":"900","title_lineheight":"","title_letterspace":"0","title_margin":"0px 0px 10px 0px","title_padding":"0px 0px 0px 0px","alignment":"sppb-text-center","class":"","global_text_color":"rgba(68, 68, 68, 1)","global_link_color":"","global_link_hover_color":"","global_use_background":"0","global_background_color":"","global_background_image":"","global_background_repeat":"no-repeat","global_background_size":"cover","global_background_attachment":"inherit","global_user_border":"0","global_border_width":"","global_border_color":"","global_boder_style":"none","global_border_radius":"","global_margin":"","global_padding":"","global_use_animation":"0","global_animation":"","global_animationduration":"300","global_animationdelay":"0","hidden_md":"0","hidden_sm":"0","hidden_xs":"0","acl":null}},{"id":1494493363864,"name":"heading","visibility":true,"settings":{"admin_label":"Shure\u2019s Music Phone Adapter (MPA) is our favorite","title":"Shure\u2019s Music Phone Adapter (MPA) is our favorite","heading_selector":"h3","use_link":"0","title_link":"","link_new_tab":"0","title_fontsize":"18","title_fontstyle":null,"title_fontweight":"300","title_lineheight":"1.25","title_letterspace":"0","title_margin":"0px 0px 20px 0px","title_padding":"0px 0px 0px 0px","alignment":"sppb-text-center","class":"","global_text_color":"rgba(153, 153, 153, 1)","global_link_color":"","global_link_hover_color":"","global_use_background":"0","global_background_color":"","global_background_image":"","global_background_repeat":"no-repeat","global_background_size":"cover","global_background_attachment":"inherit","global_user_border":"0","global_border_width":"","global_border_color":"","global_boder_style":"none","global_border_radius":"","global_margin":"","global_padding":"","global_use_animation":"0","global_animation":"","global_animationduration":"300","global_animationdelay":"0","hidden_md":"0","hidden_sm":"0","hidden_xs":"0","acl":null}},{"id":1494493363869,"type":"inner_row","settings":{"admin_label":"","title":"","heading_selector":"h3","title_fontsize":"","title_fontweight":"","title_text_color":"","title_margin_top":"","title_margin_bottom":"","subtitle":"","subtitle_fontsize":"","title_position":"sppb-text-center","columns_equal_height":"0","fullscreen":"0","no_gutter":"0","id":"","class":"","padding":"50px 0px 0px 0px","margin":"0px 0px 0px 0px","color":"","background_color":"","background_image":"","overlay":"","background_repeat":"no-repeat","background_size":"cover","background_attachment":"fixed","background_position":"0 0","background_video":"0","background_video_mp4":"","background_video_ogv":"","hidden_xs":"","hidden_sm":"","hidden_md":"","animation":"","animationduration":"300","animationdelay":"0"},"layout":"4,4,4","visibility":true,"columns":[{"id":1494493363870,"class_name":"col-md-4","visibility":true,"settings":{"color":"","background":"","background_image":"","overlay":"","background_repeat":"no-repeat","background_size":"cover","background_attachment":"scroll","background_position":"0 0","padding":"0 0 30px 0","class":"","sm_col":"","xs_col":"","hidden_xs":"","hidden_sm":"","hidden_md":"","animation":"","animationduration":"300","animationdelay":"0"},"addons":[{"id":1494496278621,"name":"feature","visibility":true,"settings":{"admin_label":"File archive","title":"File archive","heading_selector":"h3","title_position":"after","title_fontsize":"20","title_lineheight":"","title_fontstyle":null,"title_letterspace":"0","title_fontweight":"700","title_text_color":"rgba(68, 68, 68, 1)","title_margin_top":"30","title_margin_bottom":"25","title_url":"","url_appear":"title","feature_type":"image","feature_image":"https://sppagebuilder.com/sample-data/images/2017/07/10/icon13.png","icon_name":"fa-tachometer","icon_size":"48","icon_color":"rgba(184, 233, 134, 1)","icon_background":"","icon_border_color":"","icon_border_width":"","icon_border_radius":"","icon_margin_top":"","icon_margin_bottom":"","icon_padding":"","text":"\t\t\t\t\t\t<div style=\"color: #878787; font-size: 16px;\">Lorem Ipsum has been the<br \/> industry's standard dummy text<br \/> ever since the 1500s<\/div>","alignment":"sppb-text-center","class":"","global_text_color":"","global_link_color":"","global_link_hover_color":"","global_use_background":"0","global_background_color":"","global_background_image":"","global_background_repeat":"no-repeat","global_background_size":"cover","global_background_attachment":"inherit","global_user_border":"0","global_border_width":"","global_border_color":"","global_boder_style":"none","global_border_radius":"","global_margin":"0 0 90px 0","global_padding":"","global_use_animation":"1","global_animation":"fadeInLeft","global_animationduration":"700","global_animationdelay":"","hidden_md":"0","hidden_sm":"0","hidden_xs":"0","acl":null},"htmlContent":"<div id=\"sppb-addon-1494496278621\" class=\" sppb-wow fadeInLeft clearfix\"  data-sppb-wow-duration=\"700ms\" ><div class=\"sppb-addon sppb-addon-feature sppb-text-center \"><div class=\"sppb-addon-content\"><span class=\"sppb-img-container\"><img class=\"sppb-img-responsive\" src=\"https://sppagebuilder.com/sample-data/images/2017/07/10/icon13.png\" alt=\"File archive\"><\/span><h3 class=\"sppb-addon-title sppb-feature-box-title\">File archive<\/h3><div class=\"sppb-addon-text\">\t\t\t\t\t\t<div style=\"color: #878787; font-size: 16px;\">Lorem Ipsum has been the<br \/> industry's standard dummy text<br \/> ever since the 1500s<\/div><\/div><\/div><\/div><\/div>","assets":{"css":"#sppb-addon-1494496278621 {\nmargin: 0 0 90px 0;\n}\n#sppb-addon-1494496278621 .sppb-addon-title {\nmargin-top:30px;margin-bottom:25px;color:rgba(68, 68, 68, 1);font-size:20px;line-height:20px;font-weight:700;}\n#sppb-addon-1494496278621 .sppb-img-container {display:inline-block;}"}},{"id":1499661039402,"name":"feature","visibility":true,"settings":{"admin_label":"Tax consulting","title":"Tax consulting","heading_selector":"h3","title_position":"after","title_fontsize":"20","title_lineheight":"","title_fontstyle":null,"title_letterspace":"0","title_fontweight":"700","title_text_color":"rgba(68, 68, 68, 1)","title_margin_top":"30","title_margin_bottom":"25","title_url":"","url_appear":"title","feature_type":"image","feature_image":"https://sppagebuilder.com/sample-data/images/2017/07/10/icon16.png","icon_name":"fa-tachometer","icon_size":"48","icon_color":"rgba(184, 233, 134, 1)","icon_background":"","icon_border_color":"","icon_border_width":"","icon_border_radius":"","icon_margin_top":"","icon_margin_bottom":"","icon_padding":"","text":"\t\t\t\t\t<div style=\"color: #878787; font-size: 16px;\">Lorem Ipsum has been the<br \/> industry's standard dummy text<br \/> ever since the 1500s<\/div>","alignment":"sppb-text-center","class":"","global_text_color":"","global_link_color":"","global_link_hover_color":"","global_use_background":"0","global_background_color":"","global_background_image":"","global_background_repeat":"no-repeat","global_background_size":"cover","global_background_attachment":"inherit","global_user_border":"0","global_border_width":"","global_border_color":"","global_boder_style":"none","global_border_radius":"","global_margin":"0 0 30px 0","global_padding":"","global_use_animation":"1","global_animation":"fadeInLeft","global_animationduration":"700","global_animationdelay":"","hidden_md":"0","hidden_sm":"0","hidden_xs":"0","acl":null},"htmlContent":"<div id=\"sppb-addon-1499661039402\" class=\" sppb-wow fadeInLeft clearfix\"  data-sppb-wow-duration=\"700ms\" ><div class=\"sppb-addon sppb-addon-feature sppb-text-center \"><div class=\"sppb-addon-content\"><span class=\"sppb-img-container\"><img class=\"sppb-img-responsive\" src=\"https://sppagebuilder.com/sample-data/images/2017/07/10/icon16.png\" alt=\"Tax consulting\"><\/span><h3 class=\"sppb-addon-title sppb-feature-box-title\">Tax consulting<\/h3><div class=\"sppb-addon-text\">\t\t\t\t\t<div style=\"color: #878787; font-size: 16px;\">Lorem Ipsum has been the<br \/> industry's standard dummy text<br \/> ever since the 1500s<\/div><\/div><\/div><\/div><\/div>","assets":{"css":"#sppb-addon-1499661039402 {\nmargin: 0 0 30px 0;\n}\n#sppb-addon-1499661039402 .sppb-addon-title {\nmargin-top:30px;margin-bottom:25px;color:rgba(68, 68, 68, 1);font-size:20px;line-height:20px;font-weight:700;}\n#sppb-addon-1499661039402 .sppb-img-container {display:inline-block;}"}}]},{"id":1494493363873,"class_name":"col-md-4","visibility":true,"settings":{"color":"","background":"","background_image":"","overlay":"","background_repeat":"no-repeat","background_size":"cover","background_attachment":"scroll","background_position":"0 0","padding":"0 0 30px 0","class":"","sm_col":"","xs_col":"","hidden_xs":"","hidden_sm":"","hidden_md":"","animation":"fadeInLeft","animationduration":"300","animationdelay":"0"},"addons":[{"id":1499321738735,"name":"feature","visibility":true,"settings":{"admin_label":"24\/7 availability","title":"24\/7 availability","heading_selector":"h3","title_position":"after","title_fontsize":"20","title_lineheight":"","title_fontstyle":null,"title_letterspace":"0","title_fontweight":"700","title_text_color":"rgba(68, 68, 68, 1)","title_margin_top":"30","title_margin_bottom":"25","title_url":"","url_appear":"title","feature_type":"image","feature_image":"https://sppagebuilder.com/sample-data/images/2017/07/10/icon14.png","icon_name":"fa-tachometer","icon_size":"48","icon_color":"rgba(184, 233, 134, 1)","icon_background":"","icon_border_color":"","icon_border_width":"","icon_border_radius":"","icon_margin_top":"","icon_margin_bottom":"","icon_padding":"","text":"\t\t\t\t\t\t<div style=\"color: #878787; font-size: 16px;\">Lorem Ipsum has been the<br \/> industry's standard dummy text<br \/> ever since the 1500s<\/div>","alignment":"sppb-text-center","class":"","global_text_color":"","global_link_color":"","global_link_hover_color":"","global_use_background":"0","global_background_color":"","global_background_image":"","global_background_repeat":"no-repeat","global_background_size":"cover","global_background_attachment":"inherit","global_user_border":"0","global_border_width":"","global_border_color":"","global_boder_style":"none","global_border_radius":"","global_margin":"0 0 90px 0","global_padding":"","global_use_animation":"1","global_animation":"fadeInLeft","global_animationduration":"700","global_animationdelay":"300","hidden_md":"0","hidden_sm":"0","hidden_xs":"0","acl":null},"htmlContent":"<div id=\"sppb-addon-1499321738735\" class=\" sppb-wow fadeInLeft clearfix\"  data-sppb-wow-duration=\"700ms\" data-sppb-wow-delay=\"300ms\" ><div class=\"sppb-addon sppb-addon-feature sppb-text-center \"><div class=\"sppb-addon-content\"><span class=\"sppb-img-container\"><img class=\"sppb-img-responsive\" src=\"https://sppagebuilder.com/sample-data/images/2017/07/10/icon14.png\" alt=\"24\/7 availability\"><\/span><h3 class=\"sppb-addon-title sppb-feature-box-title\">24\/7 availability<\/h3><div class=\"sppb-addon-text\">\t\t\t\t\t\t<div style=\"color: #878787; font-size: 16px;\">Lorem Ipsum has been the<br \/> industry's standard dummy text<br \/> ever since the 1500s<\/div><\/div><\/div><\/div><\/div>","assets":{"css":"#sppb-addon-1499321738735 {\nmargin: 0 0 90px 0;\n}\n#sppb-addon-1499321738735 .sppb-addon-title {\nmargin-top:30px;margin-bottom:25px;color:rgba(68, 68, 68, 1);font-size:20px;line-height:20px;font-weight:700;}\n#sppb-addon-1499321738735 .sppb-img-container {display:inline-block;}"}},{"id":1499661039407,"name":"feature","visibility":true,"settings":{"admin_label":"Home services","title":"Home services","heading_selector":"h3","title_position":"after","title_fontsize":"20","title_lineheight":"","title_fontstyle":null,"title_letterspace":"0","title_fontweight":"700","title_text_color":"rgba(68, 68, 68, 1)","title_margin_top":"30","title_margin_bottom":"25","title_url":"","url_appear":"title","feature_type":"image","feature_image":"https://sppagebuilder.com/sample-data/images/2017/07/10/icon17.png","icon_name":"fa-tachometer","icon_size":"48","icon_color":"rgba(184, 233, 134, 1)","icon_background":"","icon_border_color":"","icon_border_width":"","icon_border_radius":"","icon_margin_top":"","icon_margin_bottom":"","icon_padding":"","text":"\t\t\t\t\t\t<div style=\"color: #878787; font-size: 16px;\">Lorem Ipsum has been the<br \/> industry's standard dummy text<br \/> ever since the 1500s<\/div>","alignment":"sppb-text-center","class":"","global_text_color":"","global_link_color":"","global_link_hover_color":"","global_use_background":"0","global_background_color":"","global_background_image":"","global_background_repeat":"no-repeat","global_background_size":"cover","global_background_attachment":"inherit","global_user_border":"0","global_border_width":"","global_border_color":"","global_boder_style":"none","global_border_radius":"","global_margin":"0 0 30px 0","global_padding":"","global_use_animation":"1","global_animation":"fadeInLeft","global_animationduration":"700","global_animationdelay":"300","hidden_md":"0","hidden_sm":"0","hidden_xs":"0","acl":null},"htmlContent":"<div id=\"sppb-addon-1499661039407\" class=\" sppb-wow fadeInLeft clearfix\"  data-sppb-wow-duration=\"700ms\" data-sppb-wow-delay=\"300ms\" ><div class=\"sppb-addon sppb-addon-feature sppb-text-center \"><div class=\"sppb-addon-content\"><span class=\"sppb-img-container\"><img class=\"sppb-img-responsive\" src=\"https://sppagebuilder.com/sample-data/images/2017/07/10/icon17.png\" alt=\"Home services\"><\/span><h3 class=\"sppb-addon-title sppb-feature-box-title\">Home services<\/h3><div class=\"sppb-addon-text\">\t\t\t\t\t\t<div style=\"color: #878787; font-size: 16px;\">Lorem Ipsum has been the<br \/> industry's standard dummy text<br \/> ever since the 1500s<\/div><\/div><\/div><\/div><\/div>","assets":{"css":"#sppb-addon-1499661039407 {\nmargin: 0 0 30px 0;\n}\n#sppb-addon-1499661039407 .sppb-addon-title {\nmargin-top:30px;margin-bottom:25px;color:rgba(68, 68, 68, 1);font-size:20px;line-height:20px;font-weight:700;}\n#sppb-addon-1499661039407 .sppb-img-container {display:inline-block;}"}}]},{"id":1494493363874,"class_name":"col-md-4","visibility":true,"settings":{"color":"","background":"","background_image":"","overlay":"","background_repeat":"no-repeat","background_size":"cover","background_attachment":"scroll","background_position":"0 0","padding":"0 0 30px 0","class":"","sm_col":"","xs_col":"","hidden_xs":"","hidden_sm":"","hidden_md":"","animation":"","animationduration":"300","animationdelay":"0"},"addons":[{"id":1499321738730,"name":"feature","visibility":true,"settings":{"admin_label":"100% guaranteed","title":"100% guaranteed","heading_selector":"h3","title_position":"after","title_fontsize":"20","title_lineheight":"","title_fontstyle":null,"title_letterspace":"0","title_fontweight":"700","title_text_color":"rgba(68, 68, 68, 1)","title_margin_top":"30","title_margin_bottom":"25","title_url":"","url_appear":"title","feature_type":"image","feature_image":"https://sppagebuilder.com/sample-data/images/2017/07/10/icon15.png","icon_name":"fa-tachometer","icon_size":"48","icon_color":"rgba(184, 233, 134, 1)","icon_background":"","icon_border_color":"","icon_border_width":"","icon_border_radius":"","icon_margin_top":"","icon_margin_bottom":"","icon_padding":"","text":"\t\t\t\t\t\t<div style=\"color: #878787; font-size: 16px;\">Lorem Ipsum has been the<br \/> industry's standard dummy text<br \/> ever since the 1500s<\/div>","alignment":"sppb-text-center","class":"","global_text_color":"","global_link_color":"","global_link_hover_color":"","global_use_background":"0","global_background_color":"","global_background_image":"","global_background_repeat":"no-repeat","global_background_size":"cover","global_background_attachment":"inherit","global_user_border":"0","global_border_width":"","global_border_color":"","global_boder_style":"none","global_border_radius":"","global_margin":"0 0 90px 0","global_padding":"","global_use_animation":"1","global_animation":"fadeInLeft","global_animationduration":"700","global_animationdelay":"600","hidden_md":"0","hidden_sm":"0","hidden_xs":"0","acl":null},"htmlContent":"<div id=\"sppb-addon-1499321738730\" class=\" sppb-wow fadeInLeft clearfix\"  data-sppb-wow-duration=\"700ms\" data-sppb-wow-delay=\"600ms\" ><div class=\"sppb-addon sppb-addon-feature sppb-text-center \"><div class=\"sppb-addon-content\"><span class=\"sppb-img-container\"><img class=\"sppb-img-responsive\" src=\"https://sppagebuilder.com/sample-data/images/2017/07/10/icon15.png\" alt=\"100% guaranteed\"><\/span><h3 class=\"sppb-addon-title sppb-feature-box-title\">100% guaranteed<\/h3><div class=\"sppb-addon-text\">\t\t\t\t\t\t<div style=\"color: #878787; font-size: 16px;\">Lorem Ipsum has been the<br \/> industry's standard dummy text<br \/> ever since the 1500s<\/div><\/div><\/div><\/div><\/div>","assets":{"css":"#sppb-addon-1499321738730 {\nmargin: 0 0 90px 0;\n}\n#sppb-addon-1499321738730 .sppb-addon-title {\nmargin-top:30px;margin-bottom:25px;color:rgba(68, 68, 68, 1);font-size:20px;line-height:20px;font-weight:700;}\n#sppb-addon-1499321738730 .sppb-img-container {display:inline-block;}"}},{"id":1499661039412,"name":"feature","visibility":true,"settings":{"admin_label":"International Law","title":"International Law","heading_selector":"h3","title_position":"after","title_fontsize":"20","title_lineheight":"","title_fontstyle":null,"title_letterspace":"0","title_fontweight":"700","title_text_color":"rgba(68, 68, 68, 1)","title_margin_top":"30","title_margin_bottom":"25","title_url":"","url_appear":"title","feature_type":"image","feature_image":"https://sppagebuilder.com/sample-data/images/2017/07/10/icon18.png","icon_name":"fa-tachometer","icon_size":"48","icon_color":"rgba(184, 233, 134, 1)","icon_background":"","icon_border_color":"","icon_border_width":"","icon_border_radius":"","icon_margin_top":"","icon_margin_bottom":"","icon_padding":"","text":"\t\t\t\t\t\t<div style=\"color: #878787; font-size: 16px;\">Lorem Ipsum has been the<br \/> industry's standard dummy text<br \/> ever since the 1500s<\/div>","alignment":"sppb-text-center","class":"","global_text_color":"","global_link_color":"","global_link_hover_color":"","global_use_background":"0","global_background_color":"","global_background_image":"","global_background_repeat":"no-repeat","global_background_size":"cover","global_background_attachment":"inherit","global_user_border":"0","global_border_width":"","global_border_color":"","global_boder_style":"none","global_border_radius":"","global_margin":"0 0 30px 0","global_padding":"","global_use_animation":"1","global_animation":"fadeInLeft","global_animationduration":"700","global_animationdelay":"600","hidden_md":"0","hidden_sm":"0","hidden_xs":"0","acl":null},"htmlContent":"<div id=\"sppb-addon-1499661039412\" class=\" sppb-wow fadeInLeft clearfix\"  data-sppb-wow-duration=\"700ms\" data-sppb-wow-delay=\"600ms\" ><div class=\"sppb-addon sppb-addon-feature sppb-text-center \"><div class=\"sppb-addon-content\"><span class=\"sppb-img-container\"><img class=\"sppb-img-responsive\" src=\"https://sppagebuilder.com/sample-data/images/2017/07/10/icon18.png\" alt=\"International Law\"><\/span><h3 class=\"sppb-addon-title sppb-feature-box-title\">International Law<\/h3><div class=\"sppb-addon-text\">\t\t\t\t\t\t<div style=\"color: #878787; font-size: 16px;\">Lorem Ipsum has been the<br \/> industry's standard dummy text<br \/> ever since the 1500s<\/div><\/div><\/div><\/div><\/div>","assets":{"css":"#sppb-addon-1499661039412 {\nmargin: 0 0 30px 0;\n}\n#sppb-addon-1499661039412 .sppb-addon-title {\nmargin-top:30px;margin-bottom:25px;color:rgba(68, 68, 68, 1);font-size:20px;line-height:20px;font-weight:700;}\n#sppb-addon-1499661039412 .sppb-img-container {display:inline-block;}"}}]}]}]}]},{"id":1494850001767,"visibility":true,"collapse":false,"settings":{"admin_label":"Video Popup","title":"","heading_selector":"h3","title_fontsize":"","title_fontweight":"","title_text_color":"","title_margin_top":"","title_margin_bottom":"","subtitle":"","subtitle_fontsize":"","title_position":"sppb-text-center","columns_equal_height":"1","fullscreen":"0","no_gutter":"1","id":"","class":"","padding":"35px 0px 100px 0px","margin":"0px 0px 0px 0px","color":"","background_color":"","background_image":"","overlay":"","background_repeat":"no-repeat","background_size":"cover","background_attachment":"fixed","background_position":"0 0","background_video":"0","background_video_mp4":"","background_video_ogv":"","hidden_xs":"","hidden_sm":"","hidden_md":"","animation":"","animationduration":"300","animationdelay":"0"},"layout":"6,6","columns":[{"id":1494397321380,"class_name":"col-md-6","visibility":true,"settings":{"color":"","background":"","background_image":"https://sppagebuilder.com/sample-data/images/2017/07/10/about-us-img.jpg","overlay":"","background_repeat":"no-repeat","background_size":"cover","background_attachment":"inherit","background_position":"50% 50%","padding":"","class":"","sm_col":"","xs_col":"","hidden_xs":"","hidden_sm":"","hidden_md":"","animation":"","animationduration":"300","animationdelay":"0"},"addons":[{"id":1499323143427,"name":"modal","visibility":true,"settings":{"admin_label":"","modal_selector":"image","button_text":"Button Text","button_type":"default","button_fontstyle":null,"button_letterspace":"0","button_padding":"","button_background_color":"#444444","button_color":"#ffffff","button_background_color_hover":"#222222","button_color_hover":"#ffffff","button_size":"","button_appearance":"","button_shape":"rounded","button_block":"","button_icon":"","button_icon_position":"left","selector_image":"https://sppagebuilder.com/sample-data/images/2017/07/10/play-icon5.png","selector_icon_name":"","selector_icon_size":"36","selector_icon_color":"","selector_icon_background":"","selector_icon_border_color":"","selector_icon_border_width":"","selector_icon_border_radius":"","selector_icon_padding":"","modal_content_type":"video","modal_content_text":"\t\t\t\t\t\t\t\t\t\tKevin chicken fatback sirloin ball tip, flank meatloaf t-bone. Meatloaf shankle swine pancetta biltong capicola ham hock meatball. Shoulder bacon andouille ground round pancetta pastrami. Sirloin beef ribs tenderloin rump corned beef filet mignon capicola kielbasa drumstick chuck turducken beef t-bone ribeye. Pork loin ground round t-bone chuck beef ribs swine pastrami cow. Venison tenderloin drumstick, filet mignon salami jowl sausage shank hamburger meatball ribeye kevin tri-tip. Swine kielbasa tenderloin fatback pork shankle andouille, flank frankfurter jerky chicken tri-tip jowl leberkas.&lt;br&gt;&lt;br&gt;Pancetta chicken pork belly beef cow kielbasa fatback sirloin biltong andouille bacon. Sirloin beef tenderloin porchetta, jerky tri-tip andouille sausage landjaeger shank bresaola short ribs tongue meatloaf fatback. Kielbasa pancetta shoulder tri-tip pastrami filet mignon ham corned beef prosciutto doner beef ribs. Doner sausage ham hock, shoulder sirloin pancetta boudin filet mignon chuck. Meatball ham hock beef, filet mignon tri-tip andouille venison ground round chuck turducken drumstick.","modal_content_image":"","modal_content_video_url":"https:\/\/www.youtube.com\/watch?v=fDlDl5IEaB8","modal_popup_width":"760","modal_popup_height":"440","alignment":"sppb-text-center","class":"","global_text_color":"","global_link_color":"","global_link_hover_color":"","global_use_background":"0","global_background_color":"","global_background_image":"","global_background_repeat":"no-repeat","global_background_size":"cover","global_background_attachment":"inherit","global_user_border":"0","global_border_width":"","global_border_color":"","global_boder_style":"none","global_border_radius":"","global_margin":"","global_padding":"225px 150px 110px 150px","global_use_animation":"0","global_animation":"","global_animationduration":"300","global_animationdelay":"0","hidden_md":"0","hidden_sm":"0","hidden_xs":"0","acl":null}}]},{"id":1494397321381,"class_name":"col-md-6","visibility":true,"settings":{"color":"","background":"rgba(245, 249, 251, 1)","background_image":"","overlay":"","background_repeat":"no-repeat","background_size":"cover","background_attachment":"scroll","background_position":"0 0","padding":"145px 115px 110px 115px","class":"","sm_col":"","xs_col":"","hidden_xs":"","hidden_sm":"","hidden_md":"","animation":"","animationduration":"300","animationdelay":"0"},"addons":[{"id":1494397840378,"name":"heading","visibility":true,"settings":{"admin_label":"About Us","title":"About Us","heading_selector":"h3","use_link":"0","title_link":"","link_new_tab":"0","title_fontsize":"36","title_fontstyle":null,"title_fontweight":"700","title_lineheight":"","title_letterspace":"0","title_margin":"0 0px 13px 0px","title_padding":"0px 0px 0px 0px","alignment":"sppb-text-left","class":"","global_text_color":"rgba(41, 51, 64, 1)","global_link_color":"","global_link_hover_color":"","global_use_background":"0","global_background_color":"","global_background_image":"","global_background_repeat":"no-repeat","global_background_size":"cover","global_background_attachment":"inherit","global_user_border":"0","global_border_width":"","global_border_color":"","global_boder_style":"none","global_border_radius":"","global_margin":"","global_padding":"","global_use_animation":"0","global_animation":"","global_animationduration":"300","global_animationdelay":"0","hidden_md":"0","hidden_sm":"0","hidden_xs":"0","acl":null}},{"id":1494850019797,"name":"text_block","visibility":true,"settings":{"admin_label":"It was popularised in the 1960s.....","title":"It has survived not only five centuries, but also the leap into electronic typesetting, remaining essentially unchanged.<br><br>\nContrary to popular belief, Lorem Ipsum is not simply random text. It has roots in a piece of classical Latin literature from 45 BC, making it over 2000 years old.","heading_selector":"h4","title_fontsize":"16","title_lineheight":"25","title_fontstyle":null,"title_letterspace":"0","title_fontweight":"300","title_text_color":"rgba(135, 135, 135, 1)","title_margin_top":"0","title_margin_bottom":"","text":"\t\t\t\t\t\t\t","alignment":"sppb-text-left","class":"","global_text_color":"","global_link_color":"","global_link_hover_color":"","global_use_background":"0","global_background_color":"","global_background_image":"","global_background_repeat":"no-repeat","global_background_size":"cover","global_background_attachment":"inherit","global_user_border":"0","global_border_width":"","global_border_color":"","global_boder_style":"none","global_border_radius":"","global_margin":"0 0 20px 0","global_padding":"","global_use_animation":"0","global_animation":"","global_animationduration":"300","global_animationdelay":"0","hidden_md":"0","hidden_sm":"0","hidden_xs":"0","acl":null}}]}]},{"id":1494911041908,"visibility":true,"collapse":false,"settings":{"admin_label":"The Crew","title":"","heading_selector":"h3","title_fontsize":"","title_fontweight":"","title_text_color":"","title_margin_top":"","title_margin_bottom":"","subtitle":"","subtitle_fontsize":"","title_position":"sppb-text-center","columns_equal_height":"0","fullscreen":"0","no_gutter":"0","id":"","class":"","padding":"95px 0px 70px 0px","margin":"0px 0px 0px 0px","color":"rgba(255, 255, 255, 1)","background_color":"rgba(126, 211, 33, 1)","background_image":"","overlay":"","background_repeat":"no-repeat","background_size":"cover","background_attachment":"fixed","background_position":"0 0","background_video":"0","background_video_mp4":"","background_video_ogv":"","hidden_xs":"","hidden_sm":"","hidden_md":"","animation":"","animationduration":"300","animationdelay":"0"},"layout":"12","columns":[{"id":1494911041909,"class_name":"col-md-12","visibility":true,"settings":{},"addons":[{"id":1494493363861,"name":"heading","visibility":true,"settings":{"admin_label":"The Crew","title":"The Crew","heading_selector":"h2","use_link":"0","title_link":"","link_new_tab":"0","title_fontsize":"36","title_fontstyle":null,"title_fontweight":"900","title_lineheight":"","title_letterspace":"0","title_margin":"0px 0px 10px 0px","title_padding":"0px 0px 0px 0px","alignment":"sppb-text-center","class":"","global_text_color":"","global_link_color":"","global_link_hover_color":"","global_use_background":"0","global_background_color":"","global_background_image":"","global_background_repeat":"no-repeat","global_background_size":"cover","global_background_attachment":"inherit","global_user_border":"0","global_border_width":"","global_border_color":"","global_boder_style":"none","global_border_radius":"","global_margin":"","global_padding":"","global_use_animation":"0","global_animation":"","global_animationduration":"300","global_animationdelay":"0","hidden_md":"0","hidden_sm":"0","hidden_xs":"0","acl":null}},{"id":1499661039448,"name":"heading","visibility":true,"settings":{"admin_label":"Shure\u2019s Music Phone Adapter (MPA) is our favorite","title":"Shure\u2019s Music Phone Adapter (MPA) is our favorite","heading_selector":"h3","use_link":"0","title_link":"","link_new_tab":"0","title_fontsize":"18","title_fontstyle":null,"title_fontweight":"300","title_lineheight":"1.25","title_letterspace":"0","title_margin":"0px 0px 20px 0px","title_padding":"0px 0px 0px 0px","alignment":"sppb-text-center","class":"","global_text_color":"","global_link_color":"","global_link_hover_color":"","global_use_background":"0","global_background_color":"","global_background_image":"","global_background_repeat":"no-repeat","global_background_size":"cover","global_background_attachment":"inherit","global_user_border":"0","global_border_width":"","global_border_color":"","global_boder_style":"none","global_border_radius":"","global_margin":"","global_padding":"","global_use_animation":"0","global_animation":"","global_animationduration":"300","global_animationdelay":"0","hidden_md":"0","hidden_sm":"0","hidden_xs":"0","acl":null}},{"id":1499664398919,"type":"inner_row","settings":{"admin_label":"","title":"","heading_selector":"h3","title_fontsize":"","title_fontweight":"","title_text_color":"","title_margin_top":"","title_margin_bottom":"","subtitle":"","subtitle_fontsize":"","title_position":"sppb-text-center","columns_equal_height":"0","fullscreen":"0","no_gutter":"0","id":"","class":"","padding":"50px 0px 0px 0px","margin":"0px 0px 0px 0px","color":"rgba(28, 28, 28, 1)","background_color":"","background_image":"","overlay":"","background_repeat":"no-repeat","background_size":"cover","background_attachment":"fixed","background_position":"0 0","background_video":"0","background_video_mp4":"","background_video_ogv":"","hidden_xs":"","hidden_sm":"","hidden_md":"","animation":"","animationduration":"300","animationdelay":"0"},"layout":"4,4,4","visibility":true,"columns":[{"id":1494485926620,"class_name":"col-md-4","visibility":true,"settings":{"color":"","background":"","background_image":"","overlay":"","background_repeat":"no-repeat","background_size":"cover","background_attachment":"scroll","background_position":"0 0","padding":"","class":"","sm_col":"col-sm-4","xs_col":"","hidden_xs":"","hidden_sm":"","hidden_md":"","animation":"","animationduration":"300","animationdelay":"0"},"addons":[{"id":1494487267362,"name":"person","visibility":true,"settings":{"admin_label":"David Guetta","image":"https://sppagebuilder.com/sample-data/images/2017/07/10/team1.jpg","name":"Antonia Craighton","designation":"Founder & CEO","email":"","introtext":"","facebook":"","twitter":"","google_plus":"","youtube":"","linkedin":"","pinterest":"","flickr":"","dribbble":"","behance":"","instagram":"","social_position":"after","alignment":"sppb-text-center","class":"","global_text_color":"","global_link_color":"","global_link_hover_color":"","global_use_background":"1","global_background_color":"rgba(255, 255, 255, 1)","global_background_image":"","global_background_repeat":"no-repeat","global_background_size":"cover","global_background_attachment":"inherit","global_user_border":"0","global_border_width":"","global_border_color":"","global_boder_style":"none","global_border_radius":"5","global_margin":"0 0 30px 0","global_padding":"0 0 20px 0","global_use_animation":"0","global_animation":"","global_animationduration":"300","global_animationdelay":"0","hidden_md":"0","hidden_sm":"0","hidden_xs":"0","acl":null},"htmlContent":"<div id=\"sppb-addon-1494487267362\" class=\"clearfix\" ><div class=\"sppb-addon sppb-addon-persion sppb-text-center \"><div class=\"sppb-addon-content\"><div class=\"sppb-person-image\"><img class=\"sppb-img-responsive\" src=\"https://sppagebuilder.com/sample-data/images/2017/07/10/team1.jpg\" alt=\"Antonia Craighton\"><\/div><div class=\"sppb-person-information\"><span class=\"sppb-person-name\">Antonia Craighton<\/span><span class=\"sppb-person-designation\">Founder & CEO<\/span><\/div><\/div><\/div><\/div>","assets":{"css":"#sppb-addon-1494487267362 {\n\tbackground-color: rgba(255, 255, 255, 1);\nborder-radius: 5px;\nmargin: 0 0 30px 0;\npadding: 0 0 20px 0;\n}\n"}}]},{"id":1494485926623,"class_name":"col-md-4","visibility":true,"settings":{"color":"","background":"","background_image":"","overlay":"","background_repeat":"no-repeat","background_size":"cover","background_attachment":"scroll","background_position":"0 0","padding":"","class":"","sm_col":"col-sm-4","xs_col":"","hidden_xs":"","hidden_sm":"","hidden_md":"","animation":"","animationduration":"300","animationdelay":"0"},"addons":[{"id":1494485926650,"name":"person","visibility":true,"settings":{"admin_label":"Martin Garrix","image":"https://sppagebuilder.com/sample-data/images/2017/07/10/team2.jpg","name":"Beulah Chambers","designation":"Assistant","email":"","introtext":"","facebook":"","twitter":"","google_plus":"","youtube":"","linkedin":"","pinterest":"","flickr":"","dribbble":"","behance":"","instagram":"","social_position":"after","alignment":"sppb-text-center","class":"","global_text_color":"","global_link_color":"","global_link_hover_color":"","global_use_background":"1","global_background_color":"rgba(255, 255, 255, 1)","global_background_image":"","global_background_repeat":"no-repeat","global_background_size":"cover","global_background_attachment":"inherit","global_user_border":"0","global_border_width":"","global_border_color":"","global_boder_style":"none","global_border_radius":"5","global_margin":"0 0 30px 0","global_padding":"0 0 20px 0","global_use_animation":"0","global_animation":"","global_animationduration":"300","global_animationdelay":"0","hidden_md":"0","hidden_sm":"0","hidden_xs":"0","acl":null},"htmlContent":"<div id=\"sppb-addon-1494485926650\" class=\"clearfix\" ><div class=\"sppb-addon sppb-addon-persion sppb-text-center \"><div class=\"sppb-addon-content\"><div class=\"sppb-person-image\"><img class=\"sppb-img-responsive\" src=\"https://sppagebuilder.com/sample-data/images/2017/07/10/team2.jpg\" alt=\"Beulah Chambers\"><\/div><div class=\"sppb-person-information\"><span class=\"sppb-person-name\">Beulah Chambers<\/span><span class=\"sppb-person-designation\">Assistant<\/span><\/div><\/div><\/div><\/div>","assets":{"css":"#sppb-addon-1494485926650 {\n\tbackground-color: rgba(255, 255, 255, 1);\nborder-radius: 5px;\nmargin: 0 0 30px 0;\npadding: 0 0 20px 0;\n}\n"}}]},{"id":1494485926624,"class_name":"col-md-4","visibility":true,"settings":{"color":"","background":"","background_image":"","overlay":"","background_repeat":"no-repeat","background_size":"cover","background_attachment":"scroll","background_position":"0 0","padding":"","class":"","sm_col":"col-sm-4","xs_col":"","hidden_xs":"","hidden_sm":"","hidden_md":"","animation":"","animationduration":"300","animationdelay":"0"},"addons":[{"id":1494485926645,"name":"person","visibility":true,"settings":{"admin_label":"Mark Mithel","image":"https://sppagebuilder.com/sample-data/images/2017/07/10/team3.jpg","name":"David Guetta","designation":"Budget Analyst","email":"","introtext":"","facebook":"","twitter":"","google_plus":"","youtube":"","linkedin":"","pinterest":"","flickr":"","dribbble":"","behance":"","instagram":"","social_position":"after","alignment":"sppb-text-center","class":"","global_text_color":"","global_link_color":"","global_link_hover_color":"","global_use_background":"1","global_background_color":"rgba(255, 255, 255, 1)","global_background_image":"","global_background_repeat":"no-repeat","global_background_size":"cover","global_background_attachment":"inherit","global_user_border":"0","global_border_width":"","global_border_color":"","global_boder_style":"none","global_border_radius":"5","global_margin":"0 0 30px 0","global_padding":"0 0 20px 0","global_use_animation":"0","global_animation":"","global_animationduration":"300","global_animationdelay":"0","hidden_md":"0","hidden_sm":"0","hidden_xs":"0","acl":null},"htmlContent":"<div id=\"sppb-addon-1494485926645\" class=\"clearfix\" ><div class=\"sppb-addon sppb-addon-persion sppb-text-center \"><div class=\"sppb-addon-content\"><div class=\"sppb-person-image\"><img class=\"sppb-img-responsive\" src=\"https://sppagebuilder.com/sample-data/images/2017/07/10/team3.jpg\" alt=\"David Guetta\"><\/div><div class=\"sppb-person-information\"><span class=\"sppb-person-name\">David Guetta<\/span><span class=\"sppb-person-designation\">Budget Analyst<\/span><\/div><\/div><\/div><\/div>","assets":{"css":"#sppb-addon-1494485926645 {\n\tbackground-color: rgba(255, 255, 255, 1);\nborder-radius: 5px;\nmargin: 0 0 30px 0;\npadding: 0 0 20px 0;\n}\n"}}]}]}]}]},{"id":1499331749676,"visibility":true,"collapse":false,"settings":{"admin_label":"Pricing Table","title":"","heading_selector":"h3","title_fontsize":"","title_fontweight":"","title_text_color":"","title_margin_top":"","title_margin_bottom":"","subtitle":"","subtitle_fontsize":"","title_position":"sppb-text-center","columns_equal_height":"0","fullscreen":"0","no_gutter":"0","id":"","class":"","padding":"100px 0px 70px 0px","margin":"0px 0px 0px 0px","color":"","background_color":"","background_image":"","overlay":"","background_repeat":"no-repeat","background_size":"cover","background_attachment":"fixed","background_position":"0 0","background_video":"0","background_video_mp4":"","background_video_ogv":"","hidden_xs":"","hidden_sm":"","hidden_md":"","animation":"","animationduration":"300","animationdelay":"0"},"layout":"12","columns":[{"id":1499331749677,"class_name":"col-md-12","visibility":true,"settings":{},"addons":[{"id":1499664458123,"name":"heading","visibility":true,"settings":{"admin_label":"Best Pricing","title":"Best Pricing","heading_selector":"h2","use_link":"0","title_link":"","link_new_tab":"0","title_fontsize":"36","title_fontstyle":null,"title_fontweight":"900","title_lineheight":"","title_letterspace":"0","title_margin":"0px 0px 30px 0px","title_padding":"0px 0px 0px 0px","alignment":"sppb-text-center","class":"","global_text_color":"rgba(68, 68, 68, 1)","global_link_color":"","global_link_hover_color":"","global_use_background":"0","global_background_color":"","global_background_image":"","global_background_repeat":"no-repeat","global_background_size":"cover","global_background_attachment":"inherit","global_user_border":"0","global_border_width":"","global_border_color":"","global_boder_style":"none","global_border_radius":"","global_margin":"","global_padding":"","global_use_animation":"0","global_animation":"","global_animationduration":"300","global_animationdelay":"0","hidden_md":"0","hidden_sm":"0","hidden_xs":"0","acl":null}},{"id":1499331749682,"type":"inner_row","settings":{"admin_label":"","title":"","heading_selector":"h3","title_fontsize":"","title_fontweight":"","title_text_color":"","title_margin_top":"","title_margin_bottom":"","subtitle":"","subtitle_fontsize":"","title_position":"sppb-text-center","columns_equal_height":"0","fullscreen":"0","no_gutter":"0","id":"","class":"","padding":"35px 0px 0px 0px","margin":"0px 0px 0px 0px","color":"","background_color":"","background_image":"","overlay":"","background_repeat":"no-repeat","background_size":"cover","background_attachment":"fixed","background_position":"0 0","background_video":"0","background_video_mp4":"","background_video_ogv":"","hidden_xs":"","hidden_sm":"","hidden_md":"","animation":"","animationduration":"300","animationdelay":"0"},"layout":"4,4,4","visibility":true,"columns":[{"id":1494493363803,"class_name":"col-md-4","visibility":true,"settings":{"color":"","background":"rgba(255, 255, 255, 1)","background_image":"","overlay":"","background_repeat":"no-repeat","background_size":"cover","background_attachment":"scroll","background_position":"0 0","padding":"","class":"","sm_col":"","xs_col":"","hidden_xs":"","hidden_sm":"","hidden_md":"","animation":"","animationduration":"300","animationdelay":"0"},"addons":[{"id":1494495472964,"name":"pricing","visibility":true,"settings":{"admin_label":"BASIC","title":"BASIC","price":"$70","duration":"","pricing_content":"\u2022 Fresh look\n\u2022 With trimmer\n\u2022 Limited statistic","background":"","color":"","button_text":"buy now","button_fontstyle":["uppercase"],"button_letterspace":"0","button_url":"#","button_target":"","button_type":"custom","button_appearance":"","button_background_color":"rgba(126, 211, 33, 1)","button_color":"#ffffff","button_background_color_hover":"rgba(100, 184, 27, 1)","button_color_hover":"rgba(255, 255, 255, 1)","button_size":"","button_shape":"rounded","button_block":"","button_icon":"","button_icon_position":"left","featured":"","alignment":"sppb-text-center","class":"","global_text_color":"","global_link_color":"","global_link_hover_color":"","global_use_background":"0","global_background_color":"","global_background_image":"","global_background_repeat":"no-repeat","global_background_size":"cover","global_background_attachment":"inherit","global_user_border":"0","global_border_width":"","global_border_color":"","global_boder_style":"none","global_border_radius":"","global_margin":"0 0 30px 0","global_padding":"","global_use_animation":"0","global_animation":"","global_animationduration":"300","global_animationdelay":"0","hidden_md":"0","hidden_sm":"0","hidden_xs":"0","acl":null},"htmlContent":"<div id=\"sppb-addon-1494495472964\" class=\"clearfix\" ><div class=\"sppb-addon sppb-addon-pricing-table sppb-text-center \"><div class=\"sppb-pricing-box \"><div class=\"sppb-pricing-header\"><div class=\"sppb-pricing-title\">BASIC<\/div><span class=\"sppb-pricing-price\">$70<\/span><\/div><div class=\"sppb-pricing-features\"><ul><li>\u2022 Fresh look<\/li><li>\u2022 With trimmer<\/li><li>\u2022 Limited statistic<\/li><\/ul><\/div><div class=\"sppb-pricing-footer\"><a href=\"#\" id=\"btn-1494495472964\" class=\"sppb-btn sppb-btn-custom sppb-btn-rounded\">buy now<\/a><\/div><\/div><\/div><\/div>","assets":{"css":"#sppb-addon-1494495472964 {\nmargin: 0 0 30px 0;\n}\n#sppb-addon-1494495472964 #btn-1494495472964.sppb-btn-custom{text-transform: uppercase;}#sppb-addon-1494495472964 #btn-1494495472964.sppb-btn-custom { background-color: rgba(126, 211, 33, 1); color: #ffffff;}#sppb-addon-1494495472964 #btn-1494495472964.sppb-btn-custom:hover { background-color: rgba(100, 184, 27, 1); color: rgba(255, 255, 255, 1);}"}}]},{"id":1494493363806,"class_name":"col-md-4","visibility":true,"settings":{"color":"","background":"rgba(126, 211, 33, 1)","background_image":"","overlay":"","background_repeat":"no-repeat","background_size":"cover","background_attachment":"scroll","background_position":"0 0","padding":"","class":"","sm_col":"","xs_col":"","hidden_xs":"","hidden_sm":"","hidden_md":"","animation":"","animationduration":"300","animationdelay":"0"},"addons":[{"id":1499332143030,"name":"pricing","visibility":true,"settings":{"admin_label":"ADVANCE","title":"ADVANCE","price":"$80","duration":"","pricing_content":"\u2022 Fresh look\n\u2022 With trimmer\n\u2022 Limited statistic","background":"","color":"","button_text":"buy now","button_fontstyle":["uppercase"],"button_letterspace":"0","button_url":"#","button_target":"","button_type":"custom","button_appearance":"","button_background_color":"rgba(255, 255, 255, 1)","button_color":"rgba(41, 51, 64, 1)","button_background_color_hover":"rgba(255, 255, 255, 1)","button_color_hover":"rgba(41, 51, 64, 1)","button_size":"","button_shape":"rounded","button_block":"","button_icon":"","button_icon_position":"left","featured":"","alignment":"sppb-text-center","class":"","global_text_color":"rgba(255, 255, 255, 1)","global_link_color":"","global_link_hover_color":"","global_use_background":"0","global_background_color":"","global_background_image":"","global_background_repeat":"no-repeat","global_background_size":"cover","global_background_attachment":"inherit","global_user_border":"0","global_border_width":"","global_border_color":"","global_boder_style":"none","global_border_radius":"","global_margin":"0 0 30px 0","global_padding":"","global_use_animation":"0","global_animation":"","global_animationduration":"300","global_animationdelay":"0","hidden_md":"0","hidden_sm":"0","hidden_xs":"0","acl":null},"htmlContent":"<div id=\"sppb-addon-1499332143030\" class=\"clearfix\" ><div class=\"sppb-addon sppb-addon-pricing-table sppb-text-center \"><div class=\"sppb-pricing-box \"><div class=\"sppb-pricing-header\"><div class=\"sppb-pricing-title\">ADVANCE<\/div><span class=\"sppb-pricing-price\">$80<\/span><\/div><div class=\"sppb-pricing-features\"><ul><li>\u2022 Fresh look<\/li><li>\u2022 With trimmer<\/li><li>\u2022 Limited statistic<\/li><\/ul><\/div><div class=\"sppb-pricing-footer\"><a href=\"#\" id=\"btn-1499332143030\" class=\"sppb-btn sppb-btn-custom sppb-btn-rounded\">buy now<\/a><\/div><\/div><\/div><\/div>","assets":{"css":"#sppb-addon-1499332143030 {\n\tcolor: rgba(255, 255, 255, 1);\nmargin: 0 0 30px 0;\n}\n#sppb-addon-1499332143030 #btn-1499332143030.sppb-btn-custom{text-transform: uppercase;}#sppb-addon-1499332143030 #btn-1499332143030.sppb-btn-custom { background-color: rgba(255, 255, 255, 1); color: rgba(41, 51, 64, 1);}#sppb-addon-1499332143030 #btn-1499332143030.sppb-btn-custom:hover { background-color: rgba(255, 255, 255, 1); color: rgba(41, 51, 64, 1);}"}}]},{"id":1494493363807,"class_name":"col-md-4","visibility":true,"settings":{"color":"","background":"rgba(255, 255, 255, 1)","background_image":"","overlay":"","background_repeat":"no-repeat","background_size":"cover","background_attachment":"scroll","background_position":"0 0","padding":"","class":"","sm_col":"","xs_col":"","hidden_xs":"","hidden_sm":"","hidden_md":"","animation":"","animationduration":"300","animationdelay":"0"},"addons":[{"id":1499332143017,"name":"pricing","visibility":true,"settings":{"admin_label":"BUSINESS","title":"BUSINESS","price":"$90","duration":"","pricing_content":"\u2022 Fresh look\n\u2022 With trimmer\n\u2022 Limited statistic","background":"","color":"","button_text":"buy now","button_fontstyle":["uppercase"],"button_letterspace":"0","button_url":"#","button_target":"","button_type":"custom","button_appearance":"","button_background_color":"rgba(126, 211, 33, 1)","button_color":"#ffffff","button_background_color_hover":"rgba(100, 184, 27, 1)","button_color_hover":"rgba(255, 255, 255, 1)","button_size":"","button_shape":"rounded","button_block":"","button_icon":"","button_icon_position":"left","featured":"","alignment":"sppb-text-center","class":"","global_text_color":"","global_link_color":"","global_link_hover_color":"","global_use_background":"0","global_background_color":"","global_background_image":"","global_background_repeat":"no-repeat","global_background_size":"cover","global_background_attachment":"inherit","global_user_border":"0","global_border_width":"","global_border_color":"","global_boder_style":"none","global_border_radius":"","global_margin":"0 0 30px 0","global_padding":"","global_use_animation":"0","global_animation":"","global_animationduration":"300","global_animationdelay":"0","hidden_md":"0","hidden_sm":"0","hidden_xs":"0","acl":null},"htmlContent":"<div id=\"sppb-addon-1499332143017\" class=\"clearfix\" ><div class=\"sppb-addon sppb-addon-pricing-table sppb-text-center \"><div class=\"sppb-pricing-box \"><div class=\"sppb-pricing-header\"><div class=\"sppb-pricing-title\">BUSINESS<\/div><span class=\"sppb-pricing-price\">$90<\/span><\/div><div class=\"sppb-pricing-features\"><ul><li>\u2022 Fresh look<\/li><li>\u2022 With trimmer<\/li><li>\u2022 Limited statistic<\/li><\/ul><\/div><div class=\"sppb-pricing-footer\"><a href=\"#\" id=\"btn-1499332143017\" class=\"sppb-btn sppb-btn-custom sppb-btn-rounded\">buy now<\/a><\/div><\/div><\/div><\/div>","assets":{"css":"#sppb-addon-1499332143017 {\nmargin: 0 0 30px 0;\n}\n#sppb-addon-1499332143017 #btn-1499332143017.sppb-btn-custom{text-transform: uppercase;}#sppb-addon-1499332143017 #btn-1499332143017.sppb-btn-custom { background-color: rgba(126, 211, 33, 1); color: #ffffff;}#sppb-addon-1499332143017 #btn-1499332143017.sppb-btn-custom:hover { background-color: rgba(100, 184, 27, 1); color: rgba(255, 255, 255, 1);}"}}]}]}]}]},{"id":1499665421793,"visibility":true,"collapse":false,"settings":{"admin_label":"Trusted Clients","title":"","heading_selector":"h3","title_fontsize":"","title_fontweight":"","title_text_color":"","title_margin_top":"","title_margin_bottom":"","subtitle":"","subtitle_fontsize":"","title_position":"sppb-text-center","columns_equal_height":"0","fullscreen":"0","no_gutter":"0","id":"","class":"","padding":"95px 0px 40px 0px","margin":"0px 0px 0px 0px","color":"","background_color":"rgba(250, 251, 255, 1)","background_image":"","overlay":"","background_repeat":"no-repeat","background_size":"cover","background_attachment":"fixed","background_position":"0 0","background_video":"0","background_video_mp4":"","background_video_ogv":"","hidden_xs":"","hidden_sm":"","hidden_md":"","animation":"","animationduration":"300","animationdelay":"0"},"layout":"12","columns":[{"id":1499665421794,"class_name":"col-md-12","visibility":true,"settings":{},"addons":[{"id":1499665421797,"name":"heading","visibility":true,"settings":{"admin_label":"Trusted By","title":"Trusted By","heading_selector":"h2","use_link":"0","title_link":"","link_new_tab":"0","title_fontsize":"36","title_fontstyle":null,"title_fontweight":"900","title_lineheight":"","title_letterspace":"0","title_margin":"0px 0px 10px 0px","title_padding":"0px 0px 0px 0px","alignment":"sppb-text-center","class":"","global_text_color":"rgba(68, 68, 68, 1)","global_link_color":"","global_link_hover_color":"","global_use_background":"0","global_background_color":"","global_background_image":"","global_background_repeat":"no-repeat","global_background_size":"cover","global_background_attachment":"inherit","global_user_border":"0","global_border_width":"","global_border_color":"","global_boder_style":"none","global_border_radius":"","global_margin":"","global_padding":"","global_use_animation":"0","global_animation":"","global_animationduration":"300","global_animationdelay":"0","hidden_md":"0","hidden_sm":"0","hidden_xs":"0","acl":null}},{"id":1499665421805,"name":"heading","visibility":true,"settings":{"admin_label":"Ready to wear bifocal contact","title":"Ready to wear bifocal contact","heading_selector":"h3","use_link":"0","title_link":"","link_new_tab":"0","title_fontsize":"18","title_fontstyle":null,"title_fontweight":"300","title_lineheight":"1.25","title_letterspace":"0","title_margin":"0px 0px 20px 0px","title_padding":"0px 0px 0px 0px","alignment":"sppb-text-center","class":"","global_text_color":"","global_link_color":"","global_link_hover_color":"","global_use_background":"0","global_background_color":"","global_background_image":"","global_background_repeat":"no-repeat","global_background_size":"cover","global_background_attachment":"inherit","global_user_border":"0","global_border_width":"","global_border_color":"","global_boder_style":"none","global_border_radius":"","global_margin":"","global_padding":"","global_use_animation":"0","global_animation":"","global_animationduration":"300","global_animationdelay":"0","hidden_md":"0","hidden_sm":"0","hidden_xs":"0","acl":null}},{"id":1499665421802,"type":"inner_row","settings":{"admin_label":"","title":"","heading_selector":"h3","title_fontsize":"","title_fontweight":"","title_text_color":"","title_margin_top":"","title_margin_bottom":"","subtitle":"","subtitle_fontsize":"","title_position":"sppb-text-center","columns_equal_height":"0","fullscreen":"0","no_gutter":"0","id":"","class":"","padding":"0px 0px 60px 0px","margin":"0px 0px 0px 0px","color":"","background_color":"","background_image":"","overlay":"","background_repeat":"no-repeat","background_size":"cover","background_attachment":"fixed","background_position":"0 0","background_video":"0","background_video_mp4":"","background_video_ogv":"","hidden_xs":"","hidden_sm":"","hidden_md":"","animation":"","animationduration":"300","animationdelay":"0"},"layout":"8,2,2","visibility":true,"columns":[{"id":1499424836206,"class_name":"col-md-2","visibility":true,"settings":{},"addons":[]},{"id":1499424836203,"class_name":"col-md-8","visibility":true,"settings":{},"addons":[{"id":1494489748680,"name":"clients","visibility":true,"settings":{"admin_label":"","title":"","heading_selector":"h3","title_fontsize":"","title_lineheight":"","title_fontstyle":null,"title_letterspace":"0","title_fontweight":"","title_text_color":"","title_margin_top":"","title_margin_bottom":"","count":"sppb-col-sm-4","alignment":"sppb-text-center","class":"","sp_clients_item":[{"title":"Client 1","image":"https://sppagebuilder.com/sample-data/images/2017/07/07/client-logo1.png","url":"#"},{"title":"Client 1","image":"https://sppagebuilder.com/sample-data/images/2017/07/07/client-logo2.png","url":"#"},{"title":"Client 1","image":"https://sppagebuilder.com/sample-data/images/2017/07/07/client-logo3.png","url":"#"}],"global_text_color":"","global_link_color":"","global_link_hover_color":"","global_use_background":"0","global_background_color":"","global_background_image":"","global_background_repeat":"no-repeat","global_background_size":"cover","global_background_attachment":"inherit","global_user_border":"0","global_border_width":"","global_border_color":"","global_boder_style":"none","global_border_radius":"","global_margin":"45px 0 70px 0","global_padding":"","global_use_animation":"0","global_animation":"","global_animationduration":"300","global_animationdelay":"0","hidden_md":"0","hidden_sm":"0","hidden_xs":"0","acl":null},"htmlContent":"<div id=\"sppb-addon-1494489748680\" class=\"clearfix\" ><div class=\"sppb-addon sppb-addon-clients sppb-text-center \"><div class=\"sppb-addon-content\"><div class=\"sppb-row\"><div class=\"sppb-col-sm-4\"><a target=\"_blank\" rel=\"nofollow\" href=\"#\"><img class=\"sppb-img-responsive\" src=\"https://sppagebuilder.com/sample-data/images/2017/07/07/client-logo1.png\" alt=\"Client 1\"><\/a><\/div><div class=\"sppb-col-sm-4\"><a target=\"_blank\" rel=\"nofollow\" href=\"#\"><img class=\"sppb-img-responsive\" src=\"https://sppagebuilder.com/sample-data/images/2017/07/07/client-logo2.png\" alt=\"Client 1\"><\/a><\/div><div class=\"sppb-col-sm-4\"><a target=\"_blank\" rel=\"nofollow\" href=\"#\"><img class=\"sppb-img-responsive\" src=\"https://sppagebuilder.com/sample-data/images/2017/07/07/client-logo3.png\" alt=\"Client 1\"><\/a><\/div><\/div><\/div><\/div><\/div>","assets":{"css":"#sppb-addon-1494489748680 {\nmargin: 45px 0 70px 0;\n}\n"}},{"id":1494485926744,"name":"clients","visibility":true,"settings":{"admin_label":"","title":"","heading_selector":"h3","title_fontsize":"","title_lineheight":"","title_fontstyle":null,"title_letterspace":"0","title_fontweight":"","title_text_color":"","title_margin_top":"","title_margin_bottom":"","count":"sppb-col-sm-3","alignment":"sppb-text-center","class":"","sp_clients_item":[{"title":"Client 1","image":"https://sppagebuilder.com/sample-data/images/2017/07/07/client-logo4.png","url":"#"},{"title":"Client 1","image":"https://sppagebuilder.com/sample-data/images/2017/07/07/client-logo5.png","url":"#"},{"title":"Client 1","image":"https://sppagebuilder.com/sample-data/images/2017/07/07/client-logo6.png","url":"#"},{"title":"Client 1","image":"https://sppagebuilder.com/sample-data/images/2017/07/07/client-logo7.png","url":"#"}],"global_text_color":"","global_link_color":"","global_link_hover_color":"","global_use_background":"0","global_background_color":"","global_background_image":"","global_background_repeat":"no-repeat","global_background_size":"cover","global_background_attachment":"inherit","global_user_border":"0","global_border_width":"","global_border_color":"","global_boder_style":"none","global_border_radius":"","global_margin":"","global_padding":"","global_use_animation":"0","global_animation":"","global_animationduration":"300","global_animationdelay":"0","hidden_md":"0","hidden_sm":"0","hidden_xs":"0","acl":null},"htmlContent":"<div id=\"sppb-addon-1494485926744\" class=\"clearfix\" ><div class=\"sppb-addon sppb-addon-clients sppb-text-center \"><div class=\"sppb-addon-content\"><div class=\"sppb-row\"><div class=\"sppb-col-sm-3\"><a target=\"_blank\" rel=\"nofollow\" href=\"#\"><img class=\"sppb-img-responsive\" src=\"https://sppagebuilder.com/sample-data/images/2017/07/07/client-logo4.png\" alt=\"Client 1\"><\/a><\/div><div class=\"sppb-col-sm-3\"><a target=\"_blank\" rel=\"nofollow\" href=\"#\"><img class=\"sppb-img-responsive\" src=\"https://sppagebuilder.com/sample-data/images/2017/07/07/client-logo5.png\" alt=\"Client 1\"><\/a><\/div><div class=\"sppb-col-sm-3\"><a target=\"_blank\" rel=\"nofollow\" href=\"#\"><img class=\"sppb-img-responsive\" src=\"https://sppagebuilder.com/sample-data/images/2017/07/07/client-logo6.png\" alt=\"Client 1\"><\/a><\/div><div class=\"sppb-col-sm-3\"><a target=\"_blank\" rel=\"nofollow\" href=\"#\"><img class=\"sppb-img-responsive\" src=\"https://sppagebuilder.com/sample-data/images/2017/07/07/client-logo7.png\" alt=\"Client 1\"><\/a><\/div><\/div><\/div><\/div><\/div>","assets":[]}]},{"id":1499424836207,"class_name":"col-md-2","visibility":true,"settings":{},"addons":[]}]}]}]},{"id":1499332143051,"visibility":true,"collapse":false,"settings":{"admin_label":"Customer Reviews","title":"","heading_selector":"h3","title_fontsize":"","title_fontweight":"","title_text_color":"","title_margin_top":"","title_margin_bottom":"","subtitle":"","subtitle_fontsize":"","title_position":"sppb-text-center","columns_equal_height":"0","fullscreen":"0","no_gutter":"0","id":"","class":"","padding":"95px 0px 50px 0px","margin":"0px 0px 0px 0px","color":"","background_color":"","background_image":"","overlay":"","background_repeat":"no-repeat","background_size":"cover","background_attachment":"fixed","background_position":"0 0","background_video":"0","background_video_mp4":"","background_video_ogv":"","hidden_xs":"","hidden_sm":"","hidden_md":"","animation":"","animationduration":"300","animationdelay":"0"},"layout":"12","columns":[{"id":1499332143052,"class_name":"col-md-12","visibility":true,"settings":{},"addons":[{"id":1499665542781,"name":"heading","visibility":true,"settings":{"admin_label":"Customer Reviews","title":"Customer Reviews","heading_selector":"h2","use_link":"0","title_link":"","link_new_tab":"0","title_fontsize":"36","title_fontstyle":null,"title_fontweight":"900","title_lineheight":"","title_letterspace":"0","title_margin":"0px 0px 10px 0px","title_padding":"0px 0px 0px 0px","alignment":"sppb-text-center","class":"","global_text_color":"rgba(68, 68, 68, 1)","global_link_color":"","global_link_hover_color":"","global_use_background":"0","global_background_color":"","global_background_image":"","global_background_repeat":"no-repeat","global_background_size":"cover","global_background_attachment":"inherit","global_user_border":"0","global_border_width":"","global_border_color":"","global_boder_style":"none","global_border_radius":"","global_margin":"","global_padding":"","global_use_animation":"0","global_animation":"","global_animationduration":"300","global_animationdelay":"0","hidden_md":"0","hidden_sm":"0","hidden_xs":"0","acl":null}},{"id":1499665542784,"name":"heading","visibility":true,"settings":{"admin_label":"Shure\u2019s Music Phone Adapter (MPA) is our favorite","title":"Shure\u2019s Music Phone Adapter (MPA) is our favorite","heading_selector":"h3","use_link":"0","title_link":"","link_new_tab":"0","title_fontsize":"18","title_fontstyle":null,"title_fontweight":"300","title_lineheight":"1.25","title_letterspace":"0","title_margin":"0px 0px 20px 0px","title_padding":"0px 0px 0px 0px","alignment":"sppb-text-center","class":"","global_text_color":"","global_link_color":"","global_link_hover_color":"","global_use_background":"0","global_background_color":"","global_background_image":"","global_background_repeat":"no-repeat","global_background_size":"cover","global_background_attachment":"inherit","global_user_border":"0","global_border_width":"","global_border_color":"","global_boder_style":"none","global_border_radius":"","global_margin":"","global_padding":"","global_use_animation":"0","global_animation":"","global_animationduration":"300","global_animationdelay":"0","hidden_md":"0","hidden_sm":"0","hidden_xs":"0","acl":null}},{"id":1499332876822,"type":"inner_row","settings":{"admin_label":"","title":"","heading_selector":"h3","title_fontsize":"","title_fontweight":"","title_text_color":"","title_margin_top":"","title_margin_bottom":"","subtitle":"","subtitle_fontsize":"","title_position":"sppb-text-center","columns_equal_height":"0","fullscreen":"0","no_gutter":"0","id":"","class":"","padding":"50px 0px 50px 0px","margin":"0px 0px 0px 0px","color":"","background_color":"","background_image":"","overlay":"","background_repeat":"no-repeat","background_size":"cover","background_attachment":"fixed","background_position":"0 0","background_video":"0","background_video_mp4":"","background_video_ogv":"","hidden_xs":"","hidden_sm":"","hidden_md":"","animation":"","animationduration":"300","animationdelay":"0"},"layout":"2,8,2","visibility":true,"columns":[{"id":1499332876823,"class_name":"col-md-2","visibility":true,"settings":{},"addons":[]},{"id":1499332876826,"class_name":"col-md-8","visibility":true,"settings":{},"addons":[{"id":1499317725401,"name":"testimonialpro","visibility":true,"settings":{"autoplay":"1","arrows":"1","class":"","sp_testimonialpro_item":[{"title":"Jon Don","avatar":"https://sppagebuilder.com/sample-data/images/2017/07/06/client1.png","avatar_style":"sppb-img-circle","message":"\tIt is a long established fact that a reader will be distracted by the readable content of a page when looking at its layout. The point of using Lorem Ipsum is that it has a more-or-less normal distribution of letters, as opposed to using 'Content here, content here', making it look like readable English.","url":""},{"title":"Selena Gomez","avatar":"https://sppagebuilder.com/sample-data/images/2017/07/06/client2.png","avatar_style":"sppb-img-circle","message":"\tIt is a long established fact that a reader will be distracted by the readable content of a page when looking at its layout. The point of using Lorem Ipsum is that it has a more-or-less normal distribution of letters, as opposed to using 'Content here, content here', making it look like readable English.","url":""}],"global_text_color":"","global_link_color":"","global_link_hover_color":"","global_use_background":"0","global_background_color":"","global_background_image":"","global_background_repeat":"no-repeat","global_background_size":"cover","global_background_attachment":"inherit","global_user_border":"0","global_border_width":"","global_border_color":"","global_boder_style":"none","global_border_radius":"","global_margin":"","global_padding":"","global_use_animation":"0","global_animation":"","global_animationduration":"300","global_animationdelay":"0","hidden_md":"0","hidden_sm":"0","hidden_xs":"0","acl":null,"dynamicId":1499317725401},"htmlContent":"<div id=\"sppb-addon-1499317725401\" class=\"clearfix\" ><div class=\"sppb-carousel sppb-testimonial-pro sppb-slide  sppb-text-center\" data-sppb-ride=\"sppb-carousel\"><div class=\"sppb-carousel-inner\"><div class=\"sppb-item\"><img class=\"sppb-img-responsive sppb-avatar sppb-img-circle\" src=\"https://sppagebuilder.com/sample-data/images/2017/07/06/client1.png\" alt=\"\"><div class=\"sppb-testimonial-message\">\tIt is a long established fact that a reader will be distracted by the readable content of a page when looking at its layout. The point of using Lorem Ipsum is that it has a more-or-less normal distribution of letters, as opposed to using 'Content here, content here', making it look like readable English.<\/div><div class=\"sppb-testimonial-client\"><strong class=\"pro-client-name\">Jon Don<\/strong><\/div><\/div><div class=\"sppb-item\"><img class=\"sppb-img-responsive sppb-avatar sppb-img-circle\" src=\"https://sppagebuilder.com/sample-data/images/2017/07/06/client2.png\" alt=\"\"><div class=\"sppb-testimonial-message\">\tIt is a long established fact that a reader will be distracted by the readable content of a page when looking at its layout. The point of using Lorem Ipsum is that it has a more-or-less normal distribution of letters, as opposed to using 'Content here, content here', making it look like readable English.<\/div><div class=\"sppb-testimonial-client\"><strong class=\"pro-client-name\">Selena Gomez<\/strong><\/div><\/div><\/div><a class=\"left sppb-carousel-control\" role=\"button\" data-slide=\"prev\"><i class=\"fa fa-angle-left\"><\/i><\/a><a class=\"right sppb-carousel-control\" role=\"button\" data-slide=\"next\"><i class=\"fa fa-angle-right\"><\/i><\/a><\/div><\/div>","assets":[]}]},{"id":1499332876827,"class_name":"col-md-2","visibility":true,"settings":{},"addons":[]}]}]}]}]
