[{"id":1494923187257,"visibility":true,"collapse":false,"settings":{"admin_label":"","title":"","heading_selector":"h3","title_fontsize":"","title_fontweight":"","title_text_color":"","title_margin_top":"","title_margin_bottom":"","subtitle":"","subtitle_fontsize":"","title_position":"sppb-text-center","columns_equal_height":"0","fullscreen":"0","no_gutter":"0","id":"","class":"","padding":"150px 0px 150px 0px","margin":"0px 0px 0px 0px","color":"rgba(255, 255, 255, 1)","background_color":"","background_image":"https://sppagebuilder.com/sample-data/images/2017/05/16/hero-img5.jpg","overlay":"","background_repeat":"no-repeat","background_size":"cover","background_attachment":"inherit","background_position":"50% 50%","background_video":"0","background_video_mp4":"","background_video_ogv":"","hidden_xs":"","hidden_sm":"","hidden_md":"","animation":"","animationduration":"300","animationdelay":"0"},"layout":"5,7","columns":[{"id":1494923187258,"class_name":"col-md-5","visibility":true,"settings":{},"addons":[{"id":1494925638677,"name":"heading","visibility":true,"settings":{"admin_label":"Turn Fat into FIT!","title":"Turn Fat into FIT!","heading_selector":"h2","use_link":"0","title_link":"","link_new_tab":"0","title_fontsize":"20","title_fontstyle":["uppercase"],"title_fontweight":"600","title_lineheight":"","title_letterspace":"0","title_margin":"0px 0px 15px 0px","title_padding":"0px 0px 0px 0px","alignment":"sppb-text-left","class":"","global_text_color":"rgba(248, 232, 28, 1)","global_link_color":"","global_link_hover_color":"","global_use_background":"0","global_background_color":"","global_background_image":"","global_background_repeat":"no-repeat","global_background_size":"cover","global_background_attachment":"inherit","global_user_border":"0","global_border_width":"","global_border_color":"","global_boder_style":"none","global_border_radius":"","global_margin":"","global_padding":"","global_use_animation":"1","global_animation":"fadeInDown","global_animationduration":"700","global_animationdelay":"300","hidden_md":"0","hidden_sm":"0","hidden_xs":"0","acl":null}},{"id":1494928303657,"name":"heading","visibility":true,"settings":{"admin_label":"Fitness is not a destination it is a way of life.","title":"Fitness is not a destination it is a way of life.","heading_selector":"h2","use_link":"0","title_link":"","link_new_tab":"0","title_fontsize":"48","title_fontstyle":null,"title_fontweight":"700","title_lineheight":"1.3","title_letterspace":"0","title_margin":"0px 0px 30px 0px","title_padding":"0px 0px 0px 0px","alignment":"sppb-text-left","class":"","global_text_color":"","global_link_color":"","global_link_hover_color":"","global_use_background":"0","global_background_color":"","global_background_image":"","global_background_repeat":"no-repeat","global_background_size":"cover","global_background_attachment":"inherit","global_user_border":"0","global_border_width":"","global_border_color":"","global_boder_style":"none","global_border_radius":"","global_margin":"","global_padding":"","global_use_animation":"1","global_animation":"fadeInDown","global_animationduration":"700","global_animationdelay":"150","hidden_md":"0","hidden_sm":"0","hidden_xs":"0","acl":null}},{"id":1494929185704,"name":"modal","visibility":true,"settings":{"admin_label":"","modal_selector":"image","button_text":"Button Text","button_type":"default","button_fontstyle":null,"button_letterspace":"0","button_padding":"","button_background_color":"#444444","button_color":"#ffffff","button_background_color_hover":"#222222","button_color_hover":"#ffffff","button_size":"","button_appearance":"","button_shape":"rounded","button_block":"","button_icon":"","button_icon_position":"left","selector_image":"https://sppagebuilder.com/sample-data/images/2017/05/16/video-play.png","selector_icon_name":"","selector_icon_size":"36","selector_icon_color":"","selector_icon_background":"","selector_icon_border_color":"","selector_icon_border_width":"","selector_icon_border_radius":"","selector_icon_padding":"","modal_content_type":"video","modal_content_text":"\t\tKevin chicken fatback sirloin ball tip, flank meatloaf t-bone. Meatloaf shankle swine pancetta biltong capicola ham hock meatball. Shoulder bacon andouille ground round pancetta pastrami. Sirloin beef ribs tenderloin rump corned beef filet mignon capicola kielbasa drumstick chuck turducken beef t-bone ribeye. Pork loin ground round t-bone chuck beef ribs swine pastrami cow. Venison tenderloin drumstick, filet mignon salami jowl sausage shank hamburger meatball ribeye kevin tri-tip. Swine kielbasa tenderloin fatback pork shankle andouille, flank frankfurter jerky chicken tri-tip jowl leberkas.&lt;br&gt;&lt;br&gt;Pancetta chicken pork belly beef cow kielbasa fatback sirloin biltong andouille bacon. Sirloin beef tenderloin porchetta, jerky tri-tip andouille sausage landjaeger shank bresaola short ribs tongue meatloaf fatback. Kielbasa pancetta shoulder tri-tip pastrami filet mignon ham corned beef prosciutto doner beef ribs. Doner sausage ham hock, shoulder sirloin pancetta boudin filet mignon chuck. Meatball ham hock beef, filet mignon tri-tip andouille venison ground round chuck turducken drumstick.","modal_content_image":"","modal_content_video_url":"https://www.youtube.com/watch?v=fDlDl5IEaB8","modal_popup_width":"760","modal_popup_height":"440","alignment":"sppb-text-left","class":"","global_text_color":"","global_link_color":"","global_link_hover_color":"","global_use_background":"0","global_background_color":"","global_background_image":"","global_background_repeat":"no-repeat","global_background_size":"cover","global_background_attachment":"inherit","global_user_border":"0","global_border_width":"","global_border_color":"","global_boder_style":"none","global_border_radius":"","global_margin":"","global_padding":"","global_use_animation":"1","global_animation":"fadeInDown","global_animationduration":"700","global_animationdelay":"","hidden_md":"0","hidden_sm":"0","hidden_xs":"0","acl":null}}]},{"id":1494928270248,"class_name":"col-md-7","visibility":true,"settings":{},"addons":[]}]},{"id":1494928270253,"visibility":true,"collapse":false,"settings":{"admin_label":"","title":"","heading_selector":"h3","title_fontsize":"","title_fontweight":"","title_text_color":"","title_margin_top":"","title_margin_bottom":"","subtitle":"","subtitle_fontsize":"","title_position":"sppb-text-center","columns_equal_height":"0","fullscreen":"0","no_gutter":"0","id":"","class":"","padding":"100px 0px 70px 0px","margin":"0px 0px 0px 0px","color":"rgba(255, 255, 255, 1)","background_color":"rgba(15, 15, 15, 1)","background_image":"","overlay":"","background_repeat":"no-repeat","background_size":"cover","background_attachment":"fixed","background_position":"0 0","background_video":"0","background_video_mp4":"","background_video_ogv":"","hidden_xs":"","hidden_sm":"","hidden_md":"","animation":"","animationduration":"300","animationdelay":"0"},"layout":"4,4,4","columns":[{"id":1494928270254,"class_name":"col-md-4","visibility":true,"settings":{"color":"","background":"","background_image":"","overlay":"","background_repeat":"no-repeat","background_size":"cover","background_attachment":"scroll","background_position":"0 0","padding":"0 0 30px 0","class":"","sm_col":"","xs_col":"","hidden_xs":"","hidden_sm":"","hidden_md":"","animation":"","animationduration":"300","animationdelay":"0"},"addons":[{"id":1494931573736,"name":"heading","visibility":true,"settings":{"admin_label":"Fitness makes your dreams reality……","title":"Fitness makes your<br> dreams reality……","heading_selector":"h2","use_link":"0","title_link":"","link_new_tab":"0","title_fontsize":"30","title_fontstyle":null,"title_fontweight":"700","title_lineheight":"1.4","title_letterspace":"0","title_margin":"0px 0px 30px 0px","title_padding":"0px 0px 0px 0px","alignment":"sppb-text-left","class":"","global_text_color":"","global_link_color":"","global_link_hover_color":"","global_use_background":"0","global_background_color":"","global_background_image":"","global_background_repeat":"no-repeat","global_background_size":"cover","global_background_attachment":"inherit","global_user_border":"0","global_border_width":"","global_border_color":"","global_boder_style":"none","global_border_radius":"","global_margin":"","global_padding":"","global_use_animation":"0","global_animation":"","global_animationduration":"300","global_animationdelay":"0","hidden_md":"0","hidden_sm":"0","hidden_xs":"0","acl":null}},{"id":1494931649672,"name":"button","visibility":true,"settings":{"admin_label":"Learn More","text":"Learn More","alignment":"sppb-text-left","fontstyle":["uppercase","bold"],"letterspace":"0","url":"#","target":"","type":"custom","appearance":"","background_color":"rgba(248, 232, 28, 1)","color":"rgba(36, 36, 36, 1)","background_color_hover":"rgba(255, 255, 255, 1)","color_hover":"rgba(36, 36, 36, 1)","button_padding":"13px 40px 13px 40px","size":"","shape":"rounded","block":"","icon":"","icon_position":"left","class":"","global_text_color":"","global_link_color":"","global_link_hover_color":"","global_use_background":"0","global_background_color":"","global_background_image":"","global_background_repeat":"no-repeat","global_background_size":"cover","global_background_attachment":"inherit","global_user_border":"0","global_border_width":"","global_border_color":"","global_boder_style":"none","global_border_radius":"","global_margin":"","global_padding":"","global_use_animation":"0","global_animation":"","global_animationduration":"300","global_animationdelay":"0","hidden_md":"0","hidden_sm":"0","hidden_xs":"0","acl":null}}]},{"id":1494928270255,"class_name":"col-md-4","visibility":true,"settings":{},"addons":[{"id":1494932635518,"name":"feature","visibility":true,"settings":{"admin_label":"Analysis Your Goal","title":"Analysis Your Goal","heading_selector":"h3","title_position":"after","title_fontsize":"20","title_lineheight":"","title_fontstyle":null,"title_letterspace":"0","title_fontweight":"600","title_text_color":"rgba(255, 255, 255, 1)","title_margin_top":"25","title_margin_bottom":"","title_url":"","url_appear":"title","feature_type":"icon","feature_image":"","icon_name":"fa-flask","icon_size":"48","icon_color":"rgba(73, 144, 226, 1)","icon_background":"","icon_border_color":"","icon_border_width":"","icon_border_radius":"","icon_margin_top":"","icon_margin_bottom":"","icon_padding":"","text":"\t\t\t\t\t<p>Lorem Ipsum is simply dummy text of the printing and typesetting industry.</p>","alignment":"sppb-text-left","class":"","global_text_color":"rgba(151, 151, 151, 1)","global_link_color":"","global_link_hover_color":"","global_use_background":"0","global_background_color":"","global_background_image":"","global_background_repeat":"no-repeat","global_background_size":"cover","global_background_attachment":"inherit","global_user_border":"0","global_border_width":"","global_border_color":"","global_boder_style":"none","global_border_radius":"","global_margin":"0 0 50px 0","global_padding":"","global_use_animation":"0","global_animation":"","global_animationduration":"300","global_animationdelay":"0","hidden_md":"0","hidden_sm":"0","hidden_xs":"0","acl":null}},{"id":1494928270296,"name":"feature","visibility":true,"settings":{"admin_label":"Improve Performance","title":"Improve Performance","heading_selector":"h3","title_position":"after","title_fontsize":"20","title_lineheight":"","title_fontstyle":null,"title_letterspace":"0","title_fontweight":"600","title_text_color":"rgba(255, 255, 255, 1)","title_margin_top":"25","title_margin_bottom":"","title_url":"","url_appear":"title","feature_type":"icon","feature_image":"","icon_name":"fa-check","icon_size":"48","icon_color":"rgba(248, 232, 28, 1)","icon_background":"","icon_border_color":"","icon_border_width":"","icon_border_radius":"","icon_margin_top":"","icon_margin_bottom":"","icon_padding":"","text":"\t\t\t\t\t<p>Lorem Ipsum is simply dummy text of the printing and typesetting industry.</p>","alignment":"sppb-text-left","class":"","global_text_color":"rgba(151, 151, 151, 1)","global_link_color":"","global_link_hover_color":"","global_use_background":"0","global_background_color":"","global_background_image":"","global_background_repeat":"no-repeat","global_background_size":"cover","global_background_attachment":"inherit","global_user_border":"0","global_border_width":"","global_border_color":"","global_boder_style":"none","global_border_radius":"","global_margin":"0 0 30px 0","global_padding":"","global_use_animation":"0","global_animation":"","global_animationduration":"300","global_animationdelay":"0","hidden_md":"0","hidden_sm":"0","hidden_xs":"0","acl":null}}]},{"id":1494928270256,"class_name":"col-md-4","visibility":true,"settings":{},"addons":[{"id":1494928270293,"name":"feature","visibility":true,"settings":{"admin_label":"Work Hard on it","title":"Work Hard on it","heading_selector":"h3","title_position":"after","title_fontsize":"20","title_lineheight":"","title_fontstyle":null,"title_letterspace":"0","title_fontweight":"600","title_text_color":"rgba(255, 255, 255, 1)","title_margin_top":"25","title_margin_bottom":"","title_url":"","url_appear":"title","feature_type":"icon","feature_image":"","icon_name":"fa-heart","icon_size":"48","icon_color":"rgba(144, 18, 254, 1)","icon_background":"","icon_border_color":"","icon_border_width":"","icon_border_radius":"","icon_margin_top":"","icon_margin_bottom":"","icon_padding":"","text":"\t\t\t\t\t\t<p>Lorem Ipsum is simply dummy text of the printing and typesetting industry.</p>","alignment":"sppb-text-left","class":"","global_text_color":"rgba(151, 151, 151, 1)","global_link_color":"","global_link_hover_color":"","global_use_background":"0","global_background_color":"","global_background_image":"","global_background_repeat":"no-repeat","global_background_size":"cover","global_background_attachment":"inherit","global_user_border":"0","global_border_width":"","global_border_color":"","global_boder_style":"none","global_border_radius":"","global_margin":"0 0 50px 0","global_padding":"","global_use_animation":"0","global_animation":"","global_animationduration":"300","global_animationdelay":"0","hidden_md":"0","hidden_sm":"0","hidden_xs":"0","acl":null}},{"id":1494928270290,"name":"feature","visibility":true,"settings":{"admin_label":"Achieve Destiny","title":"Achieve Destiny","heading_selector":"h3","title_position":"after","title_fontsize":"20","title_lineheight":"","title_fontstyle":null,"title_letterspace":"0","title_fontweight":"600","title_text_color":"rgba(255, 255, 255, 1)","title_margin_top":"25","title_margin_bottom":"","title_url":"","url_appear":"title","feature_type":"icon","feature_image":"","icon_name":"fa-trophy","icon_size":"48","icon_color":"rgba(126, 211, 33, 1)","icon_background":"","icon_border_color":"","icon_border_width":"","icon_border_radius":"","icon_margin_top":"","icon_margin_bottom":"","icon_padding":"","text":"\t\t\t\t\t\t<p>Lorem Ipsum is simply dummy text of the printing and typesetting industry.</p>","alignment":"sppb-text-left","class":"","global_text_color":"rgba(151, 151, 151, 1)","global_link_color":"","global_link_hover_color":"","global_use_background":"0","global_background_color":"","global_background_image":"","global_background_repeat":"no-repeat","global_background_size":"cover","global_background_attachment":"inherit","global_user_border":"0","global_border_width":"","global_border_color":"","global_boder_style":"none","global_border_radius":"","global_margin":"0 0 30px 0","global_padding":"","global_use_animation":"0","global_animation":"","global_animationduration":"300","global_animationdelay":"0","hidden_md":"0","hidden_sm":"0","hidden_xs":"0","acl":null}}]}]},{"id":1494933252608,"visibility":true,"collapse":false,"settings":{"admin_label":"","title":"","heading_selector":"h3","title_fontsize":"","title_fontweight":"","title_text_color":"","title_margin_top":"","title_margin_bottom":"","subtitle":"","subtitle_fontsize":"","title_position":"sppb-text-center","columns_equal_height":"0","fullscreen":"0","no_gutter":"0","id":"","class":"","padding":"95px 0px 70px 0px","margin":"0px 0px 0px 0px","color":"rgba(255, 255, 255, 1)","background_color":"rgba(8, 8, 8, 1)","background_image":"","overlay":"","background_repeat":"no-repeat","background_size":"cover","background_attachment":"fixed","background_position":"0 0","background_video":"0","background_video_mp4":"","background_video_ogv":"","hidden_xs":"","hidden_sm":"","hidden_md":"","animation":"","animationduration":"300","animationdelay":"0"},"layout":"12","columns":[{"id":1494933252609,"class_name":"col-md-12","visibility":true,"settings":{},"addons":[{"id":1494933328372,"name":"heading","visibility":true,"settings":{"admin_label":"Our Team","title":"Our Team","heading_selector":"h2","use_link":"0","title_link":"","link_new_tab":"0","title_fontsize":"48","title_fontstyle":null,"title_fontweight":"700","title_lineheight":"","title_letterspace":"0","title_margin":"0px 0px 30px 0px","title_padding":"0px 0px 0px 0px","alignment":"sppb-text-center","class":"","global_text_color":"","global_link_color":"","global_link_hover_color":"","global_use_background":"0","global_background_color":"","global_background_image":"","global_background_repeat":"no-repeat","global_background_size":"cover","global_background_attachment":"inherit","global_user_border":"0","global_border_width":"","global_border_color":"","global_boder_style":"none","global_border_radius":"","global_margin":"","global_padding":"","global_use_animation":"0","global_animation":"","global_animationduration":"300","global_animationdelay":"0","hidden_md":"0","hidden_sm":"0","hidden_xs":"0","acl":null}},{"id":1494933252612,"type":"inner_row","settings":{"admin_label":"","title":"","heading_selector":"h3","title_fontsize":"","title_fontweight":"","title_text_color":"","title_margin_top":"","title_margin_bottom":"","subtitle":"","subtitle_fontsize":"","title_position":"sppb-text-center","columns_equal_height":"0","fullscreen":"0","no_gutter":"0","id":"","class":"","padding":"50px 0px 0px 0px","margin":"0px 0px 0px 0px","color":"","background_color":"","background_image":"","overlay":"","background_repeat":"no-repeat","background_size":"cover","background_attachment":"fixed","background_position":"0 0","background_video":"0","background_video_mp4":"","background_video_ogv":"","hidden_xs":"","hidden_sm":"","hidden_md":"","animation":"","animationduration":"300","animationdelay":"0"},"layout":"3,3,3,3","visibility":true,"columns":[{"id":1494933252613,"class_name":"col-md-3","visibility":true,"settings":{"color":"","background":"","background_image":"","overlay":"","background_repeat":"no-repeat","background_size":"cover","background_attachment":"scroll","background_position":"0 0","padding":"","class":"","sm_col":"col-sm-6","xs_col":"","hidden_xs":"","hidden_sm":"","hidden_md":"","animation":"","animationduration":"300","animationdelay":"0"},"addons":[{"id":1494997860903,"name":"person","visibility":true,"settings":{"admin_label":"","image":"https://sppagebuilder.com/sample-data/images/2017/05/24/person101.jpg","name":"Martin Garrix","designation":"CEO & Founder","email":"","introtext":"","facebook":"","twitter":"","google_plus":"","youtube":"","linkedin":"","pinterest":"","flickr":"","dribbble":"","behance":"","instagram":"","social_position":"after","alignment":"sppb-text-left","class":"","global_text_color":"","global_link_color":"","global_link_hover_color":"","global_use_background":"0","global_background_color":"","global_background_image":"","global_background_repeat":"no-repeat","global_background_size":"cover","global_background_attachment":"inherit","global_user_border":"0","global_border_width":"","global_border_color":"","global_boder_style":"none","global_border_radius":"","global_margin":"0 0 30px 0","global_padding":"","global_use_animation":"1","global_animation":"fadeInLeft","global_animationduration":"700","global_animationdelay":"600","hidden_md":"0","hidden_sm":"0","hidden_xs":"0","acl":null},"htmlContent":"<div id=\"sppb-addon-1494997860903\" class=\"sppb-wow fadeInLeft clearfix\"  data-sppb-wow-duration=\"700ms\" data-sppb-wow-delay=\"600ms\" ><div class=\"sppb-addon sppb-addon-persion sppb-text-left \"><div class=\"sppb-addon-content\"><div class=\"sppb-person-image\"><img class=\"sppb-img-responsive\" src=\"https://sppagebuilder.com/sample-data/images/2017/05/24/person101.jpg\" alt=\"Martin Garrix\"></div><div class=\"sppb-person-information\"><span class=\"sppb-person-name\">Martin Garrix</span><span class=\"sppb-person-designation\">CEO & Founder</span></div></div></div></div>","assets":{"css":"#sppb-addon-1494997860903 {\nmargin: 0 0 30px 0;\n}\n"}}]},{"id":1494933252618,"class_name":"col-md-3","visibility":true,"settings":{"color":"","background":"","background_image":"","overlay":"","background_repeat":"no-repeat","background_size":"cover","background_attachment":"scroll","background_position":"0 0","padding":"","class":"","sm_col":"col-sm-6","xs_col":"","hidden_xs":"","hidden_sm":"","hidden_md":"","animation":"","animationduration":"300","animationdelay":"0"},"addons":[{"id":1494997664948,"name":"person","visibility":true,"settings":{"admin_label":"","image":"https://sppagebuilder.com/sample-data/images/2017/05/24/person11.jpg","name":"David Guetta","designation":"Trainer","email":"","introtext":"","facebook":"","twitter":"","google_plus":"","youtube":"","linkedin":"","pinterest":"","flickr":"","dribbble":"","behance":"","instagram":"","social_position":"after","alignment":"sppb-text-left","class":"","global_text_color":"","global_link_color":"","global_link_hover_color":"","global_use_background":"0","global_background_color":"","global_background_image":"","global_background_repeat":"no-repeat","global_background_size":"cover","global_background_attachment":"inherit","global_user_border":"0","global_border_width":"","global_border_color":"","global_boder_style":"none","global_border_radius":"","global_margin":"0 0 30px 0","global_padding":"","global_use_animation":"1","global_animation":"fadeInLeft","global_animationduration":"700","global_animationdelay":"450","hidden_md":"0","hidden_sm":"0","hidden_xs":"0","acl":null},"htmlContent":"<div id=\"sppb-addon-1494997664948\" class=\"sppb-wow fadeInLeft clearfix\"  data-sppb-wow-duration=\"700ms\" data-sppb-wow-delay=\"450ms\" ><div class=\"sppb-addon sppb-addon-persion sppb-text-left \"><div class=\"sppb-addon-content\"><div class=\"sppb-person-image\"><img class=\"sppb-img-responsive\" src=\"https://sppagebuilder.com/sample-data/images/2017/05/24/person11.jpg\" alt=\"David Guetta\"></div><div class=\"sppb-person-information\"><span class=\"sppb-person-name\">David Guetta</span><span class=\"sppb-person-designation\">Trainer</span></div></div></div></div>","assets":{"css":"#sppb-addon-1494997664948 {\nmargin: 0 0 30px 0;\n}\n"}}]},{"id":1494933252619,"class_name":"col-md-3","visibility":true,"settings":{"color":"","background":"","background_image":"","overlay":"","background_repeat":"no-repeat","background_size":"cover","background_attachment":"scroll","background_position":"0 0","padding":"","class":"","sm_col":"col-sm-6","xs_col":"","hidden_xs":"","hidden_sm":"","hidden_md":"","animation":"","animationduration":"300","animationdelay":"0"},"addons":[{"id":1494997664943,"name":"person","visibility":true,"settings":{"admin_label":"","image":"https://sppagebuilder.com/sample-data/images/2017/05/24/person12.jpg","name":"David Guetta","designation":"CTO","email":"","introtext":"","facebook":"","twitter":"","google_plus":"","youtube":"","linkedin":"","pinterest":"","flickr":"","dribbble":"","behance":"","instagram":"","social_position":"after","alignment":"sppb-text-left","class":"","global_text_color":"","global_link_color":"","global_link_hover_color":"","global_use_background":"0","global_background_color":"","global_background_image":"","global_background_repeat":"no-repeat","global_background_size":"cover","global_background_attachment":"inherit","global_user_border":"0","global_border_width":"","global_border_color":"","global_boder_style":"none","global_border_radius":"","global_margin":"0 0 30px 0","global_padding":"","global_use_animation":"1","global_animation":"fadeInLeft","global_animationduration":"700","global_animationdelay":"300","hidden_md":"0","hidden_sm":"0","hidden_xs":"0","acl":null},"htmlContent":"<div id=\"sppb-addon-1494997664943\" class=\"sppb-wow fadeInLeft clearfix\"  data-sppb-wow-duration=\"700ms\" data-sppb-wow-delay=\"300ms\" ><div class=\"sppb-addon sppb-addon-persion sppb-text-left \"><div class=\"sppb-addon-content\"><div class=\"sppb-person-image\"><img class=\"sppb-img-responsive\" src=\"https://sppagebuilder.com/sample-data/images/2017/05/24/person12.jpg\" alt=\"David Guetta\"></div><div class=\"sppb-person-information\"><span class=\"sppb-person-name\">David Guetta</span><span class=\"sppb-person-designation\">CTO</span></div></div></div></div>","assets":{"css":"#sppb-addon-1494997664943 {\nmargin: 0 0 30px 0;\n}\n"}}]},{"id":1494933252620,"class_name":"col-md-3","visibility":true,"settings":{"color":"","background":"","background_image":"","overlay":"","background_repeat":"no-repeat","background_size":"cover","background_attachment":"scroll","background_position":"0 0","padding":"","class":"","sm_col":"col-sm-6","xs_col":"","hidden_xs":"","hidden_sm":"","hidden_md":"","animation":"","animationduration":"300","animationdelay":"0"},"addons":[{"id":1494997664938,"name":"person","visibility":true,"settings":{"admin_label":"","image":"https://sppagebuilder.com/sample-data/images/2017/05/24/person13.jpg","name":"Dimitri Vegas","designation":"Trainer","email":"","introtext":"","facebook":"","twitter":"","google_plus":"","youtube":"","linkedin":"","pinterest":"","flickr":"","dribbble":"","behance":"","instagram":"","social_position":"after","alignment":"sppb-text-left","class":"","global_text_color":"","global_link_color":"","global_link_hover_color":"","global_use_background":"0","global_background_color":"","global_background_image":"","global_background_repeat":"no-repeat","global_background_size":"cover","global_background_attachment":"inherit","global_user_border":"0","global_border_width":"","global_border_color":"","global_boder_style":"none","global_border_radius":"","global_margin":"0 0 30px 0","global_padding":"","global_use_animation":"1","global_animation":"fadeInLeft","global_animationduration":"700","global_animationdelay":"150","hidden_md":"0","hidden_sm":"0","hidden_xs":"0","acl":null},"htmlContent":"<div id=\"sppb-addon-1494997664938\" class=\"sppb-wow fadeInLeft clearfix\"  data-sppb-wow-duration=\"700ms\" data-sppb-wow-delay=\"150ms\" ><div class=\"sppb-addon sppb-addon-persion sppb-text-left \"><div class=\"sppb-addon-content\"><div class=\"sppb-person-image\"><img class=\"sppb-img-responsive\" src=\"https://sppagebuilder.com/sample-data/images/2017/05/24/person13.jpg\" alt=\"Dimitri Vegas\"></div><div class=\"sppb-person-information\"><span class=\"sppb-person-name\">Dimitri Vegas</span><span class=\"sppb-person-designation\">Trainer</span></div></div></div></div>","assets":{"css":"#sppb-addon-1494997664938 {\nmargin: 0 0 30px 0;\n}\n"}}]}]}]}]},{"id":1494933252675,"visibility":true,"collapse":false,"settings":{"admin_label":"","title":"","heading_selector":"h3","title_fontsize":"","title_fontweight":"","title_text_color":"","title_margin_top":"","title_margin_bottom":"","subtitle":"","subtitle_fontsize":"","title_position":"sppb-text-center","columns_equal_height":"0","fullscreen":"0","no_gutter":"0","id":"","class":"","padding":"90px 0px 70px 0px","margin":"0px 0px 0px 0px","color":"rgba(255, 255, 255, 1)","background_color":"rgba(15, 15, 15, 1)","background_image":"","overlay":"","background_repeat":"no-repeat","background_size":"cover","background_attachment":"fixed","background_position":"0 0","background_video":"0","background_video_mp4":"","background_video_ogv":"","hidden_xs":"","hidden_sm":"","hidden_md":"","animation":"","animationduration":"300","animationdelay":"0"},"layout":"12","columns":[{"id":1494933252676,"class_name":"col-md-12","visibility":true,"settings":{},"addons":[{"id":1494933252679,"name":"heading","visibility":true,"settings":{"admin_label":"Our Packages","title":"Our Packages","heading_selector":"h2","use_link":"0","title_link":"","link_new_tab":"0","title_fontsize":"48","title_fontstyle":null,"title_fontweight":"700","title_lineheight":"","title_letterspace":"0","title_margin":"0px 0px 30px 0px","title_padding":"0px 0px 0px 0px","alignment":"sppb-text-center","class":"","global_text_color":"","global_link_color":"","global_link_hover_color":"","global_use_background":"0","global_background_color":"","global_background_image":"","global_background_repeat":"no-repeat","global_background_size":"cover","global_background_attachment":"inherit","global_user_border":"0","global_border_width":"","global_border_color":"","global_boder_style":"none","global_border_radius":"","global_margin":"","global_padding":"","global_use_animation":"0","global_animation":"","global_animationduration":"300","global_animationdelay":"0","hidden_md":"0","hidden_sm":"0","hidden_xs":"0","acl":null}},{"id":1494934012101,"type":"inner_row","settings":{"admin_label":"","title":"","heading_selector":"h3","title_fontsize":"","title_fontweight":"","title_text_color":"","title_margin_top":"","title_margin_bottom":"","subtitle":"","subtitle_fontsize":"","title_position":"sppb-text-center","columns_equal_height":"0","fullscreen":"0","no_gutter":"0","id":"","class":"","padding":"35px 0px 0px 0px","margin":"0px 0px 0px 0px","color":"","background_color":"","background_image":"","overlay":"","background_repeat":"no-repeat","background_size":"cover","background_attachment":"fixed","background_position":"0 0","background_video":"0","background_video_mp4":"","background_video_ogv":"","hidden_xs":"","hidden_sm":"","hidden_md":"","animation":"","animationduration":"300","animationdelay":"0"},"layout":"4,4,4","visibility":true,"columns":[{"id":1494493363803,"class_name":"col-md-4","visibility":true,"settings":{"color":"","background":"","background_image":"","overlay":"","background_repeat":"no-repeat","background_size":"cover","background_attachment":"scroll","background_position":"0 0","padding":"","class":"","sm_col":"","xs_col":"","hidden_xs":"","hidden_sm":"","hidden_md":"","animation":"","animationduration":"300","animationdelay":"0"},"addons":[{"id":1494495472964,"name":"pricing","visibility":true,"settings":{"admin_label":"Personal Body Building","title":"Personal Body Building","price":"$99","duration":"","pricing_content":"3 days a week Program\nDiet Program Included\nProfessional Trainers\n6 months Training Program\nGroup Season","background":"","color":"","button_text":"Enroll Now","button_fontstyle":["uppercase"],"button_letterspace":"0","button_url":"#","button_target":"","button_type":"custom","button_appearance":"","button_background_color":"rgba(248, 232, 28, 1)","button_color":"rgba(36, 36, 36, 1)","button_background_color_hover":"#222222","button_color_hover":"rgba(255, 255, 255, 1)","button_size":"","button_shape":"rounded","button_block":"","button_icon":"","button_icon_position":"left","featured":"","alignment":"sppb-text-left","class":"","global_text_color":"rgba(74, 74, 74, 1)","global_link_color":"","global_link_hover_color":"","global_use_background":"1","global_background_color":"rgba(255, 255, 255, 1)","global_background_image":"","global_background_repeat":"no-repeat","global_background_size":"cover","global_background_attachment":"inherit","global_user_border":"0","global_border_width":"","global_border_color":"","global_boder_style":"none","global_border_radius":"","global_margin":"0 0 30px 0","global_padding":"10px","global_use_animation":"0","global_animation":"","global_animationduration":"300","global_animationdelay":"0","hidden_md":"0","hidden_sm":"0","hidden_xs":"0","acl":null},"htmlContent":"<div id=\"sppb-addon-1494495472964\" class=\"clearfix\" ><div class=\"sppb-addon sppb-addon-pricing-table sppb-text-left \"><div class=\"sppb-pricing-box \"><div class=\"sppb-pricing-header\"><div class=\"sppb-pricing-title\">Personal Body Building</div><span class=\"sppb-pricing-price\">$99</span></div><div class=\"sppb-pricing-features\"><ul><li>3 days a week Program</li><li>Diet Program Included</li><li>Professional Trainers</li><li>6 months Training Program</li><li>Group Season</li></ul></div><div class=\"sppb-pricing-footer\"><a href=\"#\" id=\"btn-1494495472964\" class=\"sppb-btn sppb-btn-custom sppb-btn-rounded\">Enroll Now</a></div></div></div></div>","assets":{"css":"#sppb-addon-1494495472964 {\n\tcolor: rgba(74, 74, 74, 1);\n\tbackground-color: rgba(255, 255, 255, 1);\nmargin: 0 0 30px 0;\npadding: 10px;\n}\n#sppb-addon-1494495472964 .sppb-pricing-box {border: 0; background-color: rgba(255, 255, 255, 1);}#sppb-addon-1494495472964 #btn-1494495472964.sppb-btn-custom{text-transform: uppercase;}#sppb-addon-1494495472964 #btn-1494495472964.sppb-btn-custom { background-color: rgba(248, 232, 28, 1); color: rgba(36, 36, 36, 1);}#sppb-addon-1494495472964 #btn-1494495472964.sppb-btn-custom:hover { background-color: #222222; color: rgba(255, 255, 255, 1);}"}}]},{"id":1494934024741,"class_name":"col-md-4","visibility":true,"settings":{},"addons":[{"id":1494934024779,"name":"pricing","visibility":true,"settings":{"admin_label":"FAT BURNING PRO","title":"FAT BURNING PRO","price":"$49","duration":"","pricing_content":"3 days a week Program\nDiet Program Included\nProfessional Trainers\n6 months Training Program\nGroup Season","background":"","color":"","button_text":"Enroll Now","button_fontstyle":["uppercase"],"button_letterspace":"0","button_url":"#","button_target":"","button_type":"custom","button_appearance":"","button_background_color":"rgba(255, 255, 255, 1)","button_color":"rgba(36, 36, 36, 1)","button_background_color_hover":"#222222","button_color_hover":"rgba(255, 255, 255, 1)","button_size":"","button_shape":"rounded","button_block":"","button_icon":"","button_icon_position":"left","featured":"","alignment":"sppb-text-left","class":"","global_text_color":"rgba(74, 74, 74, 1)","global_link_color":"","global_link_hover_color":"","global_use_background":"1","global_background_color":"rgba(248, 232, 28, 1)","global_background_image":"","global_background_repeat":"no-repeat","global_background_size":"cover","global_background_attachment":"inherit","global_user_border":"0","global_border_width":"","global_border_color":"","global_boder_style":"none","global_border_radius":"","global_margin":"0 0 30px 0","global_padding":"10px","global_use_animation":"0","global_animation":"","global_animationduration":"300","global_animationdelay":"0","hidden_md":"0","hidden_sm":"0","hidden_xs":"0","acl":null},"htmlContent":"<div id=\"sppb-addon-1494934024779\" class=\"clearfix\" ><div class=\"sppb-addon sppb-addon-pricing-table sppb-text-left \"><div class=\"sppb-pricing-box \"><div class=\"sppb-pricing-header\"><div class=\"sppb-pricing-title\">FAT BURNING PRO</div><span class=\"sppb-pricing-price\">$49</span></div><div class=\"sppb-pricing-features\"><ul><li>3 days a week Program</li><li>Diet Program Included</li><li>Professional Trainers</li><li>6 months Training Program</li><li>Group Season</li></ul></div><div class=\"sppb-pricing-footer\"><a href=\"#\" id=\"btn-1494934024779\" class=\"sppb-btn sppb-btn-custom sppb-btn-rounded\">Enroll Now</a></div></div></div></div>","assets":{"css":"#sppb-addon-1494934024779 {\n\tcolor: rgba(74, 74, 74, 1);\n\tbackground-color: rgba(248, 232, 28, 1);\nmargin: 0 0 30px 0;\npadding: 10px;\n}\n#sppb-addon-1494934024779 .sppb-pricing-box {border: 0; background-color: rgba(248, 232, 28, 1);}#sppb-addon-1494934024779 #btn-1494934024779.sppb-btn-custom{text-transform: uppercase;}#sppb-addon-1494934024779 #btn-1494934024779.sppb-btn-custom { background-color: rgba(255, 255, 255, 1); color: rgba(36, 36, 36, 1);}#sppb-addon-1494934024779 #btn-1494934024779.sppb-btn-custom:hover { background-color: #222222; color: rgba(255, 255, 255, 1);}"}}]},{"id":1494934024742,"class_name":"col-md-4","visibility":true,"settings":{},"addons":[{"id":1494934024784,"name":"pricing","visibility":true,"settings":{"admin_label":"WOMEN STRENGTH TRAINING","title":"WOMEN STRENGTH TRAINING","price":"$79","duration":"","pricing_content":"3 days a week Program\nDiet Program Included\nProfessional Trainers\n6 months Training Program\nGroup Season","background":"","color":"","button_text":"Enroll Now","button_fontstyle":["uppercase"],"button_letterspace":"0","button_url":"#","button_target":"","button_type":"custom","button_appearance":"","button_background_color":"rgba(248, 232, 28, 1)","button_color":"rgba(36, 36, 36, 1)","button_background_color_hover":"#222222","button_color_hover":"rgba(255, 255, 255, 1)","button_size":"","button_shape":"rounded","button_block":"","button_icon":"","button_icon_position":"left","featured":"","alignment":"sppb-text-left","class":"","global_text_color":"rgba(74, 74, 74, 1)","global_link_color":"","global_link_hover_color":"","global_use_background":"1","global_background_color":"rgba(255, 255, 255, 1)","global_background_image":"","global_background_repeat":"no-repeat","global_background_size":"cover","global_background_attachment":"inherit","global_user_border":"0","global_border_width":"","global_border_color":"","global_boder_style":"none","global_border_radius":"","global_margin":"0 0 30px 0","global_padding":"10px","global_use_animation":"0","global_animation":"","global_animationduration":"300","global_animationdelay":"0","hidden_md":"0","hidden_sm":"0","hidden_xs":"0","acl":null},"htmlContent":"<div id=\"sppb-addon-1494934024784\" class=\"clearfix\" ><div class=\"sppb-addon sppb-addon-pricing-table sppb-text-left \"><div class=\"sppb-pricing-box \"><div class=\"sppb-pricing-header\"><div class=\"sppb-pricing-title\">WOMEN STRENGTH TRAINING</div><span class=\"sppb-pricing-price\">$79</span></div><div class=\"sppb-pricing-features\"><ul><li>3 days a week Program</li><li>Diet Program Included</li><li>Professional Trainers</li><li>6 months Training Program</li><li>Group Season</li></ul></div><div class=\"sppb-pricing-footer\"><a href=\"#\" id=\"btn-1494934024784\" class=\"sppb-btn sppb-btn-custom sppb-btn-rounded\">Enroll Now</a></div></div></div></div>","assets":{"css":"#sppb-addon-1494934024784 {\n\tcolor: rgba(74, 74, 74, 1);\n\tbackground-color: rgba(255, 255, 255, 1);\nmargin: 0 0 30px 0;\npadding: 10px;\n}\n#sppb-addon-1494934024784 .sppb-pricing-box {border: 0; background-color: rgba(255, 255, 255, 1);}#sppb-addon-1494934024784 #btn-1494934024784.sppb-btn-custom{text-transform: uppercase;}#sppb-addon-1494934024784 #btn-1494934024784.sppb-btn-custom { background-color: rgba(248, 232, 28, 1); color: rgba(36, 36, 36, 1);}#sppb-addon-1494934024784 #btn-1494934024784.sppb-btn-custom:hover { background-color: #222222; color: rgba(255, 255, 255, 1);}"}}]}]}]}]},{"id":1494934024829,"visibility":true,"collapse":false,"settings":{"admin_label":"","title":"","heading_selector":"h3","title_fontsize":"","title_fontweight":"","title_text_color":"","title_margin_top":"","title_margin_bottom":"","subtitle":"","subtitle_fontsize":"","title_position":"sppb-text-center","columns_equal_height":"0","fullscreen":"0","no_gutter":"0","id":"","class":"","padding":"250px 0px 250px 0px","margin":"0px 0px 0px 0px","color":"","background_color":"","background_image":"https://sppagebuilder.com/sample-data/images/2017/05/16/cta-bg4.jpg","overlay":"","background_repeat":"no-repeat","background_size":"cover","background_attachment":"inherit","background_position":"50% 50%","background_video":"0","background_video_mp4":"","background_video_ogv":"","hidden_xs":"","hidden_sm":"","hidden_md":"","animation":"","animationduration":"300","animationdelay":"0"},"layout":"12","columns":[{"id":1494934024830,"class_name":"col-md-12","visibility":true,"settings":{},"addons":[{"id":1494935443559,"name":"modal","visibility":true,"settings":{"admin_label":"","modal_selector":"image","button_text":"Button Text","button_type":"default","button_fontstyle":null,"button_letterspace":"0","button_padding":"","button_background_color":"#444444","button_color":"#ffffff","button_background_color_hover":"#222222","button_color_hover":"#ffffff","button_size":"","button_appearance":"","button_shape":"rounded","button_block":"","button_icon":"","button_icon_position":"left","selector_image":"https://sppagebuilder.com/sample-data/images/2017/05/16/video-play2.png","selector_icon_name":"","selector_icon_size":"36","selector_icon_color":"","selector_icon_background":"","selector_icon_border_color":"","selector_icon_border_width":"","selector_icon_border_radius":"","selector_icon_padding":"","modal_content_type":"video","modal_content_text":"\tKevin chicken fatback sirloin ball tip, flank meatloaf t-bone. Meatloaf shankle swine pancetta biltong capicola ham hock meatball. Shoulder bacon andouille ground round pancetta pastrami. Sirloin beef ribs tenderloin rump corned beef filet mignon capicola kielbasa drumstick chuck turducken beef t-bone ribeye. Pork loin ground round t-bone chuck beef ribs swine pastrami cow. Venison tenderloin drumstick, filet mignon salami jowl sausage shank hamburger meatball ribeye kevin tri-tip. Swine kielbasa tenderloin fatback pork shankle andouille, flank frankfurter jerky chicken tri-tip jowl leberkas.&lt;br&gt;&lt;br&gt;Pancetta chicken pork belly beef cow kielbasa fatback sirloin biltong andouille bacon. Sirloin beef tenderloin porchetta, jerky tri-tip andouille sausage landjaeger shank bresaola short ribs tongue meatloaf fatback. Kielbasa pancetta shoulder tri-tip pastrami filet mignon ham corned beef prosciutto doner beef ribs. Doner sausage ham hock, shoulder sirloin pancetta boudin filet mignon chuck. Meatball ham hock beef, filet mignon tri-tip andouille venison ground round chuck turducken drumstick.","modal_content_image":"","modal_content_video_url":"https://www.youtube.com/watch?v=fDlDl5IEaB8","modal_popup_width":"760","modal_popup_height":"440","alignment":"sppb-text-center","class":"","global_text_color":"","global_link_color":"","global_link_hover_color":"","global_use_background":"0","global_background_color":"","global_background_image":"","global_background_repeat":"no-repeat","global_background_size":"cover","global_background_attachment":"inherit","global_user_border":"0","global_border_width":"","global_border_color":"","global_boder_style":"none","global_border_radius":"","global_margin":"","global_padding":"","global_use_animation":"0","global_animation":"","global_animationduration":"300","global_animationdelay":"0","hidden_md":"0","hidden_sm":"0","hidden_xs":"0","acl":null}}]}]},{"id":1494934024833,"visibility":true,"collapse":false,"settings":{"admin_label":"","title":"","heading_selector":"h3","title_fontsize":"","title_fontweight":"","title_text_color":"","title_margin_top":"","title_margin_bottom":"","subtitle":"","subtitle_fontsize":"","title_position":"sppb-text-center","columns_equal_height":"0","fullscreen":"0","no_gutter":"0","id":"","class":"","padding":"90px 0px 70px 0px","margin":"0px 0px 0px 0px","color":"rgba(255, 255, 255, 1)","background_color":"rgba(15, 15, 15, 1)","background_image":"","overlay":"","background_repeat":"no-repeat","background_size":"cover","background_attachment":"fixed","background_position":"0 0","background_video":"0","background_video_mp4":"","background_video_ogv":"","hidden_xs":"","hidden_sm":"","hidden_md":"","animation":"","animationduration":"300","animationdelay":"0"},"layout":"12","columns":[{"id":1494934024834,"class_name":"col-md-12","visibility":true,"settings":{},"addons":[{"id":1494934024837,"name":"heading","visibility":true,"settings":{"admin_label":"Photo Gallery","title":"Photo Gallery","heading_selector":"h2","use_link":"0","title_link":"","link_new_tab":"0","title_fontsize":"48","title_fontstyle":null,"title_fontweight":"700","title_lineheight":"","title_letterspace":"0","title_margin":"0px 0px 30px 0px","title_padding":"0px 0px 0px 0px","alignment":"sppb-text-center","class":"","global_text_color":"","global_link_color":"","global_link_hover_color":"","global_use_background":"0","global_background_color":"","global_background_image":"","global_background_repeat":"no-repeat","global_background_size":"cover","global_background_attachment":"inherit","global_user_border":"0","global_border_width":"","global_border_color":"","global_boder_style":"none","global_border_radius":"","global_margin":"","global_padding":"","global_use_animation":"0","global_animation":"","global_animationduration":"300","global_animationdelay":"0","hidden_md":"0","hidden_sm":"0","hidden_xs":"0","acl":null}},{"id":1494934024840,"type":"inner_row","settings":{"admin_label":"","title":"","heading_selector":"h3","title_fontsize":"","title_fontweight":"","title_text_color":"","title_margin_top":"","title_margin_bottom":"","subtitle":"","subtitle_fontsize":"","title_position":"sppb-text-center","columns_equal_height":"0","fullscreen":"0","no_gutter":"0","id":"","class":"","padding":"50px 0px 0px 0px","margin":"0px 0px 0px 0px","color":"","background_color":"","background_image":"","overlay":"","background_repeat":"no-repeat","background_size":"cover","background_attachment":"fixed","background_position":"0 0","background_video":"0","background_video_mp4":"","background_video_ogv":"","hidden_xs":"","hidden_sm":"","hidden_md":"","animation":"","animationduration":"300","animationdelay":"0"},"layout":"3,3,3,3","visibility":true,"columns":[{"id":1494934024841,"class_name":"col-md-3","visibility":true,"settings":{},"addons":[{"id":1494935783108,"name":"image","visibility":true,"settings":{"admin_label":"","title":"","heading_selector":"h3","title_fontsize":"","title_lineheight":"","title_fontstyle":null,"title_letterspace":"0","title_fontweight":"","title_text_color":"","title_margin_top":"","title_margin_bottom":"","image":"https://sppagebuilder.com/sample-data/images/2017/05/16/fitness1.jpg","alt_text":"gallery","position":"sppb-text-center","open_lightbox":"1","overlay_color":"rgba(248, 232, 28, 0.5)","link":"","target":"","class":"","global_text_color":"","global_link_color":"","global_link_hover_color":"","global_use_background":"0","global_background_color":"","global_background_image":"","global_background_repeat":"no-repeat","global_background_size":"cover","global_background_attachment":"inherit","global_user_border":"0","global_border_width":"","global_border_color":"","global_boder_style":"none","global_border_radius":"","global_margin":"0 0 30px 0","global_padding":"","global_use_animation":"1","global_animation":"fadeIn","global_animationduration":"700","global_animationdelay":"0","hidden_md":"0","hidden_sm":"0","hidden_xs":"0","acl":null},"htmlContent":"<div id=\"sppb-addon-1494935783108\" class=\"sppb-wow fadeIn clearfix\"  data-sppb-wow-duration=\"700ms\" ><div class=\"sppb-addon sppb-addon-single-image sppb-text-center \"><div class=\"sppb-addon-content\"><div class=\"sppb-addon-single-image-container\"><div class=\"sppb-addon-image-overlay\"></div><a class=\"sppb-magnific-popup sppb-addon-image-overlay-icon\" data-popup_type=\"image\" data-mainclass=\"mfp-no-margins mfp-with-zoom\" href=\"https://sppagebuilder.com/sample-data/images/2017/05/16/fitness1.jpg\">+</a><img class=\"sppb-img-responsive\" src=\"https://sppagebuilder.com/sample-data/images/2017/05/16/fitness1.jpg\" alt=\"gallery\"></div></div></div></div>","assets":{"css":"#sppb-addon-1494935783108 {\nmargin: 0 0 30px 0;\n}\n#sppb-addon-1494935783108 .sppb-addon-image-overlay{background-color: rgba(248, 232, 28, 0.5);}"}},{"id":1494934024885,"name":"image","visibility":true,"settings":{"admin_label":"","title":"","heading_selector":"h3","title_fontsize":"","title_lineheight":"","title_fontstyle":null,"title_letterspace":"0","title_fontweight":"","title_text_color":"","title_margin_top":"","title_margin_bottom":"","image":"https://sppagebuilder.com/sample-data/images/2017/05/16/fitness5.jpg","alt_text":"gallery","position":"sppb-text-center","open_lightbox":"1","overlay_color":"rgba(248, 232, 28, 0.5)","link":"","target":"","class":"","global_text_color":"","global_link_color":"","global_link_hover_color":"","global_use_background":"0","global_background_color":"","global_background_image":"","global_background_repeat":"no-repeat","global_background_size":"cover","global_background_attachment":"inherit","global_user_border":"0","global_border_width":"","global_border_color":"","global_boder_style":"none","global_border_radius":"","global_margin":"0 0 30px 0","global_padding":"","global_use_animation":"1","global_animation":"fadeIn","global_animationduration":"700","global_animationdelay":"600","hidden_md":"0","hidden_sm":"0","hidden_xs":"0","acl":null},"htmlContent":"<div id=\"sppb-addon-1494934024885\" class=\"sppb-wow fadeIn clearfix\"  data-sppb-wow-duration=\"700ms\" data-sppb-wow-delay=\"600ms\" ><div class=\"sppb-addon sppb-addon-single-image sppb-text-center \"><div class=\"sppb-addon-content\"><div class=\"sppb-addon-single-image-container\"><div class=\"sppb-addon-image-overlay\"></div><a class=\"sppb-magnific-popup sppb-addon-image-overlay-icon\" data-popup_type=\"image\" data-mainclass=\"mfp-no-margins mfp-with-zoom\" href=\"https://sppagebuilder.com/sample-data/images/2017/05/16/fitness5.jpg\">+</a><img class=\"sppb-img-responsive\" src=\"https://sppagebuilder.com/sample-data/images/2017/05/16/fitness5.jpg\" alt=\"gallery\"></div></div></div></div>","assets":{"css":"#sppb-addon-1494934024885 {\nmargin: 0 0 30px 0;\n}\n#sppb-addon-1494934024885 .sppb-addon-image-overlay{background-color: rgba(248, 232, 28, 0.5);}"}}]},{"id":1494934024846,"class_name":"col-md-3","visibility":true,"settings":{},"addons":[{"id":1494934024880,"name":"image","visibility":true,"settings":{"admin_label":"","title":"","heading_selector":"h3","title_fontsize":"","title_lineheight":"","title_fontstyle":null,"title_letterspace":"0","title_fontweight":"","title_text_color":"","title_margin_top":"","title_margin_bottom":"","image":"https://sppagebuilder.com/sample-data/images/2017/05/16/fitness2.jpg","alt_text":"gallery","position":"sppb-text-center","open_lightbox":"1","overlay_color":"rgba(248, 232, 28, 0.5)","link":"","target":"","class":"","global_text_color":"","global_link_color":"","global_link_hover_color":"","global_use_background":"0","global_background_color":"","global_background_image":"","global_background_repeat":"no-repeat","global_background_size":"cover","global_background_attachment":"inherit","global_user_border":"0","global_border_width":"","global_border_color":"","global_boder_style":"none","global_border_radius":"","global_margin":"0 0 30px 0","global_padding":"","global_use_animation":"1","global_animation":"fadeIn","global_animationduration":"700","global_animationdelay":"150","hidden_md":"0","hidden_sm":"0","hidden_xs":"0","acl":null},"htmlContent":"<div id=\"sppb-addon-1494934024880\" class=\"sppb-wow fadeIn clearfix\"  data-sppb-wow-duration=\"700ms\" data-sppb-wow-delay=\"150ms\" ><div class=\"sppb-addon sppb-addon-single-image sppb-text-center \"><div class=\"sppb-addon-content\"><div class=\"sppb-addon-single-image-container\"><div class=\"sppb-addon-image-overlay\"></div><a class=\"sppb-magnific-popup sppb-addon-image-overlay-icon\" data-popup_type=\"image\" data-mainclass=\"mfp-no-margins mfp-with-zoom\" href=\"https://sppagebuilder.com/sample-data/images/2017/05/16/fitness2.jpg\">+</a><img class=\"sppb-img-responsive\" src=\"https://sppagebuilder.com/sample-data/images/2017/05/16/fitness2.jpg\" alt=\"gallery\"></div></div></div></div>","assets":{"css":"#sppb-addon-1494934024880 {\nmargin: 0 0 30px 0;\n}\n#sppb-addon-1494934024880 .sppb-addon-image-overlay{background-color: rgba(248, 232, 28, 0.5);}"}},{"id":1494934024890,"name":"image","visibility":true,"settings":{"admin_label":"","title":"","heading_selector":"h3","title_fontsize":"","title_lineheight":"","title_fontstyle":null,"title_letterspace":"0","title_fontweight":"","title_text_color":"","title_margin_top":"","title_margin_bottom":"","image":"https://sppagebuilder.com/sample-data/images/2017/05/16/fitness6.jpg","alt_text":"gallery","position":"sppb-text-center","open_lightbox":"1","overlay_color":"rgba(248, 232, 28, 0.5)","link":"","target":"","class":"","global_text_color":"","global_link_color":"","global_link_hover_color":"","global_use_background":"0","global_background_color":"","global_background_image":"","global_background_repeat":"no-repeat","global_background_size":"cover","global_background_attachment":"inherit","global_user_border":"0","global_border_width":"","global_border_color":"","global_boder_style":"none","global_border_radius":"","global_margin":"0 0 30px 0","global_padding":"","global_use_animation":"1","global_animation":"fadeIn","global_animationduration":"700","global_animationdelay":"750","hidden_md":"0","hidden_sm":"0","hidden_xs":"0","acl":null},"htmlContent":"<div id=\"sppb-addon-1494934024890\" class=\"sppb-wow fadeIn clearfix\"  data-sppb-wow-duration=\"700ms\" data-sppb-wow-delay=\"750ms\" ><div class=\"sppb-addon sppb-addon-single-image sppb-text-center \"><div class=\"sppb-addon-content\"><div class=\"sppb-addon-single-image-container\"><div class=\"sppb-addon-image-overlay\"></div><a class=\"sppb-magnific-popup sppb-addon-image-overlay-icon\" data-popup_type=\"image\" data-mainclass=\"mfp-no-margins mfp-with-zoom\" href=\"https://sppagebuilder.com/sample-data/images/2017/05/16/fitness6.jpg\">+</a><img class=\"sppb-img-responsive\" src=\"https://sppagebuilder.com/sample-data/images/2017/05/16/fitness6.jpg\" alt=\"gallery\"></div></div></div></div>","assets":{"css":"#sppb-addon-1494934024890 {\nmargin: 0 0 30px 0;\n}\n#sppb-addon-1494934024890 .sppb-addon-image-overlay{background-color: rgba(248, 232, 28, 0.5);}"}}]},{"id":1494934024847,"class_name":"col-md-3","visibility":true,"settings":{},"addons":[{"id":1494934024875,"name":"image","visibility":true,"settings":{"admin_label":"","title":"","heading_selector":"h3","title_fontsize":"","title_lineheight":"","title_fontstyle":null,"title_letterspace":"0","title_fontweight":"","title_text_color":"","title_margin_top":"","title_margin_bottom":"","image":"https://sppagebuilder.com/sample-data/images/2017/05/16/fitness3.jpg","alt_text":"gallery","position":"sppb-text-center","open_lightbox":"1","overlay_color":"rgba(248, 232, 28, 0.5)","link":"","target":"","class":"","global_text_color":"","global_link_color":"","global_link_hover_color":"","global_use_background":"0","global_background_color":"","global_background_image":"","global_background_repeat":"no-repeat","global_background_size":"cover","global_background_attachment":"inherit","global_user_border":"0","global_border_width":"","global_border_color":"","global_boder_style":"none","global_border_radius":"","global_margin":"0 0 30px 0","global_padding":"","global_use_animation":"1","global_animation":"fadeIn","global_animationduration":"700","global_animationdelay":"300","hidden_md":"0","hidden_sm":"0","hidden_xs":"0","acl":null},"htmlContent":"<div id=\"sppb-addon-1494934024875\" class=\"sppb-wow fadeIn clearfix\"  data-sppb-wow-duration=\"700ms\" data-sppb-wow-delay=\"300ms\" ><div class=\"sppb-addon sppb-addon-single-image sppb-text-center \"><div class=\"sppb-addon-content\"><div class=\"sppb-addon-single-image-container\"><div class=\"sppb-addon-image-overlay\"></div><a class=\"sppb-magnific-popup sppb-addon-image-overlay-icon\" data-popup_type=\"image\" data-mainclass=\"mfp-no-margins mfp-with-zoom\" href=\"https://sppagebuilder.com/sample-data/images/2017/05/16/fitness3.jpg\">+</a><img class=\"sppb-img-responsive\" src=\"https://sppagebuilder.com/sample-data/images/2017/05/16/fitness3.jpg\" alt=\"gallery\"></div></div></div></div>","assets":{"css":"#sppb-addon-1494934024875 {\nmargin: 0 0 30px 0;\n}\n#sppb-addon-1494934024875 .sppb-addon-image-overlay{background-color: rgba(248, 232, 28, 0.5);}"}},{"id":1494934024895,"name":"image","visibility":true,"settings":{"admin_label":"","title":"","heading_selector":"h3","title_fontsize":"","title_lineheight":"","title_fontstyle":null,"title_letterspace":"0","title_fontweight":"","title_text_color":"","title_margin_top":"","title_margin_bottom":"","image":"https://sppagebuilder.com/sample-data/images/2017/05/16/fitness7.jpg","alt_text":"gallery","position":"sppb-text-center","open_lightbox":"1","overlay_color":"rgba(248, 232, 28, 0.5)","link":"","target":"","class":"","global_text_color":"","global_link_color":"","global_link_hover_color":"","global_use_background":"0","global_background_color":"","global_background_image":"","global_background_repeat":"no-repeat","global_background_size":"cover","global_background_attachment":"inherit","global_user_border":"0","global_border_width":"","global_border_color":"","global_boder_style":"none","global_border_radius":"","global_margin":"0 0 30px 0","global_padding":"","global_use_animation":"1","global_animation":"fadeIn","global_animationduration":"700","global_animationdelay":"900","hidden_md":"0","hidden_sm":"0","hidden_xs":"0","acl":null},"htmlContent":"<div id=\"sppb-addon-1494934024895\" class=\"sppb-wow fadeIn clearfix\"  data-sppb-wow-duration=\"700ms\" data-sppb-wow-delay=\"900ms\" ><div class=\"sppb-addon sppb-addon-single-image sppb-text-center \"><div class=\"sppb-addon-content\"><div class=\"sppb-addon-single-image-container\"><div class=\"sppb-addon-image-overlay\"></div><a class=\"sppb-magnific-popup sppb-addon-image-overlay-icon\" data-popup_type=\"image\" data-mainclass=\"mfp-no-margins mfp-with-zoom\" href=\"https://sppagebuilder.com/sample-data/images/2017/05/16/fitness7.jpg\">+</a><img class=\"sppb-img-responsive\" src=\"https://sppagebuilder.com/sample-data/images/2017/05/16/fitness7.jpg\" alt=\"gallery\"></div></div></div></div>","assets":{"css":"#sppb-addon-1494934024895 {\nmargin: 0 0 30px 0;\n}\n#sppb-addon-1494934024895 .sppb-addon-image-overlay{background-color: rgba(248, 232, 28, 0.5);}"}}]},{"id":1494934024848,"class_name":"col-md-3","visibility":true,"settings":{},"addons":[{"id":1494934024870,"name":"image","visibility":true,"settings":{"admin_label":"","title":"","heading_selector":"h3","title_fontsize":"","title_lineheight":"","title_fontstyle":null,"title_letterspace":"0","title_fontweight":"","title_text_color":"","title_margin_top":"","title_margin_bottom":"","image":"https://sppagebuilder.com/sample-data/images/2017/05/16/fitness4.jpg","alt_text":"gallery","position":"sppb-text-center","open_lightbox":"1","overlay_color":"rgba(248, 232, 28, 0.5)","link":"","target":"","class":"","global_text_color":"","global_link_color":"","global_link_hover_color":"","global_use_background":"0","global_background_color":"","global_background_image":"","global_background_repeat":"no-repeat","global_background_size":"cover","global_background_attachment":"inherit","global_user_border":"0","global_border_width":"","global_border_color":"","global_boder_style":"none","global_border_radius":"","global_margin":"0 0 30px 0","global_padding":"","global_use_animation":"1","global_animation":"fadeIn","global_animationduration":"700","global_animationdelay":"450","hidden_md":"0","hidden_sm":"0","hidden_xs":"0","acl":null},"htmlContent":"<div id=\"sppb-addon-1494934024870\" class=\"sppb-wow fadeIn clearfix\"  data-sppb-wow-duration=\"700ms\" data-sppb-wow-delay=\"450ms\" ><div class=\"sppb-addon sppb-addon-single-image sppb-text-center \"><div class=\"sppb-addon-content\"><div class=\"sppb-addon-single-image-container\"><div class=\"sppb-addon-image-overlay\"></div><a class=\"sppb-magnific-popup sppb-addon-image-overlay-icon\" data-popup_type=\"image\" data-mainclass=\"mfp-no-margins mfp-with-zoom\" href=\"https://sppagebuilder.com/sample-data/images/2017/05/16/fitness4.jpg\">+</a><img class=\"sppb-img-responsive\" src=\"https://sppagebuilder.com/sample-data/images/2017/05/16/fitness4.jpg\" alt=\"gallery\"></div></div></div></div>","assets":{"css":"#sppb-addon-1494934024870 {\nmargin: 0 0 30px 0;\n}\n#sppb-addon-1494934024870 .sppb-addon-image-overlay{background-color: rgba(248, 232, 28, 0.5);}"}},{"id":1494934024900,"name":"image","visibility":true,"settings":{"admin_label":"","title":"","heading_selector":"h3","title_fontsize":"","title_lineheight":"","title_fontstyle":null,"title_letterspace":"0","title_fontweight":"","title_text_color":"","title_margin_top":"","title_margin_bottom":"","image":"https://sppagebuilder.com/sample-data/images/2017/05/16/fitness8.jpg","alt_text":"gallery","position":"sppb-text-center","open_lightbox":"1","overlay_color":"rgba(248, 232, 28, 0.5)","link":"","target":"","class":"","global_text_color":"","global_link_color":"","global_link_hover_color":"","global_use_background":"0","global_background_color":"","global_background_image":"","global_background_repeat":"no-repeat","global_background_size":"cover","global_background_attachment":"inherit","global_user_border":"0","global_border_width":"","global_border_color":"","global_boder_style":"none","global_border_radius":"","global_margin":"0 0 30px 0","global_padding":"","global_use_animation":"1","global_animation":"fadeIn","global_animationduration":"700","global_animationdelay":"1050","hidden_md":"0","hidden_sm":"0","hidden_xs":"0","acl":null},"htmlContent":"<div id=\"sppb-addon-1494934024900\" class=\"sppb-wow fadeIn clearfix\"  data-sppb-wow-duration=\"700ms\" data-sppb-wow-delay=\"1050ms\" ><div class=\"sppb-addon sppb-addon-single-image sppb-text-center \"><div class=\"sppb-addon-content\"><div class=\"sppb-addon-single-image-container\"><div class=\"sppb-addon-image-overlay\"></div><a class=\"sppb-magnific-popup sppb-addon-image-overlay-icon\" data-popup_type=\"image\" data-mainclass=\"mfp-no-margins mfp-with-zoom\" href=\"https://sppagebuilder.com/sample-data/images/2017/05/16/fitness8.jpg\">+</a><img class=\"sppb-img-responsive\" src=\"https://sppagebuilder.com/sample-data/images/2017/05/16/fitness8.jpg\" alt=\"gallery\"></div></div></div></div>","assets":{"css":"#sppb-addon-1494934024900 {\nmargin: 0 0 30px 0;\n}\n#sppb-addon-1494934024900 .sppb-addon-image-overlay{background-color: rgba(248, 232, 28, 0.5);}"}}]}]}]}]}]
