[{"id":1486623834338,"visibility":true,"collapse":false,"settings":{"admin_label":"Hero Section","title":"","heading_selector":"h3","title_fontsize":"85","title_fontweight":"700","title_text_color":"","title_margin_top":"","title_margin_bottom":"","subtitle":"","subtitle_fontsize":"60","title_position":"sppb-text-center","columns_equal_height":"0","fullscreen":"0","no_gutter":"0","id":"","class":"","padding":"185px 0px 235px 0px","margin":"0px 0px 0px 0px","color":"rgba(255, 255, 255, 1)","background_color":"","background_image":"https://sppagebuilder.com/sample-data/images/2017/02/09/constructor-hero.jpg","overlay":"","background_repeat":"no-repeat","background_size":"cover","background_attachment":"inherit","background_position":"50% 50%","background_video":"0","background_video_mp4":"","background_video_ogv":"","hidden_xs":"","hidden_sm":"","hidden_md":"","animation":"","animationduration":"300","animationdelay":"0"},"layout":"12","columns":[{"id":1485942005422,"class_name":"col-md-12","visibility":true,"settings":{},"addons":[{"id":1486628808242,"name":"feature","visibility":true,"settings":{"admin_label":"","title":"We Have Everything","heading_selector":"h1","title_position":"before","title_fontsize":"85","title_lineheight":"","title_fontstyle":null,"title_letterspace":"0","title_fontweight":"700","title_text_color":"","title_margin_top":"","title_margin_bottom":"5","title_url":"","url_appear":"title","feature_type":"icon","feature_image":"","icon_name":"","icon_size":"36","icon_color":"","icon_background":"","icon_border_color":"","icon_border_width":"","icon_border_radius":"","icon_margin_top":"","icon_margin_bottom":"","icon_padding":"","text":"\t\t\t","alignment":"sppb-text-center","class":"","global_text_color":"","global_link_color":"","global_link_hover_color":"","global_use_background":"0","global_background_color":"","global_background_image":"","global_background_repeat":"no-repeat","global_background_size":"cover","global_background_attachment":"inherit","global_user_border":"0","global_border_width":"","global_border_color":"","global_boder_style":"none","global_border_radius":"","global_margin":"","global_padding":"","global_use_animation":"1","global_animation":"fadeInUp","global_animationduration":"500","global_animationdelay":"","hidden_md":"0","hidden_sm":"0","hidden_xs":"0","acl":null}},{"id":1486628842483,"name":"text_block","visibility":true,"settings":{"admin_label":"","title":"To Build Your Dream","heading_selector":"h3","title_fontsize":"60","title_lineheight":"","title_fontstyle":null,"title_letterspace":"0","title_fontweight":"700","title_text_color":"","title_margin_top":"","title_margin_bottom":"","text":"\t\t\t","alignment":"sppb-text-center","class":"","global_text_color":"","global_link_color":"","global_link_hover_color":"","global_use_background":"0","global_background_color":"","global_background_image":"","global_background_repeat":"no-repeat","global_background_size":"cover","global_background_attachment":"inherit","global_user_border":"0","global_border_width":"","global_border_color":"","global_boder_style":"none","global_border_radius":"","global_margin":"0 0 63px 0","global_padding":"","global_use_animation":"1","global_animation":"fadeInUp","global_animationduration":"500","global_animationdelay":"300","hidden_md":"0","hidden_sm":"0","hidden_xs":"0","acl":null}},{"id":1485942005434,"name":"button","visibility":true,"settings":{"admin_label":"Learn More","text":"Learn More","alignment":"sppb-text-center","fontstyle":null,"letterspace":"2px","url":"","target":"","type":"custom","appearance":"","background_color":"rgba(255, 190, 35, 1)","color":"rgba(255, 255, 255, 1)","background_color_hover":"rgba(255, 255, 255, 1)","color_hover":"rgba(34, 34, 34, 1)","size":"xlg","shape":"round","block":"","icon":"","icon_position":"right","class":"","global_text_color":"","global_link_color":"","global_link_hover_color":"","global_use_background":"0","global_background_color":"","global_background_image":"","global_background_repeat":"no-repeat","global_background_size":"cover","global_background_attachment":"inherit","global_user_border":"0","global_border_width":"","global_border_color":"","global_boder_style":"none","global_border_radius":"40","global_margin":"","global_padding":"","global_use_animation":"1","global_animation":"fadeInUp","global_animationduration":"500","global_animationdelay":"500","hidden_md":"0","hidden_sm":"0","hidden_xs":"0","acl":null}}]}]},{"id":1486628730869,"visibility":true,"collapse":false,"settings":{"admin_label":"Our’s Achievement","title":"","heading_selector":"h3","title_fontsize":"","title_fontweight":"","title_text_color":"","title_margin_top":"","title_margin_bottom":"","subtitle":"","subtitle_fontsize":"","title_position":"sppb-text-center","columns_equal_height":"0","fullscreen":"0","no_gutter":"0","id":"","class":"","padding":"140px 0px 143px 0px","margin":"0px 0px 0px 0px","color":"","background_color":"","background_image":"https://sppagebuilder.com/sample-data/images/2017/02/09/construction-image.jpg","overlay":"","background_repeat":"no-repeat","background_size":"cover","background_attachment":"inherit","background_position":"0 50%","background_video":"0","background_video_mp4":"","background_video_ogv":"","hidden_xs":"","hidden_sm":"","hidden_md":"","animation":"","animationduration":"300","animationdelay":"0"},"layout":"5,7","columns":[{"id":1486628730870,"class_name":"col-md-5","visibility":true,"settings":{},"addons":[]},{"id":1486628730871,"class_name":"col-md-7","visibility":true,"settings":{"color":"","background":"","background_image":"","overlay":"","background_repeat":"no-repeat","background_size":"cover","background_attachment":"scroll","background_position":"0 0","padding":"0 0 0 95px","class":"","sm_col":"","xs_col":"","hidden_xs":"","hidden_sm":"","hidden_md":"","animation":"","animationduration":"300","animationdelay":"0"},"addons":[{"id":1486629508205,"name":"heading","visibility":true,"settings":{"admin_label":"","title":"Our’s Achievement","heading_selector":"h2","use_link":"0","title_link":"","link_new_tab":"0","title_fontsize":"45","title_fontstyle":["bold"],"title_lineheight":"","title_letterspace":"0","title_margin":"0px 0px 0px 0px","title_padding":"0px 0px 0px 0px","alignment":"sppb-text-left","class":"","global_text_color":"","global_link_color":"","global_link_hover_color":"","global_use_background":"0","global_background_color":"","global_background_image":"","global_background_repeat":"no-repeat","global_background_size":"cover","global_background_attachment":"inherit","global_user_border":"0","global_border_width":"","global_border_color":"","global_boder_style":"none","global_border_radius":"","global_margin":"0 0 42px 0","global_padding":"","global_use_animation":"0","global_animation":"","global_animationduration":"300","global_animationdelay":"0","hidden_md":"0","hidden_sm":"0","hidden_xs":"0","acl":null}},{"id":1486629622719,"name":"text_block","visibility":true,"settings":{"admin_label":"3570+ Project Completed All Over the world.","title":"<strong>3570+</strong> Project Completed All <br>Over the world.","heading_selector":"h3","title_fontsize":"36","title_lineheight":"49","title_fontstyle":null,"title_letterspace":"0","title_fontweight":"300","title_text_color":"","title_margin_top":"","title_margin_bottom":"15","text":"\t\t\t\t\t\tLorem ipsum dolor sit amet, consectetur adipisicing elit, sed do eiusmod tempor incididunt ut labore et dolore magna aliqua. Ut enim ad minim veniam, quis nostrud exercitation.","alignment":"sppb-text-left","class":"","global_text_color":"","global_link_color":"","global_link_hover_color":"","global_use_background":"0","global_background_color":"","global_background_image":"","global_background_repeat":"no-repeat","global_background_size":"cover","global_background_attachment":"inherit","global_user_border":"0","global_border_width":"","global_border_color":"","global_boder_style":"none","global_border_radius":"","global_margin":"","global_padding":"","global_use_animation":"0","global_animation":"","global_animationduration":"300","global_animationdelay":"0","hidden_md":"0","hidden_sm":"0","hidden_xs":"0","acl":null}},{"id":1486628730884,"type":"inner_row","settings":{"admin_label":"","title":"","heading_selector":"h3","title_fontsize":"","title_fontweight":"","title_text_color":"","title_margin_top":"","title_margin_bottom":"","subtitle":"","subtitle_fontsize":"","title_position":"sppb-text-center","columns_equal_height":"0","fullscreen":"0","no_gutter":"0","id":"","class":"","padding":"50px 0px 0px 0px","margin":"0px 0px 0px 0px","color":"","background_color":"","background_image":"","overlay":"","background_repeat":"no-repeat","background_size":"cover","background_attachment":"fixed","background_position":"0 0","background_video":"0","background_video_mp4":"","background_video_ogv":"","hidden_xs":"","hidden_sm":"","hidden_md":"","animation":"","animationduration":"300","animationdelay":"0"},"layout":"4,4,4","visibility":true,"columns":[{"id":1486628730885,"class_name":"col-md-4","visibility":true,"settings":{},"addons":[{"id":1486629984164,"name":"animated_number","visibility":true,"settings":{"admin_label":"Clients","number":"2315","duration":"1000","font_size":"63","color":"","counter_title":"Clients","title_font_size":"15","alignment":"sppb-text-left","class":"","global_text_color":"","global_link_color":"","global_link_hover_color":"","global_use_background":"0","global_background_color":"","global_background_image":"","global_background_repeat":"no-repeat","global_background_size":"cover","global_background_attachment":"inherit","global_user_border":"0","global_border_width":"","global_border_color":"","global_boder_style":"none","global_border_radius":"","global_margin":"","global_padding":"","global_use_animation":"0","global_animation":"","global_animationduration":"300","global_animationdelay":"0","hidden_md":"0","hidden_sm":"0","hidden_xs":"0","acl":null},"htmlContent":"<div id=\"sppb-addon-1486629984164\" class=\"clearfix\" ><div class=\"sppb-addon sppb-addon-animated-number sppb-text-left \"><div class=\"sppb-addon-content\"><div class=\"sppb-animated-number\" data-digit=\"2315\" data-duration=\"1000\">0</div><div class=\"sppb-animated-number-title\">Clients</div></div></div></div>","assets":{"css":"#sppb-addon-1486629984164 .sppb-animated-number {font-size:63px;line-height:63px;}#sppb-addon-1486629984164 .sppb-animated-number-title {font-size:15px;line-height:15px;}"}}]},{"id":1486628730888,"class_name":"col-md-4","visibility":true,"settings":{},"addons":[{"id":1486628730898,"name":"animated_number","visibility":true,"settings":{"admin_label":"Members","number":"3043","duration":"1000","font_size":"63","color":"","counter_title":"Members","title_font_size":"15","alignment":"sppb-text-left","class":"","global_text_color":"","global_link_color":"","global_link_hover_color":"","global_use_background":"0","global_background_color":"","global_background_image":"","global_background_repeat":"no-repeat","global_background_size":"cover","global_background_attachment":"inherit","global_user_border":"0","global_border_width":"","global_border_color":"","global_boder_style":"none","global_border_radius":"","global_margin":"","global_padding":"","global_use_animation":"0","global_animation":"","global_animationduration":"300","global_animationdelay":"0","hidden_md":"0","hidden_sm":"0","hidden_xs":"0","acl":null},"htmlContent":"<div id=\"sppb-addon-1486628730898\" class=\"clearfix\" ><div class=\"sppb-addon sppb-addon-animated-number sppb-text-left \"><div class=\"sppb-addon-content\"><div class=\"sppb-animated-number\" data-digit=\"3043\" data-duration=\"1000\">0</div><div class=\"sppb-animated-number-title\">Memberes</div></div></div></div>","assets":{"css":"#sppb-addon-1486628730898 .sppb-animated-number {font-size:63px;line-height:63px;}#sppb-addon-1486628730898 .sppb-animated-number-title {font-size:15px;line-height:15px;}"}}]},{"id":1486628730889,"class_name":"col-md-4","visibility":true,"settings":{},"addons":[{"id":1486628730903,"name":"animated_number","visibility":true,"settings":{"admin_label":"Awards","number":"125","duration":"1000","font_size":"63","color":"","counter_title":"Awards","title_font_size":"15","alignment":"sppb-text-left","class":"","global_text_color":"","global_link_color":"","global_link_hover_color":"","global_use_background":"0","global_background_color":"","global_background_image":"","global_background_repeat":"no-repeat","global_background_size":"cover","global_background_attachment":"inherit","global_user_border":"0","global_border_width":"","global_border_color":"","global_boder_style":"none","global_border_radius":"","global_margin":"","global_padding":"","global_use_animation":"0","global_animation":"","global_animationduration":"300","global_animationdelay":"0","hidden_md":"0","hidden_sm":"0","hidden_xs":"0","acl":null},"htmlContent":"<div id=\"sppb-addon-1486628730903\" class=\"clearfix\" ><div class=\"sppb-addon sppb-addon-animated-number sppb-text-left \"><div class=\"sppb-addon-content\"><div class=\"sppb-animated-number\" data-digit=\"125\" data-duration=\"1000\">0</div><div class=\"sppb-animated-number-title\">Awards</div></div></div></div>","assets":{"css":"#sppb-addon-1486628730903 .sppb-animated-number {font-size:63px;line-height:63px;}#sppb-addon-1486628730903 .sppb-animated-number-title {font-size:15px;line-height:15px;}"}}]}]}]}]},{"id":1486631488483,"visibility":true,"collapse":false,"settings":{"admin_label":"Our Services","title":"","heading_selector":"h3","title_fontsize":"","title_fontweight":"","title_text_color":"","title_margin_top":"","title_margin_bottom":"","subtitle":"","subtitle_fontsize":"","title_position":"sppb-text-center","columns_equal_height":"0","fullscreen":"1","no_gutter":"1","id":"","class":"","padding":"0px 0px 0px 0px","margin":"0px 0px 0px 0px","color":"rgba(255, 255, 255, 1)","background_color":"","background_image":"","overlay":"","background_repeat":"no-repeat","background_size":"cover","background_attachment":"fixed","background_position":"0 0","background_video":"0","background_video_mp4":"","background_video_ogv":"","hidden_xs":"","hidden_sm":"","hidden_md":"","animation":"","animationduration":"300","animationdelay":"0"},"layout":"4,4,4","columns":[{"id":1486544439316,"class_name":"col-md-4","visibility":true,"settings":{"color":"","background":"rgba(255, 198, 61, 1)","background_image":"","overlay":"","background_repeat":"no-repeat","background_size":"cover","background_attachment":"inherit","background_position":"50% 50%","padding":"115px 50px 100px 50px","class":"","sm_col":"","xs_col":"","hidden_xs":"","hidden_sm":"","hidden_md":"","animation":"","animationduration":"300","animationdelay":"0"},"addons":[{"id":1486545101166,"name":"feature","visibility":true,"settings":{"admin_label":"","title":"Construction","heading_selector":"h3","title_position":"left","title_fontsize":"24","title_lineheight":"","title_fontstyle":["uppercase","bold"],"title_letterspace":"1px","title_fontweight":"","title_text_color":"","title_margin_top":"0","title_margin_bottom":"22","title_url":"","url_appear":"title","feature_type":"image","feature_image":"https://sppagebuilder.com/sample-data/images/2017/02/09/svg-icon1.png","icon_name":"","icon_size":"36","icon_color":"","icon_background":"","icon_border_color":"","icon_border_width":"","icon_border_radius":"","icon_margin_top":"","icon_margin_bottom":"","icon_padding":"","text":"\t\t\t\t\tLorem ipsum dolor sit amet, consectetur adipisicing elit, sed do eiusmod tempor.","alignment":"sppb-text-left","class":"","global_text_color":"","global_link_color":"","global_link_hover_color":"","global_use_background":"0","global_background_color":"","global_background_image":"","global_background_repeat":"no-repeat","global_background_size":"cover","global_background_attachment":"inherit","global_user_border":"0","global_border_width":"","global_border_color":"","global_boder_style":"none","global_border_radius":"","global_margin":"0 0 15px 0","global_padding":"","global_use_animation":"0","global_animation":"","global_animationduration":"300","global_animationdelay":"0","hidden_md":"0","hidden_sm":"0","hidden_xs":"0","acl":null}}]},{"id":1486544439317,"class_name":"col-md-4","visibility":true,"settings":{"color":"","background":"rgba(255, 190, 35, 1)","background_image":"","overlay":"","background_repeat":"no-repeat","background_size":"cover","background_attachment":"inherit","background_position":"50% 50%","padding":"115px 50px 100px 50px","class":"","sm_col":"","xs_col":"","hidden_xs":"","hidden_sm":"","hidden_md":"","animation":"","animationduration":"300","animationdelay":"0"},"addons":[{"id":1486632962520,"name":"feature","visibility":true,"settings":{"admin_label":"","title":"Architecture","heading_selector":"h3","title_position":"left","title_fontsize":"24","title_lineheight":"","title_fontstyle":["uppercase","bold"],"title_letterspace":"1px","title_fontweight":"","title_text_color":"","title_margin_top":"0","title_margin_bottom":"22","title_url":"","url_appear":"title","feature_type":"image","feature_image":"https://sppagebuilder.com/sample-data/images/2017/02/09/svg-icon2.png","icon_name":"","icon_size":"36","icon_color":"","icon_background":"","icon_border_color":"","icon_border_width":"","icon_border_radius":"","icon_margin_top":"","icon_margin_bottom":"","icon_padding":"","text":"\t\t\t\t\t\tLorem ipsum dolor sit amet, consectetur adipisicing elit, sed do eiusmod tempor.","alignment":"sppb-text-left","class":"","global_text_color":"","global_link_color":"","global_link_hover_color":"","global_use_background":"0","global_background_color":"","global_background_image":"","global_background_repeat":"no-repeat","global_background_size":"cover","global_background_attachment":"inherit","global_user_border":"0","global_border_width":"","global_border_color":"","global_boder_style":"none","global_border_radius":"","global_margin":"0 0 15px 0","global_padding":"","global_use_animation":"0","global_animation":"","global_animationduration":"300","global_animationdelay":"0","hidden_md":"0","hidden_sm":"0","hidden_xs":"0","acl":null}}]},{"id":1486544439318,"class_name":"col-md-4","visibility":true,"settings":{"color":"","background":"rgba(253, 181, 9, 1)","background_image":"","overlay":"","background_repeat":"no-repeat","background_size":"cover","background_attachment":"inherit","background_position":"0 0","padding":"115px 50px 100px 50px","class":"","sm_col":"","xs_col":"","hidden_xs":"","hidden_sm":"","hidden_md":"","animation":"","animationduration":"300","animationdelay":"0"},"addons":[{"id":1486632962517,"name":"feature","visibility":true,"settings":{"admin_label":"","title":"Interior Design","heading_selector":"h3","title_position":"left","title_fontsize":"24","title_lineheight":"","title_fontstyle":["uppercase","bold"],"title_letterspace":"1px","title_fontweight":"","title_text_color":"","title_margin_top":"0","title_margin_bottom":"22","title_url":"","url_appear":"title","feature_type":"image","feature_image":"https://sppagebuilder.com/sample-data/images/2017/02/09/svg-icon3.png","icon_name":"","icon_size":"36","icon_color":"","icon_background":"","icon_border_color":"","icon_border_width":"","icon_border_radius":"","icon_margin_top":"","icon_margin_bottom":"","icon_padding":"","text":"\t\t\t\t\t\tLorem ipsum dolor sit amet, consectetur adipisicing elit, sed do eiusmod tempor.","alignment":"sppb-text-left","class":"","global_text_color":"","global_link_color":"","global_link_hover_color":"","global_use_background":"0","global_background_color":"","global_background_image":"","global_background_repeat":"no-repeat","global_background_size":"cover","global_background_attachment":"inherit","global_user_border":"0","global_border_width":"","global_border_color":"","global_boder_style":"none","global_border_radius":"","global_margin":"0 0 15px 0","global_padding":"","global_use_animation":"0","global_animation":"","global_animationduration":"300","global_animationdelay":"0","hidden_md":"0","hidden_sm":"0","hidden_xs":"0","acl":null}}]}]},{"id":1486633810545,"visibility":true,"collapse":false,"settings":{"admin_label":"Our Projects","title":"","heading_selector":"h3","title_fontsize":"","title_fontweight":"","title_text_color":"","title_margin_top":"","title_margin_bottom":"","subtitle":"","subtitle_fontsize":"","title_position":"sppb-text-center","columns_equal_height":"0","fullscreen":"0","no_gutter":"0","id":"","class":"","padding":"140px 0px 50px 0px","margin":"0px 0px 0px 0px","color":"","background_color":"","background_image":"","overlay":"","background_repeat":"no-repeat","background_size":"cover","background_attachment":"fixed","background_position":"0 0","background_video":"0","background_video_mp4":"","background_video_ogv":"","hidden_xs":"","hidden_sm":"","hidden_md":"","animation":"","animationduration":"300","animationdelay":"0"},"layout":"12","columns":[{"id":1486633810546,"class_name":"col-md-12","visibility":true,"settings":{"color":"","background":"","background_image":"","overlay":"","background_repeat":"no-repeat","background_size":"cover","background_attachment":"scroll","background_position":"0 0","padding":"0 100px 0 100px","class":"","sm_col":"","xs_col":"","hidden_xs":"","hidden_sm":"","hidden_md":"","animation":"","animationduration":"300","animationdelay":"0"},"addons":[{"id":1486633940651,"name":"feature","visibility":true,"settings":{"admin_label":"","title":"Our Feature Project","heading_selector":"h3","title_position":"before","title_fontsize":"46","title_lineheight":"","title_fontstyle":null,"title_letterspace":"0","title_fontweight":"700","title_text_color":"","title_margin_top":"0","title_margin_bottom":"25","title_url":"","url_appear":"title","feature_type":"icon","feature_image":"","icon_name":"","icon_size":"36","icon_color":"","icon_background":"","icon_border_color":"","icon_border_width":"","icon_border_radius":"","icon_margin_top":"","icon_margin_bottom":"","icon_padding":"","text":"\t\t\t","alignment":"sppb-text-center","class":"","global_text_color":"","global_link_color":"","global_link_hover_color":"","global_use_background":"0","global_background_color":"","global_background_image":"","global_background_repeat":"no-repeat","global_background_size":"cover","global_background_attachment":"inherit","global_user_border":"0","global_border_width":"","global_border_color":"","global_boder_style":"none","global_border_radius":"","global_margin":"","global_padding":"","global_use_animation":"0","global_animation":"","global_animationduration":"300","global_animationdelay":"0","hidden_md":"0","hidden_sm":"0","hidden_xs":"0","acl":null}},{"id":1486635135054,"name":"feature","visibility":true,"settings":{"admin_label":"","title":"The comments below are just a sample of the 22.500 clients worldwide","heading_selector":"h4","title_position":"before","title_fontsize":"16","title_lineheight":"","title_fontstyle":null,"title_letterspace":"1px","title_fontweight":"400","title_text_color":"","title_margin_top":"","title_margin_bottom":"","title_url":"","url_appear":"title","feature_type":"icon","feature_image":"","icon_name":"","icon_size":"36","icon_color":"","icon_background":"","icon_border_color":"","icon_border_width":"","icon_border_radius":"","icon_margin_top":"","icon_margin_bottom":"","icon_padding":"","text":"\t","alignment":"sppb-text-center","class":"","global_text_color":"","global_link_color":"","global_link_hover_color":"","global_use_background":"0","global_background_color":"","global_background_image":"","global_background_repeat":"no-repeat","global_background_size":"cover","global_background_attachment":"inherit","global_user_border":"0","global_border_width":"","global_border_color":"","global_boder_style":"none","global_border_radius":"","global_margin":"0 0 40px 0","global_padding":"","global_use_animation":"0","global_animation":"","global_animationduration":"300","global_animationdelay":"0","hidden_md":"0","hidden_sm":"0","hidden_xs":"0","acl":null}},{"id":1486634222395,"type":"inner_row","settings":{"admin_label":"","title":"","heading_selector":"h3","title_fontsize":"","title_fontweight":"","title_text_color":"","title_margin_top":"","title_margin_bottom":"","subtitle":"","subtitle_fontsize":"","title_position":"sppb-text-center","columns_equal_height":"0","fullscreen":"0","no_gutter":"1","id":"","class":"","padding":"50px 0px 80px 0px","margin":"0px 0px 0px 0px","color":"","background_color":"","background_image":"","overlay":"","background_repeat":"no-repeat","background_size":"cover","background_attachment":"fixed","background_position":"0 0","background_video":"0","background_video_mp4":"","background_video_ogv":"","hidden_xs":"","hidden_sm":"","hidden_md":"","animation":"fadeIn","animationduration":"","animationdelay":""},"layout":"7,5","visibility":true,"columns":[{"id":1486634222396,"class_name":"col-md-7","visibility":true,"settings":{},"addons":[{"id":1486634637593,"name":"image","visibility":true,"settings":{"admin_label":"Hotel Rajmi","title":"","heading_selector":"h3","title_fontsize":"","title_lineheight":"","title_fontstyle":null,"title_letterspace":"0","title_fontweight":"","title_text_color":"","title_margin_top":"","title_margin_bottom":"","image":"https://sppagebuilder.com/sample-data/images/2017/02/09/project1.jpg","alt_text":"Project image","position":"sppb-text-center","open_lightbox":"0","overlay_color":"rgba(119, 219, 31, 0.5)","link":"","target":"","class":"","global_text_color":"","global_link_color":"","global_link_hover_color":"","global_use_background":"0","global_background_color":"","global_background_image":"","global_background_repeat":"no-repeat","global_background_size":"cover","global_background_attachment":"inherit","global_user_border":"0","global_border_width":"","global_border_color":"","global_boder_style":"none","global_border_radius":"","global_margin":"","global_padding":"","global_use_animation":"0","global_animation":"","global_animationduration":"300","global_animationdelay":"0","hidden_md":"0","hidden_sm":"0","hidden_xs":"0","acl":null},"htmlContent":"<div id=\"sppb-addon-1486634637593\" class=\"clearfix\" ><div class=\"sppb-addon sppb-addon-single-image sppb-text-center \"><div class=\"sppb-addon-content\"><div class=\"sppb-addon-single-image-container\"><img class=\"sppb-img-responsive\" src=\"https://sppagebuilder.com/sample-data/images/2017/02/09/project1.jpg\" alt=\"Project image\"></div></div></div></div>","assets":[]}]},{"id":1486634222399,"class_name":"col-md-5","visibility":true,"settings":{"color":"","background":"rgba(245, 245, 245, 1)","background_image":"","overlay":"","background_repeat":"no-repeat","background_size":"cover","background_attachment":"scroll","background_position":"0 0","padding":"10px 35px 22px 35px","class":"","sm_col":"","xs_col":"","hidden_xs":"","hidden_sm":"","hidden_md":"","animation":"","animationduration":"300","animationdelay":"0"},"addons":[{"id":1486634730951,"name":"text_block","visibility":true,"settings":{"admin_label":"","title":"Hotel Rajmi","heading_selector":"h3","title_fontsize":"24","title_lineheight":"","title_fontstyle":["uppercase"],"title_letterspace":"0","title_fontweight":"700","title_text_color":"","title_margin_top":"30","title_margin_bottom":"43","text":"\t<strong>Project :</strong> Under Construction<br /> <strong>Handover Date:</strong> 28 Jan, 2018 <br /><strong>Budget:</strong> $50,00,000<br /><br />Lorem ipsum dolor sit amet, consectetur adipisicing elit, sed do eiusmod tempor incididunt ut labore et dolore magna aliqua.","alignment":"sppb-text-left","class":"","global_text_color":"","global_link_color":"","global_link_hover_color":"","global_use_background":"0","global_background_color":"","global_background_image":"","global_background_repeat":"no-repeat","global_background_size":"cover","global_background_attachment":"inherit","global_user_border":"0","global_border_width":"","global_border_color":"","global_boder_style":"none","global_border_radius":"","global_margin":"","global_padding":"","global_use_animation":"0","global_animation":"","global_animationduration":"300","global_animationdelay":"0","hidden_md":"0","hidden_sm":"0","hidden_xs":"0","acl":null},"htmlContent":"<div id=\"sppb-addon-1486634730951\" class=\"clearfix\" ><div class=\"sppb-addon sppb-addon-text-block sppb-text-left \"><h3 class=\"sppb-addon-title\">Hotel Rajmi</h3><div class=\"sppb-addon-content\">\t<strong>Project :</strong> Under Construction<br /> <strong>Handover Date:</strong> 28 Jan, 2018 <br /><strong>Budget:</strong> $50,00,000<br /><br />Lorem ipsum dolor sit amet, consectetur adipisicing elit, sed do eiusmod tempor incididunt ut labore et dolore magna aliqua.</div></div></div>","assets":{"css":"#sppb-addon-1486634730951 .sppb-addon-title {\nmargin-top:30px;margin-bottom:43px;font-size:24px;line-height:24px;font-weight:700;text-transform: uppercase;}\n"}},{"id":1485944590899,"name":"button","visibility":true,"settings":{"admin_label":"","text":"Read More","alignment":"sppb-text-left","fontstyle":["uppercase","bold"],"letterspace":"1px","url":"#","target":"","type":"custom","appearance":"","background_color":"","color":"rgba(34, 34, 34, 1)","background_color_hover":"","color_hover":"rgba(0, 0, 0, 1)","size":"","shape":"rounded","block":"","icon":"fa-caret-right","icon_position":"right","class":"","global_text_color":"","global_link_color":"","global_link_hover_color":"","global_use_background":"0","global_background_color":"","global_background_image":"","global_background_repeat":"no-repeat","global_background_size":"cover","global_background_attachment":"inherit","global_user_border":"0","global_border_width":"","global_border_color":"","global_boder_style":"none","global_border_radius":"","global_margin":"20px 0 0 -15px","global_padding":"","global_use_animation":"0","global_animation":"","global_animationduration":"300","global_animationdelay":"0","hidden_md":"0","hidden_sm":"0","hidden_xs":"0","acl":null},"htmlContent":"<div id=\"sppb-addon-1485944590899\" class=\"clearfix\" ><div class=\"sppb-text-left\"><a href=\"#\" id=\"btn-1485944590899\" class=\"sppb-btn  sppb-btn-custom sppb-btn-rounded\">Read More <i class=\"fa fa-caret-right\"></i></a></div></div>","assets":{"css":"#sppb-addon-1485944590899 {\nmargin: 20px 0 0 -15px;\n}\n#sppb-addon-1485944590899 #btn-1485944590899.sppb-btn-custom{letter-spacing: 1px;text-transform: uppercase;font-weight: bold;}#sppb-addon-1485944590899 #btn-1485944590899.sppb-btn-custom { color: rgba(181, 181, 181, 1);}#sppb-addon-1485944590899 #btn-1485944590899.sppb-btn-custom:hover { color: rgba(34, 34, 34, 1);}"}}]}]},{"id":1486635923747,"type":"inner_row","settings":{"admin_label":"","title":"","heading_selector":"h3","title_fontsize":"","title_fontweight":"","title_text_color":"","title_margin_top":"","title_margin_bottom":"","subtitle":"","subtitle_fontsize":"","title_position":"sppb-text-center","columns_equal_height":"0","fullscreen":"0","no_gutter":"1","id":"","class":"","padding":"50px 0px 80px 0px","margin":"0px 0px 0px 0px","color":"","background_color":"","background_image":"","overlay":"","background_repeat":"no-repeat","background_size":"cover","background_attachment":"fixed","background_position":"0 0","background_video":"0","background_video_mp4":"","background_video_ogv":"","hidden_xs":"","hidden_sm":"","hidden_md":"","animation":"fadeIn","animationduration":"300","animationdelay":"200"},"layout":"5,7","visibility":true,"columns":[{"id":1486635923748,"class_name":"col-md-5","visibility":true,"settings":{"color":"","background":"rgba(245, 245, 245, 1)","background_image":"","overlay":"","background_repeat":"no-repeat","background_size":"cover","background_attachment":"scroll","background_position":"0 0","padding":"10px 35px 22px 35px","class":"","sm_col":"","xs_col":"","hidden_xs":"","hidden_sm":"","hidden_md":"","animation":"","animationduration":"300","animationdelay":"0"},"addons":[{"id":1486635923751,"name":"text_block","visibility":true,"settings":{"admin_label":"","title":"Park House","heading_selector":"h3","title_fontsize":"24","title_lineheight":"","title_fontstyle":["uppercase"],"title_letterspace":"0","title_fontweight":"700","title_text_color":"","title_margin_top":"30","title_margin_bottom":"43","text":"\t\t\t\t\t<strong>Project :</strong> Under Construction<br /> <strong>Handover Date:</strong> 28 Jan, 2018 <br /><strong>Budget:</strong> $50,00,000<br /><br />Lorem ipsum dolor sit amet, consectetur adipisicing elit, sed do eiusmod tempor incididunt ut labore et dolore magna aliqua.","alignment":"sppb-text-left","class":"","global_text_color":"","global_link_color":"","global_link_hover_color":"","global_use_background":"0","global_background_color":"","global_background_image":"","global_background_repeat":"no-repeat","global_background_size":"cover","global_background_attachment":"inherit","global_user_border":"0","global_border_width":"","global_border_color":"","global_boder_style":"none","global_border_radius":"","global_margin":"","global_padding":"","global_use_animation":"0","global_animation":"","global_animationduration":"300","global_animationdelay":"0","hidden_md":"0","hidden_sm":"0","hidden_xs":"0","acl":null},"htmlContent":"<div id=\"sppb-addon-1486635923751\" class=\"clearfix\" ><div class=\"sppb-addon sppb-addon-text-block sppb-text-left \"><h3 class=\"sppb-addon-title\">Park House</h3><div class=\"sppb-addon-content\">\t\t\t\t<strong>Project :</strong> Under Construction<br /> <strong>Handover Date:</strong> 28 Jan, 2018 <br /><strong>Budget:</strong> $50,00,000<br /><br />Lorem ipsum dolor sit amet, consectetur adipisicing elit, sed do eiusmod tempor incididunt ut labore et dolore magna aliqua.</div></div></div>","assets":{"css":"#sppb-addon-1486635923751 .sppb-addon-title {\nmargin-top:30px;margin-bottom:43px;font-size:24px;line-height:24px;font-weight:700;text-transform: uppercase;}\n"}},{"id":1486635923752,"name":"button","visibility":true,"settings":{"admin_label":"","text":"Read More","alignment":"sppb-text-left","fontstyle":["uppercase","bold"],"letterspace":"1px","url":"#","target":"","type":"custom","appearance":"","background_color":"","color":"rgba(34, 34, 34, 1)","background_color_hover":"","color_hover":"rgba(0, 0, 0, 1)","size":"","shape":"rounded","block":"","icon":"fa-caret-right","icon_position":"right","class":"","global_text_color":"","global_link_color":"","global_link_hover_color":"","global_use_background":"0","global_background_color":"","global_background_image":"","global_background_repeat":"no-repeat","global_background_size":"cover","global_background_attachment":"inherit","global_user_border":"0","global_border_width":"","global_border_color":"","global_boder_style":"none","global_border_radius":"","global_margin":"20px 0 0 -15px","global_padding":"","global_use_animation":"0","global_animation":"","global_animationduration":"300","global_animationdelay":"0","hidden_md":"0","hidden_sm":"0","hidden_xs":"0","acl":null},"htmlContent":"<div id=\"sppb-addon-1486635923752\" class=\"clearfix\" ><div class=\"sppb-text-left\"><a href=\"#\" id=\"btn-1486635923752\" class=\"sppb-btn  sppb-btn-custom sppb-btn-rounded\">Read More <i class=\"fa fa-caret-right\"></i></a></div></div>","assets":{"css":"#sppb-addon-1486635923752 {\nmargin: 20px 0 0 -15px;\n}\n#sppb-addon-1486635923752 #btn-1486635923752.sppb-btn-custom{letter-spacing: 1px;text-transform: uppercase;font-weight: bold;}#sppb-addon-1486635923752 #btn-1486635923752.sppb-btn-custom { color: rgba(181, 181, 181, 1);}#sppb-addon-1486635923752 #btn-1486635923752.sppb-btn-custom:hover { color: rgba(34, 34, 34, 1);}"}}]},{"id":1486635923750,"class_name":"col-md-7","visibility":true,"settings":{},"addons":[{"id":1486635923749,"name":"image","visibility":true,"settings":{"admin_label":"Park House","title":"","heading_selector":"h3","title_fontsize":"","title_lineheight":"","title_fontstyle":null,"title_letterspace":"0","title_fontweight":"","title_text_color":"","title_margin_top":"","title_margin_bottom":"","image":"https://sppagebuilder.com/sample-data/images/2017/02/09/project2.jpg","alt_text":"Project image","position":"sppb-text-center","open_lightbox":"0","overlay_color":"rgba(119, 219, 31, 0.5)","link":"","target":"","class":"","global_text_color":"","global_link_color":"","global_link_hover_color":"","global_use_background":"0","global_background_color":"","global_background_image":"","global_background_repeat":"no-repeat","global_background_size":"cover","global_background_attachment":"inherit","global_user_border":"0","global_border_width":"","global_border_color":"","global_boder_style":"none","global_border_radius":"","global_margin":"","global_padding":"","global_use_animation":"0","global_animation":"","global_animationduration":"300","global_animationdelay":"0","hidden_md":"0","hidden_sm":"0","hidden_xs":"0","acl":null},"htmlContent":"<div id=\"sppb-addon-1486635923749\" class=\"clearfix\" ><div class=\"sppb-addon sppb-addon-single-image sppb-text-center \"><div class=\"sppb-addon-content\"><div class=\"sppb-addon-single-image-container\"><img class=\"sppb-img-responsive\" src=\"https://sppagebuilder.com/sample-data/images/2017/02/09/project2.jpg\" alt=\"Project image\"></div></div></div></div>","assets":[]}]}]},{"id":1486639956341,"type":"inner_row","settings":{"admin_label":"","title":"","heading_selector":"h3","title_fontsize":"","title_fontweight":"","title_text_color":"","title_margin_top":"","title_margin_bottom":"","subtitle":"","subtitle_fontsize":"","title_position":"sppb-text-center","columns_equal_height":"0","fullscreen":"0","no_gutter":"1","id":"","class":"","padding":"50px 0px 50px 0px","margin":"0px 0px 0px 0px","color":"","background_color":"","background_image":"","overlay":"","background_repeat":"no-repeat","background_size":"cover","background_attachment":"fixed","background_position":"0 0","background_video":"0","background_video_mp4":"","background_video_ogv":"","hidden_xs":"","hidden_sm":"","hidden_md":"","animation":"fadeIn","animationduration":"","animationdelay":"400"},"layout":"7,5","visibility":true,"columns":[{"id":1486639956342,"class_name":"col-md-7","visibility":true,"settings":{},"addons":[{"id":1486639956343,"name":"image","visibility":true,"settings":{"admin_label":"Idea Center","title":"","heading_selector":"h3","title_fontsize":"","title_lineheight":"","title_fontstyle":null,"title_letterspace":"0","title_fontweight":"","title_text_color":"","title_margin_top":"","title_margin_bottom":"","image":"https://sppagebuilder.com/sample-data/images/2017/02/09/project3.jpg","alt_text":"Project image","position":"sppb-text-center","open_lightbox":"0","overlay_color":"rgba(119, 219, 31, 0.5)","link":"","target":"","class":"","global_text_color":"","global_link_color":"","global_link_hover_color":"","global_use_background":"0","global_background_color":"","global_background_image":"","global_background_repeat":"no-repeat","global_background_size":"cover","global_background_attachment":"inherit","global_user_border":"0","global_border_width":"","global_border_color":"","global_boder_style":"none","global_border_radius":"","global_margin":"","global_padding":"","global_use_animation":"0","global_animation":"","global_animationduration":"300","global_animationdelay":"0","hidden_md":"0","hidden_sm":"0","hidden_xs":"0","acl":null},"htmlContent":"<div id=\"sppb-addon-1486639956343\" class=\"clearfix\" ><div class=\"sppb-addon sppb-addon-single-image sppb-text-center \"><div class=\"sppb-addon-content\"><div class=\"sppb-addon-single-image-container\"><img class=\"sppb-img-responsive\" src=\"https://sppagebuilder.com/sample-data/images/2017/02/09/project3.jpg\" alt=\"Project image\"></div></div></div></div>","assets":[]}]},{"id":1486639956344,"class_name":"col-md-5","visibility":true,"settings":{"color":"","background":"rgba(245, 245, 245, 1)","background_image":"","overlay":"","background_repeat":"no-repeat","background_size":"cover","background_attachment":"scroll","background_position":"0 0","padding":"10px 35px 22px 35px","class":"","sm_col":"","xs_col":"","hidden_xs":"","hidden_sm":"","hidden_md":"","animation":"","animationduration":"300","animationdelay":"0"},"addons":[{"id":1486639956345,"name":"text_block","visibility":true,"settings":{"admin_label":"","title":"Idea Center","heading_selector":"h3","title_fontsize":"24","title_lineheight":"","title_fontstyle":["uppercase"],"title_letterspace":"0","title_fontweight":"700","title_text_color":"","title_margin_top":"30","title_margin_bottom":"43","text":"\t\t<strong>Project :</strong> Under Construction<br /> <strong>Handover Date:</strong> 28 Jan, 2018 <br /><strong>Budget:</strong> $50,00,000<br /><br />Lorem ipsum dolor sit amet, consectetur adipisicing elit, sed do eiusmod tempor incididunt ut labore et dolore magna aliqua.","alignment":"sppb-text-left","class":"","global_text_color":"","global_link_color":"","global_link_hover_color":"","global_use_background":"0","global_background_color":"","global_background_image":"","global_background_repeat":"no-repeat","global_background_size":"cover","global_background_attachment":"inherit","global_user_border":"0","global_border_width":"","global_border_color":"","global_boder_style":"none","global_border_radius":"","global_margin":"","global_padding":"","global_use_animation":"0","global_animation":"","global_animationduration":"300","global_animationdelay":"0","hidden_md":"0","hidden_sm":"0","hidden_xs":"0","acl":null},"htmlContent":"<div id=\"sppb-addon-1486639956345\" class=\"clearfix\" ><div class=\"sppb-addon sppb-addon-text-block sppb-text-left \"><h3 class=\"sppb-addon-title\">Idea Center</h3><div class=\"sppb-addon-content\">\t\t<strong>Project :</strong> Under Construction<br /> <strong>Handover Date:</strong> 28 Jan, 2018 <br /><strong>Budget:</strong> $50,00,000<br /><br />Lorem ipsum dolor sit amet, consectetur adipisicing elit, sed do eiusmod tempor incididunt ut labore et dolore magna aliqua.</div></div></div>","assets":{"css":"#sppb-addon-1486639956345 .sppb-addon-title {\nmargin-top:30px;margin-bottom:43px;font-size:24px;line-height:24px;font-weight:700;text-transform: uppercase;}\n"}},{"id":1486639956346,"name":"button","visibility":true,"settings":{"admin_label":"","text":"Read More","alignment":"sppb-text-left","fontstyle":["uppercase","bold"],"letterspace":"1px","url":"#","target":"","type":"custom","appearance":"","background_color":"","color":"rgba(34, 34, 34, 1)","background_color_hover":"","color_hover":"rgba(0, 0, 0, 1)","size":"","shape":"rounded","block":"","icon":"fa-caret-right","icon_position":"right","class":"","global_text_color":"","global_link_color":"","global_link_hover_color":"","global_use_background":"0","global_background_color":"","global_background_image":"","global_background_repeat":"no-repeat","global_background_size":"cover","global_background_attachment":"inherit","global_user_border":"0","global_border_width":"","global_border_color":"","global_boder_style":"none","global_border_radius":"","global_margin":"20px 0 0 -15px","global_padding":"","global_use_animation":"0","global_animation":"","global_animationduration":"300","global_animationdelay":"0","hidden_md":"0","hidden_sm":"0","hidden_xs":"0","acl":null},"htmlContent":"<div id=\"sppb-addon-1486639956346\" class=\"clearfix\" ><div class=\"sppb-text-left\"><a href=\"#\" id=\"btn-1486639956346\" class=\"sppb-btn  sppb-btn-custom sppb-btn-rounded\">Read More <i class=\"fa fa-caret-right\"></i></a></div></div>","assets":{"css":"#sppb-addon-1486639956346 {\nmargin: 20px 0 0 -15px;\n}\n#sppb-addon-1486639956346 #btn-1486639956346.sppb-btn-custom{letter-spacing: 1px;text-transform: uppercase;font-weight: bold;}#sppb-addon-1486639956346 #btn-1486639956346.sppb-btn-custom { color: rgba(181, 181, 181, 1);}#sppb-addon-1486639956346 #btn-1486639956346.sppb-btn-custom:hover { color: rgba(34, 34, 34, 1);}"}}]}]},{"id":1486639981580,"type":"inner_row","settings":{"admin_label":"","title":"","heading_selector":"h3","title_fontsize":"","title_fontweight":"","title_text_color":"","title_margin_top":"","title_margin_bottom":"","subtitle":"","subtitle_fontsize":"","title_position":"sppb-text-center","columns_equal_height":"0","fullscreen":"0","no_gutter":"0","id":"","class":"","padding":"43px 0px 83px 0px","margin":"0px 0px 0px 0px","color":"","background_color":"","background_image":"","overlay":"","background_repeat":"no-repeat","background_size":"cover","background_attachment":"fixed","background_position":"0 0","background_video":"0","background_video_mp4":"","background_video_ogv":"","hidden_xs":"","hidden_sm":"","hidden_md":"","animation":"fadeIn","animationduration":"","animationdelay":"600"},"layout":"12","visibility":true,"columns":[{"id":1486639981581,"class_name":"col-md-12","visibility":true,"settings":{},"addons":[{"id":1486639981586,"name":"button","visibility":true,"settings":{"admin_label":"View All Project","text":"View All Project","alignment":"sppb-text-center","fontstyle":["uppercase","bold"],"letterspace":"1px","url":"#","target":"","type":"custom","appearance":"","background_color":"","color":"rgba(41, 41, 41, 1)","background_color_hover":"","color_hover":"rgba(255, 190, 35, 1)","size":"lg","shape":"rounded","block":"","icon":"fa-caret-right","icon_position":"right","class":"","global_text_color":"","global_link_color":"","global_link_hover_color":"","global_use_background":"0","global_background_color":"","global_background_image":"","global_background_repeat":"no-repeat","global_background_size":"cover","global_background_attachment":"inherit","global_user_border":"0","global_border_width":"","global_border_color":"","global_boder_style":"none","global_border_radius":"","global_margin":"40px 0 0 -15px","global_padding":"","global_use_animation":"0","global_animation":"","global_animationduration":"300","global_animationdelay":"0","hidden_md":"0","hidden_sm":"0","hidden_xs":"0","acl":null},"htmlContent":"<div id=\"sppb-addon-1486639981586\" class=\"clearfix\" ><div class=\"sppb-text-center\"><a href=\"#\" id=\"btn-1486639981586\" class=\"sppb-btn  sppb-btn-custom sppb-btn-lg sppb-btn-rounded\">View All Project <i class=\"fa fa-caret-right\"></i></a></div></div>","assets":{"css":"#sppb-addon-1486639981586 {\nmargin: 40px 0 0 -15px;\n}\n#sppb-addon-1486639981586 #btn-1486639981586.sppb-btn-custom{letter-spacing: 1px;text-transform: uppercase;font-weight: bold;}#sppb-addon-1486639981586 #btn-1486639981586.sppb-btn-custom { color: rgba(41, 41, 41, 1);}#sppb-addon-1486639981586 #btn-1486639981586.sppb-btn-custom:hover { color: rgba(255, 190, 35, 1);}"}}]}]}]}]},{"id":1486640755796,"visibility":true,"collapse":false,"settings":{"admin_label":"WORKING WITH US","title":"","heading_selector":"h3","title_fontsize":"","title_fontweight":"","title_text_color":"","title_margin_top":"","title_margin_bottom":"","subtitle":"","subtitle_fontsize":"","title_position":"sppb-text-center","columns_equal_height":"0","fullscreen":"0","no_gutter":"0","id":"","class":"","padding":"145px 0px 150px 0px","margin":"0px 0px 0px 0px","color":"rgba(255, 255, 255, 1)","background_color":"","background_image":"https://sppagebuilder.com/sample-data/images/2017/02/09/constructor-cta.jpg","overlay":"","background_repeat":"no-repeat","background_size":"cover","background_attachment":"inherit","background_position":"50% 50%","background_video":"0","background_video_mp4":"","background_video_ogv":"","hidden_xs":"","hidden_sm":"","hidden_md":"","animation":"","animationduration":"300","animationdelay":"0"},"layout":"12","columns":[{"id":1486640755797,"class_name":"col-md-12","visibility":true,"settings":{"color":"","background":"","background_image":"","overlay":"","background_repeat":"no-repeat","background_size":"cover","background_attachment":"scroll","background_position":"0 0","padding":"","class":"","sm_col":"","xs_col":"","hidden_xs":"","hidden_sm":"","hidden_md":"","animation":"fadeIn","animationduration":"","animationdelay":"150"},"addons":[{"id":1486640755803,"name":"feature","visibility":true,"settings":{"admin_label":"","title":"WORKING WITH US","heading_selector":"h3","title_position":"before","title_fontsize":"22","title_lineheight":"","title_fontstyle":null,"title_letterspace":"0","title_fontweight":"700","title_text_color":"","title_margin_top":"0","title_margin_bottom":"5","title_url":"","url_appear":"title","feature_type":"icon","feature_image":"","icon_name":"","icon_size":"36","icon_color":"","icon_background":"","icon_border_color":"","icon_border_width":"","icon_border_radius":"","icon_margin_top":"","icon_margin_bottom":"","icon_padding":"","text":"\t\t\t\t","alignment":"sppb-text-left","class":"","global_text_color":"","global_link_color":"","global_link_hover_color":"","global_use_background":"0","global_background_color":"","global_background_image":"","global_background_repeat":"no-repeat","global_background_size":"cover","global_background_attachment":"inherit","global_user_border":"0","global_border_width":"","global_border_color":"","global_boder_style":"none","global_border_radius":"","global_margin":"","global_padding":"","global_use_animation":"0","global_animation":"","global_animationduration":"300","global_animationdelay":"0","hidden_md":"0","hidden_sm":"0","hidden_xs":"0","acl":null}},{"id":1486640755806,"name":"text_block","visibility":true,"settings":{"admin_label":"","title":"Contractors & Construction<br>\nManagers Since 1989","heading_selector":"h3","title_fontsize":"46","title_lineheight":"","title_fontstyle":null,"title_letterspace":"0","title_fontweight":"900","title_text_color":"","title_margin_top":"","title_margin_bottom":"","text":"\t\t\t\t\t","alignment":"sppb-text-left","class":"","global_text_color":"","global_link_color":"","global_link_hover_color":"","global_use_background":"0","global_background_color":"","global_background_image":"","global_background_repeat":"no-repeat","global_background_size":"cover","global_background_attachment":"inherit","global_user_border":"0","global_border_width":"","global_border_color":"","global_boder_style":"none","global_border_radius":"","global_margin":"0 0 40px 0","global_padding":"","global_use_animation":"0","global_animation":"","global_animationduration":"300","global_animationdelay":"0","hidden_md":"0","hidden_sm":"0","hidden_xs":"0","acl":null}},{"id":1486640755809,"name":"button","visibility":true,"settings":{"admin_label":"","text":"GET A QUOTE","alignment":"sppb-text-left","fontstyle":null,"letterspace":"2px","url":"","target":"","type":"custom","appearance":"","background_color":"rgba(255, 190, 35, 1)","color":"rgba(255, 255, 255, 1)","background_color_hover":"rgba(255, 255, 255, 1)","color_hover":"rgba(34, 34, 34, 1)","size":"xlg","shape":"round","block":"","icon":"","icon_position":"right","class":"","global_text_color":"","global_link_color":"","global_link_hover_color":"","global_use_background":"0","global_background_color":"","global_background_image":"","global_background_repeat":"no-repeat","global_background_size":"cover","global_background_attachment":"inherit","global_user_border":"0","global_border_width":"","global_border_color":"","global_boder_style":"none","global_border_radius":"40","global_margin":"","global_padding":"","global_use_animation":"0","global_animation":"","global_animationduration":"300","global_animationdelay":"0","hidden_md":"0","hidden_sm":"0","hidden_xs":"0","acl":null}}]}]},{"id":1486705829512,"visibility":true,"collapse":false,"settings":{"admin_label":"Our Partner","title":"","heading_selector":"h3","title_fontsize":"","title_fontweight":"","title_text_color":"","title_margin_top":"","title_margin_bottom":"","subtitle":"","subtitle_fontsize":"","title_position":"sppb-text-center","columns_equal_height":"0","fullscreen":"0","no_gutter":"0","id":"","class":"","padding":"140px 0px 150px 0px","margin":"0px 0px 0px 0px","color":"","background_color":"","background_image":"","overlay":"","background_repeat":"no-repeat","background_size":"cover","background_attachment":"fixed","background_position":"0 0","background_video":"0","background_video_mp4":"","background_video_ogv":"","hidden_xs":"","hidden_sm":"","hidden_md":"","animation":"","animationduration":"300","animationdelay":"0"},"layout":"12","columns":[{"id":1486705829513,"class_name":"col-md-12","visibility":true,"settings":{"color":"","background":"","background_image":"","overlay":"","background_repeat":"no-repeat","background_size":"cover","background_attachment":"scroll","background_position":"0 0","padding":"","class":"","sm_col":"","xs_col":"","hidden_xs":"","hidden_sm":"","hidden_md":"","animation":"","animationduration":"","animationdelay":""},"addons":[{"id":1486705829508,"name":"feature","visibility":true,"settings":{"admin_label":"","title":"Our Partner","heading_selector":"h3","title_position":"before","title_fontsize":"46","title_lineheight":"","title_fontstyle":null,"title_letterspace":"0","title_fontweight":"700","title_text_color":"","title_margin_top":"0","title_margin_bottom":"15","title_url":"","url_appear":"title","feature_type":"icon","feature_image":"","icon_name":"","icon_size":"36","icon_color":"","icon_background":"","icon_border_color":"","icon_border_width":"","icon_border_radius":"","icon_margin_top":"","icon_margin_bottom":"","icon_padding":"","text":"\t\t\t","alignment":"sppb-text-center","class":"","global_text_color":"","global_link_color":"","global_link_hover_color":"","global_use_background":"0","global_background_color":"","global_background_image":"","global_background_repeat":"no-repeat","global_background_size":"cover","global_background_attachment":"inherit","global_user_border":"0","global_border_width":"","global_border_color":"","global_boder_style":"none","global_border_radius":"","global_margin":"","global_padding":"","global_use_animation":"0","global_animation":"","global_animationduration":"300","global_animationdelay":"0","hidden_md":"0","hidden_sm":"0","hidden_xs":"0","acl":null}},{"id":1486705829511,"name":"feature","visibility":true,"settings":{"admin_label":"","title":"The comments below are just a sample of the 22.500 clients worldwide","heading_selector":"h4","title_position":"before","title_fontsize":"16","title_lineheight":"","title_fontstyle":null,"title_letterspace":"1px","title_fontweight":"400","title_text_color":"","title_margin_top":"","title_margin_bottom":"","title_url":"","url_appear":"title","feature_type":"icon","feature_image":"","icon_name":"","icon_size":"36","icon_color":"","icon_background":"","icon_border_color":"","icon_border_width":"","icon_border_radius":"","icon_margin_top":"","icon_margin_bottom":"","icon_padding":"","text":"\t","alignment":"sppb-text-center","class":"","global_text_color":"","global_link_color":"","global_link_hover_color":"","global_use_background":"0","global_background_color":"","global_background_image":"","global_background_repeat":"no-repeat","global_background_size":"cover","global_background_attachment":"inherit","global_user_border":"0","global_border_width":"","global_border_color":"","global_boder_style":"none","global_border_radius":"","global_margin":"0 0 40px 0","global_padding":"","global_use_animation":"0","global_animation":"","global_animationduration":"300","global_animationdelay":"0","hidden_md":"0","hidden_sm":"0","hidden_xs":"0","acl":null}},{"id":1486706381699,"name":"clients","visibility":true,"settings":{"admin_label":"","title":"","heading_selector":"h3","title_fontsize":"","title_lineheight":"","title_fontstyle":null,"title_letterspace":"0","title_fontweight":"","title_text_color":"","title_margin_top":"","title_margin_bottom":"","count":"sppb-col-sm-3","alignment":"sppb-text-left","class":"","sp_clients_item":[{"title":"","image":"https://sppagebuilder.com/sample-data/images/2017/02/10/client-logo4.png","url":"#"},{"title":"","image":"https://sppagebuilder.com/sample-data/images/2017/02/10/client-logo3.png","url":"#"},{"title":"","image":"https://sppagebuilder.com/sample-data/images/2017/02/10/client-logo2.png","url":"#"},{"title":"","image":"https://sppagebuilder.com/sample-data/images/2017/02/10/client-logo1.png","url":"#"}],"global_text_color":"","global_link_color":"","global_link_hover_color":"","global_use_background":"0","global_background_color":"","global_background_image":"","global_background_repeat":"no-repeat","global_background_size":"cover","global_background_attachment":"inherit","global_user_border":"0","global_border_width":"","global_border_color":"","global_boder_style":"none","global_border_radius":"","global_margin":"72px 0 0 0","global_padding":"","global_use_animation":"0","global_animation":"","global_animationduration":"300","global_animationdelay":"0","hidden_md":"0","hidden_sm":"0","hidden_xs":"0","acl":null}}]}]}]
