[{"id":1486018098900,"visibility":true,"collapse":false,"settings":{"admin_label":"Hero Section","title":"","heading_selector":"h3","title_fontsize":"","title_fontweight":"","title_text_color":"","title_margin_top":"","title_margin_bottom":"","subtitle":"","subtitle_fontsize":"","title_position":"sppb-text-center","columns_equal_height":"0","fullscreen":"0","no_gutter":"0","id":"","class":"","padding":"233px 0px 208px 0px","margin":"0px 0px 0px 0px","color":"","background_color":"","background_image":"https://sppagebuilder.com/sample-data/images/2017/03/07/app-landing-hero.jpg","overlay":"","background_repeat":"no-repeat","background_size":"cover","background_attachment":"inherit","background_position":"50% 50%","background_video":"0","background_video_mp4":"","background_video_ogv":"","hidden_xs":"","hidden_sm":"","hidden_md":"","animation":"","animationduration":"300","animationdelay":"0"},"layout":"12","columns":[{"id":1486018098901,"class_name":"col-md-12","visibility":true,"settings":{"color":"rgba(255, 255, 255, 1)","background":"","background_image":"","overlay":"","background_repeat":"no-repeat","background_size":"cover","background_attachment":"scroll","background_position":"0 0","padding":"","class":"","sm_col":"","xs_col":"","hidden_xs":"","hidden_sm":"","hidden_md":"","animation":"","animationduration":"300","animationdelay":"0"},"addons":[{"id":1486025708586,"name":"feature","visibility":true,"settings":{"admin_label":"","title":"Create Your  App Landing Page With SP Page builder","heading_selector":"h3","title_position":"before","title_fontsize":"60","title_lineheight":"72","title_fontstyle":["uppercase"],"title_letterspace":"0","title_fontweight":"900","title_text_color":"","title_margin_top":"","title_margin_bottom":"15","title_url":"","url_appear":"title","feature_type":"icon","feature_image":"","icon_name":"","icon_size":"36","icon_color":"","icon_background":"","icon_border_color":"","icon_border_width":"","icon_border_radius":"","icon_margin_top":"","icon_margin_bottom":"","icon_padding":"","text":"\t\t\t\t\t","alignment":"sppb-text-center","class":"","global_text_color":"","global_link_color":"","global_link_hover_color":"","global_use_background":"0","global_background_color":"","global_background_image":"","global_background_repeat":"no-repeat","global_background_size":"cover","global_background_attachment":"inherit","global_user_border":"0","global_border_width":"","global_border_color":"","global_boder_style":"none","global_border_radius":"","global_margin":"0 50px 0 50px","global_padding":"","global_use_animation":"1","global_animation":"flipInX","global_animationduration":"","global_animationdelay":"","hidden_md":"0","hidden_sm":"0","hidden_xs":"0","acl":null}},{"id":1486026117981,"type":"inner_row","settings":{"admin_label":"","title":"","heading_selector":"h3","title_fontsize":"","title_fontweight":"","title_text_color":"","title_margin_top":"","title_margin_bottom":"","subtitle":"","subtitle_fontsize":"","title_position":"sppb-text-center","columns_equal_height":"0","fullscreen":"0","no_gutter":"0","id":"","class":"","padding":"40px 0px 50px 0px","margin":"0px 0px 0px -10px","color":"","background_color":"","background_image":"","overlay":"","background_repeat":"no-repeat","background_size":"cover","background_attachment":"fixed","background_position":"0 0","background_video":"0","background_video_mp4":"","background_video_ogv":"","hidden_xs":"","hidden_sm":"","hidden_md":"","animation":"","animationduration":"300","animationdelay":"0"},"layout":"6,6","visibility":true,"columns":[{"id":1486026117982,"class_name":"col-md-6","visibility":true,"settings":{"color":"","background":"","background_image":"","overlay":"","background_repeat":"no-repeat","background_size":"cover","background_attachment":"scroll","background_position":"0 0","padding":"","class":"","sm_col":"","xs_col":"","hidden_xs":"","hidden_sm":"","hidden_md":"","animation":"fadeInLeft","animationduration":"600","animationdelay":"200"},"addons":[{"id":1486026191342,"name":"image","visibility":true,"settings":{"admin_label":"Apple Store Link","title":"","heading_selector":"h3","title_fontsize":"","title_lineheight":"","title_fontstyle":null,"title_letterspace":"0","title_fontweight":"","title_text_color":"","title_margin_top":"","title_margin_bottom":"","image":"https://sppagebuilder.com/sample-data/images/2017/02/02/app-btn.png","alt_text":"app store","position":"sppb-text-right","open_lightbox":"0","overlay_color":"rgba(119, 219, 31, 0.5)","link":"#","target":"","class":"","global_text_color":"","global_link_color":"","global_link_hover_color":"","global_use_background":"0","global_background_color":"","global_background_image":"","global_background_repeat":"no-repeat","global_background_size":"cover","global_background_attachment":"inherit","global_user_border":"0","global_border_width":"","global_border_color":"","global_boder_style":"none","global_border_radius":"","global_margin":"0 -15px 0 0","global_padding":"","global_use_animation":"0","global_animation":"","global_animationduration":"300","global_animationdelay":"0","hidden_md":"0","hidden_sm":"0","hidden_xs":"0","acl":null},"htmlContent":"<div id=\"sppb-addon-1486026191342\" class=\"clearfix\" ><div class=\"sppb-addon sppb-addon-single-image sppb-text-right \"><div class=\"sppb-addon-content\"><div class=\"sppb-addon-single-image-container\"><a  href=\"#\"><img class=\"sppb-img-responsive\" src=\"https://sppagebuilder.com/sample-data/images/2017/02/02/app-btn.png\" alt=\"app store\"></a></div></div></div></div>","assets":{"css":"#sppb-addon-1486026191342 {\nmargin: 0 -15px 0 0;\n}\n"}}]},{"id":1486026117994,"class_name":"col-md-6","visibility":true,"settings":{"color":"","background":"","background_image":"","overlay":"","background_repeat":"no-repeat","background_size":"cover","background_attachment":"scroll","background_position":"0 0","padding":"","class":"","sm_col":"","xs_col":"","hidden_xs":"","hidden_sm":"","hidden_md":"","animation":"fadeInRight","animationduration":"600","animationdelay":"400"},"addons":[{"id":1486026117987,"name":"image","visibility":true,"settings":{"admin_label":"Google Play Store Link","title":"","heading_selector":"h3","title_fontsize":"","title_lineheight":"","title_fontstyle":null,"title_letterspace":"0","title_fontweight":"","title_text_color":"","title_margin_top":"","title_margin_bottom":"","image":"https://sppagebuilder.com/sample-data/images/2017/02/02/app-btn2.png","alt_text":"app store","position":"sppb-text-left","open_lightbox":"0","overlay_color":"rgba(119, 219, 31, 0.5)","link":"#","target":"","class":"","global_text_color":"","global_link_color":"","global_link_hover_color":"","global_use_background":"0","global_background_color":"","global_background_image":"","global_background_repeat":"no-repeat","global_background_size":"cover","global_background_attachment":"inherit","global_user_border":"0","global_border_width":"","global_border_color":"","global_boder_style":"none","global_border_radius":"","global_margin":"0 0 0 -15px","global_padding":"","global_use_animation":"0","global_animation":"","global_animationduration":"300","global_animationdelay":"0","hidden_md":"0","hidden_sm":"0","hidden_xs":"0","acl":null},"htmlContent":"<div id=\"sppb-addon-1486026117987\" class=\"clearfix\" ><div class=\"sppb-addon sppb-addon-single-image sppb-text-left \"><div class=\"sppb-addon-content\"><div class=\"sppb-addon-single-image-container\"><a  href=\"#\"><img class=\"sppb-img-responsive\" src=\"https://sppagebuilder.com/sample-data/images/2017/02/02/app-btn2.png\" alt=\"app store\"></a></div></div></div></div>","assets":{"css":"#sppb-addon-1486026117987 {\nmargin: 0 0 0 -15px;\n}\n"}}]}]}]}]},{"id":1486112107063,"visibility":true,"collapse":false,"settings":{"admin_label":"","title":"ABOUT THE APP","heading_selector":"h3","title_fontsize":"46","title_fontweight":"900","title_text_color":"","title_margin_top":"","title_margin_bottom":"26","subtitle":"Lorem ipsum dolor sit amet, consectetur adipisicing elit, sed do eiusmod tempor incididunt ut <br>labore et dolore magna Aliqua Ut enim ad minim veniam,","subtitle_fontsize":"16","title_position":"sppb-text-center","columns_equal_height":"0","fullscreen":"0","no_gutter":"0","id":"","class":"","padding":"140px 0px 0px 0px","margin":"0px 0px 0px 0px","color":"","background_color":"","background_image":"","overlay":"","background_repeat":"no-repeat","background_size":"cover","background_attachment":"fixed","background_position":"0 0","background_video":"0","background_video_mp4":"","background_video_ogv":"","hidden_xs":"","hidden_sm":"","hidden_md":"","animation":"","animationduration":"300","animationdelay":"0"},"layout":"6,6","columns":[{"id":1486112107064,"class_name":"col-md-6","visibility":true,"settings":{"color":"","background":"","background_image":"","overlay":"","background_repeat":"no-repeat","background_size":"cover","background_attachment":"scroll","background_position":"0 0","padding":"100px 40px 0 0","class":"","sm_col":"","xs_col":"","hidden_xs":"","hidden_sm":"","hidden_md":"","animation":"","animationduration":"300","animationdelay":"0"},"addons":[{"id":1486113506863,"name":"feature","visibility":true,"settings":{"admin_label":"","title":"What id this app?","heading_selector":"h3","title_position":"left","title_fontsize":"18","title_lineheight":"","title_fontstyle":null,"title_letterspace":"0","title_fontweight":"700","title_text_color":"","title_margin_top":"","title_margin_bottom":"15","title_url":"","url_appear":"title","feature_type":"icon","feature_image":"","icon_name":"fa-tachometer","icon_size":"18","icon_color":"rgba(40, 152, 255, 1)","icon_background":"","icon_border_color":"","icon_border_width":"","icon_border_radius":"","icon_margin_top":"","icon_margin_bottom":"","icon_padding":"","text":"\t\t\t\t\tLorem ipsum dolor sit amet, consectetur adipisicing elit, sed do eiusmod tempor incididunt ut labore et dolore magna aliqua. Ut enim ad minim veniam.","alignment":"sppb-text-left","class":"","global_text_color":"","global_link_color":"","global_link_hover_color":"","global_use_background":"0","global_background_color":"","global_background_image":"","global_background_repeat":"no-repeat","global_background_size":"cover","global_background_attachment":"inherit","global_user_border":"0","global_border_width":"","global_border_color":"","global_boder_style":"none","global_border_radius":"","global_margin":"40px 0 35px 0","global_padding":"","global_use_animation":"0","global_animation":"","global_animationduration":"300","global_animationdelay":"0","hidden_md":"0","hidden_sm":"0","hidden_xs":"0","acl":null}},{"id":1486112107076,"name":"feature","visibility":true,"settings":{"admin_label":"","title":"How it work? ","heading_selector":"h3","title_position":"left","title_fontsize":"18","title_lineheight":"","title_fontstyle":null,"title_letterspace":"0","title_fontweight":"700","title_text_color":"","title_margin_top":"","title_margin_bottom":"15","title_url":"","url_appear":"title","feature_type":"icon","feature_image":"","icon_name":"fa-life-bouy","icon_size":"18","icon_color":"rgba(40, 152, 255, 1)","icon_background":"","icon_border_color":"","icon_border_width":"","icon_border_radius":"","icon_margin_top":"","icon_margin_bottom":"","icon_padding":"","text":"\t\t\t\t\tLorem ipsum dolor sit amet, consectetur adipisicing elit, sed do eiusmod tempor incididunt ut labore et dolore magna aliqua. Ut enim ad minim veniam.","alignment":"sppb-text-left","class":"","global_text_color":"","global_link_color":"","global_link_hover_color":"","global_use_background":"0","global_background_color":"","global_background_image":"","global_background_repeat":"no-repeat","global_background_size":"cover","global_background_attachment":"inherit","global_user_border":"0","global_border_width":"","global_border_color":"","global_boder_style":"none","global_border_radius":"","global_margin":"0 0 35px 0","global_padding":"","global_use_animation":"0","global_animation":"","global_animationduration":"300","global_animationdelay":"0","hidden_md":"0","hidden_sm":"0","hidden_xs":"0","acl":null}},{"id":1486112107083,"name":"feature","visibility":true,"settings":{"admin_label":"","title":"Why chose this app? ","heading_selector":"h3","title_position":"left","title_fontsize":"18","title_lineheight":"","title_fontstyle":null,"title_letterspace":"0","title_fontweight":"700","title_text_color":"","title_margin_top":"","title_margin_bottom":"15","title_url":"","url_appear":"title","feature_type":"icon","feature_image":"","icon_name":"fa-heart","icon_size":"18","icon_color":"rgba(40, 152, 255, 1)","icon_background":"","icon_border_color":"","icon_border_width":"","icon_border_radius":"","icon_margin_top":"","icon_margin_bottom":"","icon_padding":"","text":"\t\t\t\tLorem ipsum dolor sit amet, consectetur adipisicing elit, sed do eiusmod tempor incididunt ut labore et dolore magna aliqua. Ut enim ad minim veniam.","alignment":"sppb-text-left","class":"","global_text_color":"","global_link_color":"","global_link_hover_color":"","global_use_background":"0","global_background_color":"","global_background_image":"","global_background_repeat":"no-repeat","global_background_size":"cover","global_background_attachment":"inherit","global_user_border":"0","global_border_width":"","global_border_color":"","global_boder_style":"none","global_border_radius":"","global_margin":"","global_padding":"","global_use_animation":"0","global_animation":"","global_animationduration":"300","global_animationdelay":"0","hidden_md":"0","hidden_sm":"0","hidden_xs":"0","acl":null}}]},{"id":1486112107067,"class_name":"col-md-6","visibility":true,"settings":{},"addons":[{"id":1486113372682,"name":"image","visibility":true,"settings":{"admin_label":"App Screenshot ","title":"","heading_selector":"h3","title_fontsize":"","title_lineheight":"","title_fontstyle":null,"title_letterspace":"0","title_fontweight":"","title_text_color":"","title_margin_top":"","title_margin_bottom":"","image":"https://sppagebuilder.com/sample-data/images/2017/03/07/app-landing-img1.jpg","alt_text":"App features","position":"sppb-text-center","open_lightbox":"0","overlay_color":"rgba(119, 219, 31, 0.5)","link":"","target":"","class":"","global_text_color":"","global_link_color":"","global_link_hover_color":"","global_use_background":"0","global_background_color":"","global_background_image":"","global_background_repeat":"no-repeat","global_background_size":"cover","global_background_attachment":"inherit","global_user_border":"0","global_border_width":"","global_border_color":"","global_boder_style":"none","global_border_radius":"","global_margin":"35px 0 0 0","global_padding":"","global_use_animation":"0","global_animation":"","global_animationduration":"300","global_animationdelay":"0","hidden_md":"0","hidden_sm":"0","hidden_xs":"0","acl":null}}]}]},{"id":1486112107092,"visibility":true,"collapse":false,"settings":{"admin_label":"APP FEATURES","title":"AWESOME FEATURES","heading_selector":"h3","title_fontsize":"46","title_fontweight":"900","title_text_color":"","title_margin_top":"","title_margin_bottom":"20","subtitle":"If the screen appears blank when trying to view related services or web pages in LINE.\n","subtitle_fontsize":"16","title_position":"sppb-text-center","columns_equal_height":"0","fullscreen":"0","no_gutter":"0","id":"","class":"","padding":"145px 0px 150px 0px","margin":"0px 0px 0px 0px","color":"rgba(255, 255, 255, 1)","background_color":"rgba(25, 27, 39, 1)","background_image":"","overlay":"","background_repeat":"no-repeat","background_size":"cover","background_attachment":"fixed","background_position":"0 0","background_video":"0","background_video_mp4":"","background_video_ogv":"","hidden_xs":"","hidden_sm":"","hidden_md":"","animation":"","animationduration":"300","animationdelay":"0"},"layout":"4,4,4","columns":[{"id":1486112107093,"class_name":"col-md-4","visibility":true,"settings":{"color":"","background":"","background_image":"","overlay":"","background_repeat":"no-repeat","background_size":"cover","background_attachment":"scroll","background_position":"0 0","padding":"165px 25px 0 0","class":"","sm_col":"","xs_col":"","hidden_xs":"","hidden_sm":"","hidden_md":"","animation":"","animationduration":"300","animationdelay":"0"},"addons":[{"id":1486028673749,"name":"feature","visibility":true,"settings":{"admin_label":"","title":"Flexible","heading_selector":"h3","title_position":"right","title_fontsize":"20","title_lineheight":"","title_fontstyle":["bold"],"title_letterspace":"0","title_fontweight":"","title_text_color":"","title_margin_top":"","title_margin_bottom":"15","title_url":"","url_appear":"title","feature_type":"image","feature_image":"https://sppagebuilder.com/sample-data/images/2017/02/14/app-landing-icon1.png","icon_name":"","icon_size":"36","icon_color":"","icon_background":"","icon_border_color":"","icon_border_width":"","icon_border_radius":"","icon_margin_top":"","icon_margin_bottom":"","icon_padding":"","text":"\tLorem ipsum dolor sit amet, consectetur adipisicing elit, sed","alignment":"sppb-text-center","class":"","global_text_color":"","global_link_color":"","global_link_hover_color":"","global_use_background":"0","global_background_color":"","global_background_image":"","global_background_repeat":"no-repeat","global_background_size":"cover","global_background_attachment":"inherit","global_user_border":"0","global_border_width":"","global_border_color":"","global_boder_style":"none","global_border_radius":"","global_margin":"0 0 50px 0","global_padding":"","global_use_animation":"0","global_animation":"","global_animationduration":"300","global_animationdelay":"0","hidden_md":"0","hidden_sm":"0","hidden_xs":"0","acl":null}},{"id":1486112107118,"name":"feature","visibility":true,"settings":{"admin_label":"","title":"Simple & Light","heading_selector":"h3","title_position":"right","title_fontsize":"20","title_lineheight":"","title_fontstyle":["bold"],"title_letterspace":"0","title_fontweight":"","title_text_color":"","title_margin_top":"","title_margin_bottom":"15","title_url":"","url_appear":"title","feature_type":"image","feature_image":"https://sppagebuilder.com/sample-data/images/2017/02/14/app-landing-icon2.png","icon_name":"","icon_size":"36","icon_color":"","icon_background":"","icon_border_color":"","icon_border_width":"","icon_border_radius":"","icon_margin_top":"","icon_margin_bottom":"","icon_padding":"","text":"\tLorem ipsum dolor sit amet, consectetur adipisicing elit, sed&nbsp;","alignment":"sppb-text-center","class":"","global_text_color":"","global_link_color":"","global_link_hover_color":"","global_use_background":"0","global_background_color":"","global_background_image":"","global_background_repeat":"no-repeat","global_background_size":"cover","global_background_attachment":"inherit","global_user_border":"0","global_border_width":"","global_border_color":"","global_boder_style":"none","global_border_radius":"","global_margin":"0 0 50px 0","global_padding":"","global_use_animation":"0","global_animation":"","global_animationduration":"300","global_animationdelay":"0","hidden_md":"0","hidden_sm":"0","hidden_xs":"0","acl":null}},{"id":1486112107115,"name":"feature","visibility":true,"settings":{"admin_label":"","title":"Super Fast","heading_selector":"h3","title_position":"right","title_fontsize":"20","title_lineheight":"","title_fontstyle":["bold"],"title_letterspace":"0","title_fontweight":"","title_text_color":"","title_margin_top":"","title_margin_bottom":"15","title_url":"","url_appear":"title","feature_type":"image","feature_image":"https://sppagebuilder.com/sample-data/images/2017/02/14/app-landing-icon3.png","icon_name":"","icon_size":"36","icon_color":"","icon_background":"","icon_border_color":"","icon_border_width":"","icon_border_radius":"","icon_margin_top":"","icon_margin_bottom":"","icon_padding":"","text":"\tLorem ipsum dolor sit amet, consectetur adipisicing elit, sed&nbsp;","alignment":"sppb-text-center","class":"","global_text_color":"","global_link_color":"","global_link_hover_color":"","global_use_background":"0","global_background_color":"","global_background_image":"","global_background_repeat":"no-repeat","global_background_size":"cover","global_background_attachment":"inherit","global_user_border":"0","global_border_width":"","global_border_color":"","global_boder_style":"none","global_border_radius":"","global_margin":"0 0 50px 0","global_padding":"","global_use_animation":"0","global_animation":"","global_animationduration":"300","global_animationdelay":"0","hidden_md":"0","hidden_sm":"0","hidden_xs":"0","acl":null}}]},{"id":1486112107096,"class_name":"col-md-4","visibility":true,"settings":{},"addons":[{"id":1486026717348,"name":"image","visibility":true,"settings":{"admin_label":"App Screenshot","title":"","heading_selector":"h3","title_fontsize":"","title_lineheight":"","title_fontstyle":null,"title_letterspace":"0","title_fontweight":"","title_text_color":"","title_margin_top":"","title_margin_bottom":"","image":"https://sppagebuilder.com/sample-data/images/2017/03/07/app-landing-img2.png","alt_text":"mobile","position":"sppb-text-center","open_lightbox":"0","overlay_color":"rgba(119, 219, 31, 0.5)","link":"","target":"","class":"","global_text_color":"","global_link_color":"","global_link_hover_color":"","global_use_background":"0","global_background_color":"","global_background_image":"","global_background_repeat":"no-repeat","global_background_size":"cover","global_background_attachment":"inherit","global_user_border":"0","global_border_width":"","global_border_color":"","global_boder_style":"none","global_border_radius":"","global_margin":"35px 0 0 0","global_padding":"","global_use_animation":"0","global_animation":"","global_animationduration":"300","global_animationdelay":"0","hidden_md":"0","hidden_sm":"0","hidden_xs":"0","acl":null}}]},{"id":1486112107097,"class_name":"col-md-4","visibility":true,"settings":{"color":"","background":"","background_image":"","overlay":"","background_repeat":"no-repeat","background_size":"cover","background_attachment":"scroll","background_position":"0 0","padding":"165px 0 0 25px","class":"","sm_col":"","xs_col":"","hidden_xs":"","hidden_sm":"","hidden_md":"","animation":"","animationduration":"300","animationdelay":"0"},"addons":[{"id":1486112107100,"name":"feature","visibility":true,"settings":{"admin_label":"","title":"Strong Security","heading_selector":"h3","title_position":"left","title_fontsize":"20","title_lineheight":"","title_fontstyle":["bold"],"title_letterspace":"0","title_fontweight":"","title_text_color":"","title_margin_top":"","title_margin_bottom":"15","title_url":"","url_appear":"title","feature_type":"image","feature_image":"https://sppagebuilder.com/sample-data/images/2017/02/14/app-landing-icon4.png","icon_name":"","icon_size":"36","icon_color":"","icon_background":"","icon_border_color":"","icon_border_width":"","icon_border_radius":"","icon_margin_top":"","icon_margin_bottom":"","icon_padding":"","text":"\tLorem ipsum dolor sit amet, consectetur adipisicing elit, sed&nbsp;","alignment":"sppb-text-center","class":"","global_text_color":"","global_link_color":"","global_link_hover_color":"","global_use_background":"0","global_background_color":"","global_background_image":"","global_background_repeat":"no-repeat","global_background_size":"cover","global_background_attachment":"inherit","global_user_border":"0","global_border_width":"","global_border_color":"","global_boder_style":"none","global_border_radius":"","global_margin":"0 0 50px 0","global_padding":"","global_use_animation":"0","global_animation":"","global_animationduration":"300","global_animationdelay":"0","hidden_md":"0","hidden_sm":"0","hidden_xs":"0","acl":null}},{"id":1486112107106,"name":"feature","visibility":true,"settings":{"admin_label":"","title":"Easy to Customize","heading_selector":"h3","title_position":"left","title_fontsize":"20","title_lineheight":"","title_fontstyle":["bold"],"title_letterspace":"0","title_fontweight":"","title_text_color":"","title_margin_top":"","title_margin_bottom":"15","title_url":"","url_appear":"title","feature_type":"image","feature_image":"https://sppagebuilder.com/sample-data/images/2017/02/14/app-landing-icon5.png","icon_name":"","icon_size":"36","icon_color":"","icon_background":"","icon_border_color":"","icon_border_width":"","icon_border_radius":"","icon_margin_top":"","icon_margin_bottom":"","icon_padding":"","text":"\tLorem ipsum dolor sit amet, consectetur adipisicing elit, sed&nbsp;","alignment":"sppb-text-center","class":"","global_text_color":"","global_link_color":"","global_link_hover_color":"","global_use_background":"0","global_background_color":"","global_background_image":"","global_background_repeat":"no-repeat","global_background_size":"cover","global_background_attachment":"inherit","global_user_border":"0","global_border_width":"","global_border_color":"","global_boder_style":"none","global_border_radius":"","global_margin":"0 0 50px 0","global_padding":"","global_use_animation":"0","global_animation":"","global_animationduration":"300","global_animationdelay":"0","hidden_md":"0","hidden_sm":"0","hidden_xs":"0","acl":null}},{"id":1486112107103,"name":"feature","visibility":true,"settings":{"admin_label":"","title":"Sync all Time","heading_selector":"h3","title_position":"left","title_fontsize":"20","title_lineheight":"","title_fontstyle":["bold"],"title_letterspace":"0","title_fontweight":"","title_text_color":"","title_margin_top":"","title_margin_bottom":"15","title_url":"","url_appear":"title","feature_type":"image","feature_image":"https://sppagebuilder.com/sample-data/images/2017/02/14/app-landing-icon6.png","icon_name":"","icon_size":"36","icon_color":"","icon_background":"","icon_border_color":"","icon_border_width":"","icon_border_radius":"","icon_margin_top":"","icon_margin_bottom":"","icon_padding":"","text":"\tLorem ipsum dolor sit amet, consectetur adipisicing elit, sed&nbsp;","alignment":"sppb-text-center","class":"","global_text_color":"","global_link_color":"","global_link_hover_color":"","global_use_background":"0","global_background_color":"","global_background_image":"","global_background_repeat":"no-repeat","global_background_size":"cover","global_background_attachment":"inherit","global_user_border":"0","global_border_width":"","global_border_color":"","global_boder_style":"none","global_border_radius":"","global_margin":"0 0 50px 0","global_padding":"","global_use_animation":"0","global_animation":"","global_animationduration":"300","global_animationdelay":"0","hidden_md":"0","hidden_sm":"0","hidden_xs":"0","acl":null}}]}]},{"id":1486112107157,"visibility":true,"collapse":false,"settings":{"admin_label":"","title":"APPS OVERVIEW","heading_selector":"h3","title_fontsize":"46","title_fontweight":"900","title_text_color":"","title_margin_top":"","title_margin_bottom":"15","subtitle":"If the screen appears blank when trying to view related ","subtitle_fontsize":"16","title_position":"sppb-text-left","columns_equal_height":"0","fullscreen":"0","no_gutter":"0","id":"","class":"","padding":"140px 0px 10px 0px","margin":"0px 0px 0px 0px","color":"","background_color":"","background_image":"","overlay":"","background_repeat":"no-repeat","background_size":"cover","background_attachment":"fixed","background_position":"0 0","background_video":"0","background_video_mp4":"","background_video_ogv":"","hidden_xs":"","hidden_sm":"","hidden_md":"","animation":"","animationduration":"300","animationdelay":"0"},"layout":"12","columns":[{"id":1486112107158,"class_name":"col-md-12","visibility":true,"settings":{},"addons":[{"id":1486116443016,"name":"tab","visibility":true,"settings":{"admin_label":"","title":"","heading_selector":"h3","title_fontsize":"","title_lineheight":"","title_fontstyle":null,"title_letterspace":"0","title_fontweight":"","title_text_color":"","title_margin_top":"","title_margin_bottom":"","style":"lines","active_tab_bg":"#e5e5e5","active_tab_color":"rgba(40, 152, 255, 1)","class":"","sp_tab_item":[{"title":"REVIEWS ","icon":"","content":"<div class=\"row\" style=\"padding: 60px; font-size: 16px;\">\n<div class=\"col-sm-7\">\n<p>If the screen appears blank when trying to view related services or web pages in LINE, please update to the latest version of Android System WebView.</p>\n<ul style=\"padding-left: 15px;\">\n<li>Group video calls with friends, family, roommates and others</li>\n<li>Share photos and videos</li>\n<li>Express you rself with hundreds of free stickers!</li>\n<li>Encrypted chats and calls</li>\n<li>Optimized for Android tablets</li>\n<li>Avoid SMS and phone call charges</li>\n</ul>\n</div>\n<div class=\"col-sm-5\"><img src=\"https://sppagebuilder.com/sample-data/images/2017/02/01/app-landing-screen.png\" alt=\"app-layout\" width=\"449\" height=\"442\" /></div>\n</div>"},{"title":"WHAT'S NEW ","icon":"","content":"<div class=\"row\" style=\"padding: 60px; font-size: 16px;\">\n<div class=\"col-sm-7\">\n<p>If the screen appears blank when trying to view related services or web pages in LINE, please update to the latest version of Android System WebView.</p>\n<ul style=\"padding-left: 15px;\">\n<li>Group video calls with friends, family, roommates and others</li>\n<li>Share photos and videos</li>\n<li>Express you rself with hundreds of free stickers!</li>\n<li>Encrypted chats and calls</li>\n<li>Optimized for Android tablets</li>\n<li>Avoid SMS and phone call charges</li>\n</ul>\n</div>\n<div class=\"col-sm-5\"><img src=\"https://sppagebuilder.com/sample-data/images/2017/02/01/app-landing-screen.png\" alt=\"app-layout\" width=\"498\" height=\"464\" /></div>\n</div>"},{"title":"ADDITIONAL INFORMATION","icon":"","content":"<div class=\"row\" style=\"padding: 60px; font-size: 16px;\">\n<div class=\"col-sm-7\">\n<p>If the screen appears blank when trying to view related services or web pages in LINE, please update to the latest version of Android System WebView.</p>\n<ul style=\"padding-left: 15px;\">\n<li>Group video calls with friends, family, roommates and others</li>\n<li>Share photos and videos</li>\n<li>Express you rself with hundreds of free stickers!</li>\n<li>Encrypted chats and calls</li>\n<li>Optimized for Android tablets</li>\n<li>Avoid SMS and phone call charges</li>\n</ul>\n</div>\n<div class=\"col-sm-5\"><img src=\"https://sppagebuilder.com/sample-data/images/2017/02/01/app-landing-screen.png\" alt=\"app-layout\" width=\"316\" height=\"434\" /></div>\n</div>"}],"global_text_color":"","global_link_color":"","global_link_hover_color":"","global_use_background":"0","global_background_color":"","global_background_image":"","global_background_repeat":"no-repeat","global_background_size":"cover","global_background_attachment":"inherit","global_user_border":"0","global_border_width":"","global_border_color":"","global_boder_style":"none","global_border_radius":"","global_margin":"","global_padding":"","global_use_animation":"0","global_animation":"","global_animationduration":"300","global_animationdelay":"0","hidden_md":"0","hidden_sm":"0","hidden_xs":"0","acl":null}}]}]},{"id":1486121022213,"visibility":true,"collapse":false,"settings":{"admin_label":"App Reviews ","title":"","heading_selector":"h3","title_fontsize":"","title_fontweight":"","title_text_color":"","title_margin_top":"","title_margin_bottom":"","subtitle":"","subtitle_fontsize":"","title_position":"sppb-text-center","columns_equal_height":"0","fullscreen":"0","no_gutter":"0","id":"","class":"","padding":"150px 0px 150px 0px","margin":"0px 0px 0px 0px","color":"rgba(255, 255, 255, 1)","background_color":"","background_image":"https://sppagebuilder.com/sample-data/images/2017/02/03/testimonial-bg.jpg","overlay":"","background_repeat":"no-repeat","background_size":"cover","background_attachment":"inherit","background_position":"50% 50%","background_video":"0","background_video_mp4":"","background_video_ogv":"","hidden_xs":"","hidden_sm":"","hidden_md":"","animation":"","animationduration":"300","animationdelay":"0"},"layout":"2,8,2","columns":[{"id":1486121022214,"class_name":"col-md-2","visibility":true,"settings":{},"addons":[]},{"id":1486121022223,"class_name":"col-md-8","visibility":true,"settings":{},"addons":[{"id":1486121467940,"name":"text_block","visibility":true,"settings":{"admin_label":"Client Feedback","title":"","heading_selector":"h3","title_fontsize":"","title_lineheight":"","title_fontstyle":null,"title_letterspace":"0","title_fontweight":"","title_text_color":"","title_margin_top":"","title_margin_bottom":"","text":"\t\t<em>Lorem ipsum dolor sit amet, cons ectetur adipisicing elit, sed do eiusmod tempor .reet dolore magna aliqua. Ut enim ad minim veniam, quis nostrud exercitation. ullamco laboris nisi ut aliquip ex ea commodo consequat.</em>","alignment":"sppb-text-center","class":"","global_text_color":"","global_link_color":"","global_link_hover_color":"","global_use_background":"0","global_background_color":"","global_background_image":"","global_background_repeat":"no-repeat","global_background_size":"cover","global_background_attachment":"inherit","global_user_border":"0","global_border_width":"","global_border_color":"","global_boder_style":"none","global_border_radius":"","global_margin":"0 0 20px 0","global_padding":"","global_use_animation":"0","global_animation":"","global_animationduration":"300","global_animationdelay":"0","hidden_md":"0","hidden_sm":"0","hidden_xs":"0","acl":null}},{"id":1486121598636,"name":"feature","visibility":true,"settings":{"admin_label":"","title":"jakson Stoner","heading_selector":"h3","title_position":"before","title_fontsize":"16","title_lineheight":"","title_fontstyle":["uppercase"],"title_letterspace":"0","title_fontweight":"700","title_text_color":"","title_margin_top":"","title_margin_bottom":"","title_url":"","url_appear":"title","feature_type":"icon","feature_image":"","icon_name":"","icon_size":"36","icon_color":"","icon_background":"","icon_border_color":"","icon_border_width":"","icon_border_radius":"","icon_margin_top":"","icon_margin_bottom":"","icon_padding":"","text":"<span style=\"display: inline-block;\"><img class=\"\" src=\"https://sppagebuilder.com/sample-data/images/2017/02/01/star.png\" alt=\"\" width=\"66\" height=\"14\" /></span>","alignment":"sppb-text-center","class":"","global_text_color":"","global_link_color":"","global_link_hover_color":"","global_use_background":"0","global_background_color":"","global_background_image":"","global_background_repeat":"no-repeat","global_background_size":"cover","global_background_attachment":"inherit","global_user_border":"0","global_border_width":"","global_border_color":"","global_boder_style":"none","global_border_radius":"","global_margin":"","global_padding":"","global_use_animation":"0","global_animation":"","global_animationduration":"300","global_animationdelay":"0","hidden_md":"0","hidden_sm":"0","hidden_xs":"0","acl":null}}]},{"id":1486121022224,"class_name":"col-md-2","visibility":true,"settings":{},"addons":[]}]},{"id":1486028393398,"visibility":true,"collapse":false,"settings":{"admin_label":"App Screenshot","title":"HOME SCREEN ","heading_selector":"h3","title_fontsize":"46","title_fontweight":"900","title_text_color":"","title_margin_top":"","title_margin_bottom":"","subtitle":"Lorem ipsum dolor sit amet, consectetur adipisicing elit","subtitle_fontsize":"18","title_position":"sppb-text-center","columns_equal_height":"0","fullscreen":"0","no_gutter":"0","id":"","class":"","padding":"140px 0px 140px 0px","margin":"0px 0px 0px 0px","color":"","background_color":"rgba(250, 250, 250, 1)","background_image":"","overlay":"","background_repeat":"no-repeat","background_size":"cover","background_attachment":"inherit","background_position":"50% 50%","background_video":"0","background_video_mp4":"","background_video_ogv":"","hidden_xs":"","hidden_sm":"","hidden_md":"","animation":"","animationduration":"300","animationdelay":"0"},"layout":"3,3,3,3","columns":[{"id":1486028393399,"class_name":"col-md-3","visibility":true,"settings":{},"addons":[{"id":1486031035571,"name":"image","visibility":true,"settings":{"admin_label":"Screenshot 1","title":"","heading_selector":"h3","title_fontsize":"","title_lineheight":"","title_fontstyle":null,"title_letterspace":"0","title_fontweight":"","title_text_color":"","title_margin_top":"","title_margin_bottom":"","image":"https://sppagebuilder.com/sample-data/images/2017/03/07/app-landing-screen1.png","alt_text":"app screenshot","position":"sppb-text-center","open_lightbox":"0","overlay_color":"rgba(119, 219, 31, 0.5)","link":"","target":"","class":"","global_text_color":"","global_link_color":"","global_link_hover_color":"","global_use_background":"0","global_background_color":"","global_background_image":"","global_background_repeat":"no-repeat","global_background_size":"cover","global_background_attachment":"inherit","global_user_border":"0","global_border_width":"","global_border_color":"","global_boder_style":"none","global_border_radius":"","global_margin":"","global_padding":"","global_use_animation":"0","global_animation":"","global_animationduration":"300","global_animationdelay":"0","hidden_md":"0","hidden_sm":"0","hidden_xs":"0","acl":null}}]},{"id":1486028393404,"class_name":"col-md-3","visibility":true,"settings":{},"addons":[{"id":1486028393409,"name":"image","visibility":true,"settings":{"admin_label":"Screenshot 2","title":"","heading_selector":"h3","title_fontsize":"","title_lineheight":"","title_fontstyle":null,"title_letterspace":"0","title_fontweight":"","title_text_color":"","title_margin_top":"","title_margin_bottom":"","image":"https://sppagebuilder.com/sample-data/images/2017/03/07/app-landing-screen2.png","alt_text":"app screenshot","position":"sppb-text-center","open_lightbox":"0","overlay_color":"rgba(119, 219, 31, 0.5)","link":"","target":"","class":"","global_text_color":"","global_link_color":"","global_link_hover_color":"","global_use_background":"0","global_background_color":"","global_background_image":"","global_background_repeat":"no-repeat","global_background_size":"cover","global_background_attachment":"inherit","global_user_border":"0","global_border_width":"","global_border_color":"","global_boder_style":"none","global_border_radius":"","global_margin":"","global_padding":"","global_use_animation":"0","global_animation":"","global_animationduration":"300","global_animationdelay":"0","hidden_md":"0","hidden_sm":"0","hidden_xs":"0","acl":null}}]},{"id":1486028393405,"class_name":"col-md-3","visibility":true,"settings":{},"addons":[{"id":1486028393412,"name":"image","visibility":true,"settings":{"admin_label":"Screenshot 3","title":"","heading_selector":"h3","title_fontsize":"","title_lineheight":"","title_fontstyle":null,"title_letterspace":"0","title_fontweight":"","title_text_color":"","title_margin_top":"","title_margin_bottom":"","image":"https://sppagebuilder.com/sample-data/images/2017/03/07/app-landing-screen3.png","alt_text":"app screenshot","position":"sppb-text-center","open_lightbox":"0","overlay_color":"rgba(119, 219, 31, 0.5)","link":"","target":"","class":"","global_text_color":"","global_link_color":"","global_link_hover_color":"","global_use_background":"0","global_background_color":"","global_background_image":"","global_background_repeat":"no-repeat","global_background_size":"cover","global_background_attachment":"inherit","global_user_border":"0","global_border_width":"","global_border_color":"","global_boder_style":"none","global_border_radius":"","global_margin":"","global_padding":"","global_use_animation":"0","global_animation":"","global_animationduration":"300","global_animationdelay":"0","hidden_md":"0","hidden_sm":"0","hidden_xs":"0","acl":null}}]},{"id":1486028393406,"class_name":"col-md-3","visibility":true,"settings":{},"addons":[{"id":1486028393415,"name":"image","visibility":true,"settings":{"admin_label":"Screenshot 4","title":"","heading_selector":"h3","title_fontsize":"","title_lineheight":"","title_fontstyle":null,"title_letterspace":"0","title_fontweight":"","title_text_color":"","title_margin_top":"","title_margin_bottom":"","image":"https://sppagebuilder.com/sample-data/images/2017/03/07/app-landing-screen4.png","alt_text":"app screenshot","position":"sppb-text-center","open_lightbox":"0","overlay_color":"rgba(119, 219, 31, 0.5)","link":"","target":"","class":"","global_text_color":"","global_link_color":"","global_link_hover_color":"","global_use_background":"0","global_background_color":"","global_background_image":"","global_background_repeat":"no-repeat","global_background_size":"cover","global_background_attachment":"inherit","global_user_border":"0","global_border_width":"","global_border_color":"","global_boder_style":"none","global_border_radius":"","global_margin":"","global_padding":"","global_use_animation":"0","global_animation":"","global_animationduration":"300","global_animationdelay":"0","hidden_md":"0","hidden_sm":"0","hidden_xs":"0","acl":null}}]}]},{"id":1486102603691,"visibility":true,"collapse":false,"settings":{"admin_label":"","title":"DOWNLOAD APP","heading_selector":"h3","title_fontsize":"46","title_fontweight":"900","title_text_color":"","title_margin_top":"","title_margin_bottom":"","subtitle":"Lorem ipsum dolor sit amet, consectetur adipisicing elit","subtitle_fontsize":"18","title_position":"sppb-text-center","columns_equal_height":"0","fullscreen":"0","no_gutter":"0","id":"","class":"","padding":"140px 0px 138px 0px","margin":"0px 0px 0px 0px","color":"rgba(255, 255, 255, 1)","background_color":"rgba(25, 27, 39, 1)","background_image":"","overlay":"","background_repeat":"no-repeat","background_size":"cover","background_attachment":"inherit","background_position":"50% 50%","background_video":"0","background_video_mp4":"","background_video_ogv":"","hidden_xs":"","hidden_sm":"","hidden_md":"","animation":"","animationduration":"300","animationdelay":"0"},"layout":"4,3,5","columns":[{"id":1486102603692,"class_name":"col-md-4","visibility":true,"settings":{},"addons":[{"id":1486103110096,"name":"image","visibility":true,"settings":{"admin_label":"Apple Store Link","title":"","heading_selector":"h3","title_fontsize":"","title_lineheight":"","title_fontstyle":null,"title_letterspace":"0","title_fontweight":"","title_text_color":"","title_margin_top":"","title_margin_bottom":"","image":"https://sppagebuilder.com/sample-data/images/2017/02/03/btn-app-store.png","alt_text":"App store","position":"sppb-text-right","open_lightbox":"0","overlay_color":"rgba(119, 219, 31, 0.5)","link":"#","target":"","class":"","global_text_color":"","global_link_color":"","global_link_hover_color":"","global_use_background":"0","global_background_color":"","global_background_image":"","global_background_repeat":"no-repeat","global_background_size":"cover","global_background_attachment":"inherit","global_user_border":"0","global_border_width":"","global_border_color":"","global_boder_style":"none","global_border_radius":"","global_margin":"0 -25px 0 0","global_padding":"","global_use_animation":"0","global_animation":"","global_animationduration":"300","global_animationdelay":"0","hidden_md":"0","hidden_sm":"0","hidden_xs":"0","acl":null}}]},{"id":1486103623443,"class_name":"col-md-3","visibility":true,"settings":{},"addons":[{"id":1486102603700,"name":"image","visibility":true,"settings":{"admin_label":"Google Play Store Link","title":"","heading_selector":"h3","title_fontsize":"","title_lineheight":"","title_fontstyle":null,"title_letterspace":"0","title_fontweight":"","title_text_color":"","title_margin_top":"","title_margin_bottom":"","image":"https://sppagebuilder.com/sample-data/images/2017/02/03/btn-app-store2.png","alt_text":"Google Play","position":"sppb-text-left","open_lightbox":"0","overlay_color":"rgba(119, 219, 31, 0.5)","link":"#","target":"","class":"","global_text_color":"","global_link_color":"","global_link_hover_color":"","global_use_background":"0","global_background_color":"","global_background_image":"","global_background_repeat":"no-repeat","global_background_size":"cover","global_background_attachment":"inherit","global_user_border":"0","global_border_width":"","global_border_color":"","global_boder_style":"none","global_border_radius":"","global_margin":"","global_padding":"","global_use_animation":"0","global_animation":"","global_animationduration":"300","global_animationdelay":"0","hidden_md":"0","hidden_sm":"0","hidden_xs":"0","acl":null}}]},{"id":1486103623444,"class_name":"col-md-5","visibility":true,"settings":{},"addons":[{"id":1486102603697,"name":"image","visibility":true,"settings":{"admin_label":"Windows Store Link","title":"","heading_selector":"h3","title_fontsize":"","title_lineheight":"","title_fontstyle":null,"title_letterspace":"0","title_fontweight":"","title_text_color":"","title_margin_top":"","title_margin_bottom":"","image":"https://sppagebuilder.com/sample-data/images/2017/02/03/btn-windows-store.png","alt_text":"Windows store","position":"sppb-text-left","open_lightbox":"0","overlay_color":"rgba(119, 219, 31, 0.5)","link":"#","target":"","class":"","global_text_color":"","global_link_color":"","global_link_hover_color":"","global_use_background":"0","global_background_color":"","global_background_image":"","global_background_repeat":"no-repeat","global_background_size":"cover","global_background_attachment":"inherit","global_user_border":"0","global_border_width":"","global_border_color":"","global_boder_style":"none","global_border_radius":"","global_margin":"0 0 0 -43px","global_padding":"","global_use_animation":"0","global_animation":"","global_animationduration":"300","global_animationdelay":"0","hidden_md":"0","hidden_sm":"0","hidden_xs":"0","acl":null}}]}]}]
