[{"id":1494916807985,"visibility":true,"collapse":false,"settings":{"admin_label":"","title":"","heading_selector":"h3","title_fontsize":"","title_fontweight":"","title_text_color":"","title_margin_top":"","title_margin_bottom":"","subtitle":"","subtitle_fontsize":"","title_position":"sppb-text-center","columns_equal_height":"0","fullscreen":"0","no_gutter":"0","id":"","class":"","padding":"265px 0px 270px 0px","margin":"0px 0px 0px 0px","color":"rgba(255, 255, 255, 1)","background_color":"","background_image":"https://sppagebuilder.com/sample-data/images/2017/05/24/hero-img.jpg","overlay":"rgba(0, 0, 0, 0.3)","background_repeat":"no-repeat","background_size":"cover","background_attachment":"inherit","background_position":"50% 50%","background_video":"0","background_video_mp4":"","background_video_ogv":"","hidden_xs":"","hidden_sm":"","hidden_md":"","animation":"","animationduration":"300","animationdelay":"0"},"layout":"12","columns":[{"id":1494916807986,"class_name":"col-md-12","visibility":true,"settings":{},"addons":[{"id":1494916981815,"name":"heading","visibility":true,"settings":{"admin_label":"WE'RE GETTING MARRIED","title":"WE'RE GETTING MARRIED","heading_selector":"h2","use_link":"0","title_link":"","link_new_tab":"0","title_fontsize":"48","title_fontstyle":["uppercase"],"title_fontweight":"700","title_lineheight":"","title_letterspace":"4px","title_margin":"0px 0px 42px 0px","title_padding":"0px 0px 0px 0px","alignment":"sppb-text-center","class":"","global_text_color":"","global_link_color":"","global_link_hover_color":"","global_use_background":"0","global_background_color":"","global_background_image":"","global_background_repeat":"no-repeat","global_background_size":"cover","global_background_attachment":"inherit","global_user_border":"0","global_border_width":"","global_border_color":"","global_boder_style":"none","global_border_radius":"","global_margin":"","global_padding":"","global_use_animation":"1","global_animation":"fadeInLeft","global_animationduration":"700","global_animationdelay":"","hidden_md":"0","hidden_sm":"0","hidden_xs":"0","acl":null}},{"id":1494917275890,"name":"heading","visibility":true,"settings":{"admin_label":"JULY 19, 2017 / QUEENS / NEW YORK","title":"JULY 19, 2017 / QUEENS / NEW YORK","heading_selector":"h3","use_link":"0","title_link":"","link_new_tab":"0","title_fontsize":"18","title_fontstyle":["uppercase"],"title_fontweight":"400","title_lineheight":"1.3","title_letterspace":"4px","title_margin":"0 0 0 0","title_padding":"0px 0px 0px 0px","alignment":"sppb-text-center","class":"","global_text_color":"","global_link_color":"","global_link_hover_color":"","global_use_background":"0","global_background_color":"","global_background_image":"","global_background_repeat":"no-repeat","global_background_size":"cover","global_background_attachment":"inherit","global_user_border":"0","global_border_width":"","global_border_color":"","global_boder_style":"none","global_border_radius":"","global_margin":"","global_padding":"","global_use_animation":"1","global_animation":"fadeInRight","global_animationduration":"700","global_animationdelay":"","hidden_md":"0","hidden_sm":"0","hidden_xs":"0","acl":null}}]}]},{"id":1494917275901,"visibility":true,"collapse":false,"settings":{"admin_label":"","title":"","heading_selector":"h3","title_fontsize":"","title_fontweight":"","title_text_color":"","title_margin_top":"","title_margin_bottom":"","subtitle":"","subtitle_fontsize":"","title_position":"sppb-text-center","columns_equal_height":"0","fullscreen":"0","no_gutter":"0","id":"","class":"","padding":"98px 0px 95px 0px","margin":"0px 0px 0px 0px","color":"","background_color":"","background_image":"","overlay":"","background_repeat":"no-repeat","background_size":"cover","background_attachment":"fixed","background_position":"0 0","background_video":"0","background_video_mp4":"","background_video_ogv":"","hidden_xs":"","hidden_sm":"","hidden_md":"","animation":"","animationduration":"300","animationdelay":"0"},"layout":"3,6,3","columns":[{"id":1494917275902,"class_name":"col-md-3","visibility":true,"settings":{},"addons":[]},{"id":1494917275914,"class_name":"col-md-6","visibility":true,"settings":{},"addons":[{"id":1494917275905,"name":"heading","visibility":true,"settings":{"admin_label":"until we get married!","title":"until we get married!","heading_selector":"h3","use_link":"0","title_link":"","link_new_tab":"0","title_fontsize":"18","title_fontstyle":["uppercase"],"title_fontweight":"600","title_lineheight":"","title_letterspace":"4px","title_margin":"0 0 50px 0","title_padding":"0px 0px 0px 0px","alignment":"sppb-text-center","class":"","global_text_color":"rgba(255, 116, 92, 1)","global_link_color":"","global_link_hover_color":"","global_use_background":"0","global_background_color":"","global_background_image":"","global_background_repeat":"no-repeat","global_background_size":"cover","global_background_attachment":"inherit","global_user_border":"0","global_border_width":"","global_border_color":"","global_boder_style":"none","global_border_radius":"","global_margin":"","global_padding":"","global_use_animation":"0","global_animation":"","global_animationduration":"300","global_animationdelay":"0","hidden_md":"0","hidden_sm":"0","hidden_xs":"0","acl":null}},{"id":1494917600132,"name":"countdown","visibility":true,"settings":{"admin_label":"","title":"","heading_selector":"h3","title_fontsize":"","title_lineheight":"","title_fontstyle":null,"title_letterspace":"0","title_fontweight":"","title_text_color":"","title_margin_top":"","title_margin_bottom":"","date":"2018/05/25","time":"20:23","finish_text":"Finally we are here","counter_height":"40","counter_width":"40","counter_font_size":"40","counter_text_color":"rgba(255, 116, 92, 1)","counter_background_color":"","counter_user_border":"0","counter_border_width":"1","counter_border_color":"#e5e5e5","counter_border_style":"solid","counter_border_radius":"","label_font_size":"18","label_color":"rgba(255, 116, 92, 1)","class":"","global_text_color":"","global_link_color":"","global_link_hover_color":"","global_use_background":"0","global_background_color":"","global_background_image":"","global_background_repeat":"no-repeat","global_background_size":"cover","global_background_attachment":"inherit","global_user_border":"0","global_border_width":"","global_border_color":"","global_boder_style":"none","global_border_radius":"","global_margin":"","global_padding":"","global_use_animation":"0","global_animation":"","global_animationduration":"300","global_animationdelay":"0","hidden_md":"0","hidden_sm":"0","hidden_xs":"0","acl":null}}]},{"id":1494917275915,"class_name":"col-md-3","visibility":true,"settings":{},"addons":[]}]},{"id":1494917275918,"visibility":true,"collapse":false,"settings":{"admin_label":"","title":"","heading_selector":"h3","title_fontsize":"","title_fontweight":"","title_text_color":"","title_margin_top":"","title_margin_bottom":"","subtitle":"","subtitle_fontsize":"","title_position":"sppb-text-center","columns_equal_height":"0","fullscreen":"0","no_gutter":"0","id":"","class":"","padding":"100px 0px 82px 0px","margin":"0px 0px 0px 0px","color":"rgba(255, 255, 255, 1)","background_color":"rgba(255, 116, 92, 1)","background_image":"","overlay":"","background_repeat":"no-repeat","background_size":"cover","background_attachment":"fixed","background_position":"0 0","background_video":"0","background_video_mp4":"","background_video_ogv":"","hidden_xs":"","hidden_sm":"","hidden_md":"","animation":"","animationduration":"300","animationdelay":"0"},"layout":"4,4,4","columns":[{"id":1494917275919,"class_name":"col-md-4","visibility":true,"settings":{},"addons":[{"id":1494917947969,"name":"image","visibility":true,"settings":{"admin_label":"","title":"","heading_selector":"h3","title_fontsize":"","title_lineheight":"","title_fontstyle":null,"title_letterspace":"0","title_fontweight":"","title_text_color":"","title_margin_top":"","title_margin_bottom":"","image":"https://sppagebuilder.com/sample-data/images/2017/05/16/person1.png","alt_text":"person","position":"sppb-text-center","open_lightbox":"0","overlay_color":"rgba(119, 219, 31, 0.5)","link":"","target":"","class":"","global_text_color":"","global_link_color":"","global_link_hover_color":"","global_use_background":"0","global_background_color":"","global_background_image":"","global_background_repeat":"no-repeat","global_background_size":"cover","global_background_attachment":"inherit","global_user_border":"0","global_border_width":"","global_border_color":"","global_boder_style":"none","global_border_radius":"","global_margin":"","global_padding":"","global_use_animation":"0","global_animation":"","global_animationduration":"300","global_animationdelay":"0","hidden_md":"0","hidden_sm":"0","hidden_xs":"0","acl":null}}]},{"id":1494917275920,"class_name":"col-md-4","visibility":true,"settings":{"color":"","background":"","background_image":"","overlay":"","background_repeat":"no-repeat","background_size":"cover","background_attachment":"scroll","background_position":"0 0","padding":"30px 0 0 0","class":"","sm_col":"","xs_col":"","hidden_xs":"","hidden_sm":"","hidden_md":"","animation":"","animationduration":"300","animationdelay":"0"},"addons":[{"id":1494918006999,"name":"heading","visibility":true,"settings":{"admin_label":"YOU'RE INVITED","title":"YOU'RE INVITED","heading_selector":"h2","use_link":"0","title_link":"","link_new_tab":"0","title_fontsize":"38","title_fontstyle":["uppercase"],"title_fontweight":"700","title_lineheight":"","title_letterspace":"4px","title_margin":"0px 0px 10px 0px","title_padding":"0px 0px 0px 0px","alignment":"sppb-text-center","class":"","global_text_color":"","global_link_color":"","global_link_hover_color":"","global_use_background":"0","global_background_color":"","global_background_image":"","global_background_repeat":"no-repeat","global_background_size":"cover","global_background_attachment":"inherit","global_user_border":"0","global_border_width":"","global_border_color":"","global_boder_style":"none","global_border_radius":"","global_margin":"","global_padding":"","global_use_animation":"0","global_animation":"","global_animationduration":"300","global_animationdelay":"0","hidden_md":"0","hidden_sm":"0","hidden_xs":"0","acl":null}},{"id":1494918131741,"name":"text_block","visibility":true,"settings":{"admin_label":"On the 13th of December, 2017 ....","title":"On the 13th of December, 2017<br>\nMark Holts & Sally Craft<br>\nLaugheloped in Tucson, NY.","heading_selector":"h4","title_fontsize":"18","title_lineheight":"25","title_fontstyle":null,"title_letterspace":"0","title_fontweight":"300","title_text_color":"","title_margin_top":"","title_margin_bottom":"","text":"\t\t\t\t\t\t","alignment":"sppb-text-center","class":"","global_text_color":"","global_link_color":"","global_link_hover_color":"","global_use_background":"0","global_background_color":"","global_background_image":"","global_background_repeat":"no-repeat","global_background_size":"cover","global_background_attachment":"inherit","global_user_border":"0","global_border_width":"","global_border_color":"","global_boder_style":"none","global_border_radius":"","global_margin":"0 0 25px 0","global_padding":"","global_use_animation":"0","global_animation":"","global_animationduration":"300","global_animationdelay":"0","hidden_md":"0","hidden_sm":"0","hidden_xs":"0","acl":null}},{"id":1494918284966,"name":"button","visibility":true,"settings":{"admin_label":"learn more","text":"learn more","alignment":"sppb-text-center","fontstyle":["uppercase"],"letterspace":"0","url":"#","target":"","type":"custom","appearance":"","background_color":"rgba(255, 255, 255, 1)","color":"rgba(255, 116, 92, 1)","background_color_hover":"#222222","color_hover":"#ffffff","button_padding":"13px 40px 13px 40px","size":"","shape":"rounded","block":"","icon":"","icon_position":"left","class":"","global_text_color":"","global_link_color":"","global_link_hover_color":"","global_use_background":"0","global_background_color":"","global_background_image":"","global_background_repeat":"no-repeat","global_background_size":"cover","global_background_attachment":"inherit","global_user_border":"0","global_border_width":"","global_border_color":"","global_boder_style":"none","global_border_radius":"","global_margin":"0 0 30px 0","global_padding":"","global_use_animation":"0","global_animation":"","global_animationduration":"300","global_animationdelay":"0","hidden_md":"0","hidden_sm":"0","hidden_xs":"0","acl":null}}]},{"id":1494917275921,"class_name":"col-md-4","visibility":true,"settings":{},"addons":[{"id":1494917275926,"name":"image","visibility":true,"settings":{"admin_label":"","title":"","heading_selector":"h3","title_fontsize":"","title_lineheight":"","title_fontstyle":null,"title_letterspace":"0","title_fontweight":"","title_text_color":"","title_margin_top":"","title_margin_bottom":"","image":"https://sppagebuilder.com/sample-data/images/2017/05/16/person2.png","alt_text":"person","position":"sppb-text-center","open_lightbox":"0","overlay_color":"rgba(119, 219, 31, 0.5)","link":"","target":"","class":"","global_text_color":"","global_link_color":"","global_link_hover_color":"","global_use_background":"0","global_background_color":"","global_background_image":"","global_background_repeat":"no-repeat","global_background_size":"cover","global_background_attachment":"inherit","global_user_border":"0","global_border_width":"","global_border_color":"","global_boder_style":"none","global_border_radius":"","global_margin":"","global_padding":"","global_use_animation":"0","global_animation":"","global_animationduration":"300","global_animationdelay":"0","hidden_md":"0","hidden_sm":"0","hidden_xs":"0","acl":null}}]}]},{"id":1494917275959,"visibility":true,"collapse":false,"settings":{"admin_label":"","title":"","heading_selector":"h3","title_fontsize":"","title_fontweight":"","title_text_color":"","title_margin_top":"","title_margin_bottom":"","subtitle":"","subtitle_fontsize":"","title_position":"sppb-text-center","columns_equal_height":"0","fullscreen":"0","no_gutter":"0","id":"","class":"","padding":"100px 0px 100px 0px","margin":"0px 0px 0px 0px","color":"","background_color":"","background_image":"","overlay":"","background_repeat":"no-repeat","background_size":"cover","background_attachment":"fixed","background_position":"0 0","background_video":"0","background_video_mp4":"","background_video_ogv":"","hidden_xs":"","hidden_sm":"","hidden_md":"","animation":"fadeIn","animationduration":"700","animationdelay":"100"},"layout":"6,6","columns":[{"id":1494917275960,"class_name":"col-md-6","visibility":true,"settings":{"color":"","background":"","background_image":"","overlay":"","background_repeat":"no-repeat","background_size":"cover","background_attachment":"scroll","background_position":"0 0","padding":"85px 0 30px 0","class":"","sm_col":"","xs_col":"","hidden_xs":"","hidden_sm":"","hidden_md":"","animation":"","animationduration":"300","animationdelay":"0"},"addons":[{"id":1494918715746,"name":"heading","visibility":true,"settings":{"admin_label":"Sunday 12.30","title":"Sunday 12.30","heading_selector":"h2","use_link":"0","title_link":"","link_new_tab":"0","title_fontsize":"18","title_fontstyle":["uppercase"],"title_fontweight":"600","title_lineheight":"","title_letterspace":"3px","title_margin":"0px 0px 20px 0px","title_padding":"0px 0px 0px 0px","alignment":"sppb-text-left","class":"","global_text_color":"rgba(135, 135, 135, 1)","global_link_color":"","global_link_hover_color":"","global_use_background":"0","global_background_color":"","global_background_image":"","global_background_repeat":"no-repeat","global_background_size":"cover","global_background_attachment":"inherit","global_user_border":"0","global_border_width":"","global_border_color":"","global_boder_style":"none","global_border_radius":"","global_margin":"","global_padding":"","global_use_animation":"0","global_animation":"","global_animationduration":"300","global_animationdelay":"0","hidden_md":"0","hidden_sm":"0","hidden_xs":"0","acl":null}},{"id":1494918770215,"name":"heading","visibility":true,"settings":{"admin_label":"THE WEDDING","title":"THE WEDDING","heading_selector":"h3","use_link":"0","title_link":"","link_new_tab":"0","title_fontsize":"40","title_fontstyle":["uppercase"],"title_fontweight":"700","title_lineheight":"","title_letterspace":"5px","title_margin":"0px 0px 10px 0px","title_padding":"0px 0px 0px 0px","alignment":"sppb-text-left","class":"","global_text_color":"rgba(28, 28, 28, 1)","global_link_color":"","global_link_hover_color":"","global_use_background":"0","global_background_color":"","global_background_image":"","global_background_repeat":"no-repeat","global_background_size":"cover","global_background_attachment":"inherit","global_user_border":"0","global_border_width":"","global_border_color":"","global_boder_style":"none","global_border_radius":"","global_margin":"","global_padding":"","global_use_animation":"0","global_animation":"","global_animationduration":"300","global_animationdelay":"0","hidden_md":"0","hidden_sm":"0","hidden_xs":"0","acl":null}},{"id":1494918842838,"name":"text_block","visibility":true,"settings":{"admin_label":"Lorem Ipsum is simply ......","title":"Lorem Ipsum is simply dummy text of the printing and typesetting industry. Lorem Ipsum has been the industry's standard dummy text ever since the 1500s, when an unknown printer took a galley of type and scrambled it to make a type specimen book. It has survived not only five centuries, but also the leap into electronic typesetting, ","heading_selector":"h4","title_fontsize":"16","title_lineheight":"26","title_fontstyle":null,"title_letterspace":"0","title_fontweight":"300","title_text_color":"rgba(135, 135, 135, 1)","title_margin_top":"","title_margin_bottom":"","text":"\t\t","alignment":"sppb-text-left","class":"","global_text_color":"","global_link_color":"","global_link_hover_color":"","global_use_background":"0","global_background_color":"","global_background_image":"","global_background_repeat":"no-repeat","global_background_size":"cover","global_background_attachment":"inherit","global_user_border":"0","global_border_width":"","global_border_color":"","global_boder_style":"none","global_border_radius":"","global_margin":"","global_padding":"","global_use_animation":"0","global_animation":"","global_animationduration":"300","global_animationdelay":"0","hidden_md":"0","hidden_sm":"0","hidden_xs":"0","acl":null}}]},{"id":1494917275961,"class_name":"col-md-6","visibility":true,"settings":{},"addons":[{"id":1494920947249,"name":"image","visibility":true,"settings":{"admin_label":"","title":"","heading_selector":"h3","title_fontsize":"","title_lineheight":"","title_fontstyle":null,"title_letterspace":"0","title_fontweight":"","title_text_color":"","title_margin_top":"","title_margin_bottom":"","image":"https://sppagebuilder.com/sample-data/images/2017/05/16/wedding-img1.jpg","alt_text":"wedding","position":"sppb-text-center","open_lightbox":"1","overlay_color":"rgba(255, 116, 92, 0.5)","link":"","target":"","class":"","global_text_color":"","global_link_color":"","global_link_hover_color":"","global_use_background":"0","global_background_color":"","global_background_image":"","global_background_repeat":"no-repeat","global_background_size":"cover","global_background_attachment":"inherit","global_user_border":"0","global_border_width":"","global_border_color":"","global_boder_style":"none","global_border_radius":"","global_margin":"","global_padding":"","global_use_animation":"0","global_animation":"","global_animationduration":"300","global_animationdelay":"0","hidden_md":"0","hidden_sm":"0","hidden_xs":"0","acl":null}}]}]},{"id":1494917275984,"visibility":true,"collapse":false,"settings":{"admin_label":"","title":"","heading_selector":"h3","title_fontsize":"","title_fontweight":"","title_text_color":"","title_margin_top":"","title_margin_bottom":"","subtitle":"","subtitle_fontsize":"","title_position":"sppb-text-center","columns_equal_height":"0","fullscreen":"0","no_gutter":"0","id":"","class":"","padding":"0px 0px 100px 0px","margin":"0px 0px 0px 0px","color":"","background_color":"","background_image":"","overlay":"","background_repeat":"no-repeat","background_size":"cover","background_attachment":"fixed","background_position":"0 0","background_video":"0","background_video_mp4":"","background_video_ogv":"","hidden_xs":"","hidden_sm":"","hidden_md":"","animation":"fadeIn","animationduration":"700","animationdelay":"200"},"layout":"6,6","columns":[{"id":1494917275989,"class_name":"col-md-6","visibility":true,"settings":{},"addons":[{"id":1494917275990,"name":"image","visibility":true,"settings":{"admin_label":"","title":"","heading_selector":"h3","title_fontsize":"","title_lineheight":"","title_fontstyle":null,"title_letterspace":"0","title_fontweight":"","title_text_color":"","title_margin_top":"","title_margin_bottom":"","image":"https://sppagebuilder.com/sample-data/images/2017/05/16/wedding-img2.jpg","alt_text":"wedding","position":"sppb-text-center","open_lightbox":"1","overlay_color":"rgba(255, 116, 92, 0.5)","link":"","target":"","class":"","global_text_color":"","global_link_color":"","global_link_hover_color":"","global_use_background":"0","global_background_color":"","global_background_image":"","global_background_repeat":"no-repeat","global_background_size":"cover","global_background_attachment":"inherit","global_user_border":"0","global_border_width":"","global_border_color":"","global_boder_style":"none","global_border_radius":"","global_margin":"","global_padding":"","global_use_animation":"0","global_animation":"","global_animationduration":"300","global_animationdelay":"0","hidden_md":"0","hidden_sm":"0","hidden_xs":"0","acl":null}}]},{"id":1494917275985,"class_name":"col-md-6","visibility":true,"settings":{"color":"","background":"","background_image":"","overlay":"","background_repeat":"no-repeat","background_size":"cover","background_attachment":"scroll","background_position":"0 0","padding":"85px 0 0 0","class":"","sm_col":"","xs_col":"","hidden_xs":"","hidden_sm":"","hidden_md":"","animation":"","animationduration":"300","animationdelay":"0"},"addons":[{"id":1494917275986,"name":"heading","visibility":true,"settings":{"admin_label":"Sunday 14.30","title":"Sunday 14.30","heading_selector":"h2","use_link":"0","title_link":"","link_new_tab":"0","title_fontsize":"18","title_fontstyle":["uppercase"],"title_fontweight":"600","title_lineheight":"","title_letterspace":"3px","title_margin":"0px 0px 20px 0px","title_padding":"0px 0px 0px 0px","alignment":"sppb-text-left","class":"","global_text_color":"rgba(135, 135, 135, 1)","global_link_color":"","global_link_hover_color":"","global_use_background":"0","global_background_color":"","global_background_image":"","global_background_repeat":"no-repeat","global_background_size":"cover","global_background_attachment":"inherit","global_user_border":"0","global_border_width":"","global_border_color":"","global_boder_style":"none","global_border_radius":"","global_margin":"","global_padding":"","global_use_animation":"0","global_animation":"","global_animationduration":"300","global_animationdelay":"0","hidden_md":"0","hidden_sm":"0","hidden_xs":"0","acl":null}},{"id":1494917275987,"name":"heading","visibility":true,"settings":{"admin_label":"THE RECEPTION","title":"THE RECEPTION","heading_selector":"h3","use_link":"0","title_link":"","link_new_tab":"0","title_fontsize":"40","title_fontstyle":["uppercase"],"title_fontweight":"700","title_lineheight":"","title_letterspace":"5px","title_margin":"0px 0px 10px 0px","title_padding":"0px 0px 0px 0px","alignment":"sppb-text-left","class":"","global_text_color":"rgba(28, 28, 28, 1)","global_link_color":"","global_link_hover_color":"","global_use_background":"0","global_background_color":"","global_background_image":"","global_background_repeat":"no-repeat","global_background_size":"cover","global_background_attachment":"inherit","global_user_border":"0","global_border_width":"","global_border_color":"","global_boder_style":"none","global_border_radius":"","global_margin":"","global_padding":"","global_use_animation":"0","global_animation":"","global_animationduration":"300","global_animationdelay":"0","hidden_md":"0","hidden_sm":"0","hidden_xs":"0","acl":null}},{"id":1494917275988,"name":"text_block","visibility":true,"settings":{"admin_label":"Lorem Ipsum is simply ......","title":"Lorem Ipsum is simply dummy text of the printing and typesetting industry. Lorem Ipsum has been the industry's standard dummy text ever since the 1500s, when an unknown printer took a galley of type and scrambled it to make a type specimen book. It has survived not only five centuries, but also the leap into electronic typesetting, ","heading_selector":"h4","title_fontsize":"16","title_lineheight":"26","title_fontstyle":null,"title_letterspace":"0","title_fontweight":"300","title_text_color":"rgba(135, 135, 135, 1)","title_margin_top":"","title_margin_bottom":"","text":"\t\t","alignment":"sppb-text-left","class":"","global_text_color":"","global_link_color":"","global_link_hover_color":"","global_use_background":"0","global_background_color":"","global_background_image":"","global_background_repeat":"no-repeat","global_background_size":"cover","global_background_attachment":"inherit","global_user_border":"0","global_border_width":"","global_border_color":"","global_boder_style":"none","global_border_radius":"","global_margin":"","global_padding":"","global_use_animation":"0","global_animation":"","global_animationduration":"300","global_animationdelay":"0","hidden_md":"0","hidden_sm":"0","hidden_xs":"0","acl":null}}]}]},{"id":1494917275997,"visibility":true,"collapse":false,"settings":{"admin_label":"","title":"","heading_selector":"h3","title_fontsize":"","title_fontweight":"","title_text_color":"","title_margin_top":"","title_margin_bottom":"","subtitle":"","subtitle_fontsize":"","title_position":"sppb-text-center","columns_equal_height":"0","fullscreen":"0","no_gutter":"0","id":"","class":"","padding":"100px 0px 100px 0px","margin":"0px 0px 0px 0px","color":"","background_color":"rgba(250, 250, 250, 1)","background_image":"","overlay":"","background_repeat":"no-repeat","background_size":"cover","background_attachment":"fixed","background_position":"0 0","background_video":"0","background_video_mp4":"","background_video_ogv":"","hidden_xs":"","hidden_sm":"","hidden_md":"","animation":"","animationduration":"300","animationdelay":"0"},"layout":"6,3,3","columns":[{"id":1494917276013,"class_name":"col-md-3","visibility":true,"settings":{},"addons":[]},{"id":1494917275998,"class_name":"col-md-6","visibility":true,"settings":{},"addons":[{"id":1494921308402,"name":"heading","visibility":true,"settings":{"admin_label":"WE SAT EVERYTHING","title":"WE SAT EVERYTHING","heading_selector":"h2","use_link":"0","title_link":"","link_new_tab":"0","title_fontsize":"18","title_fontstyle":null,"title_fontweight":"600","title_lineheight":"","title_letterspace":"3px","title_margin":"0px 0px 20px 0px","title_padding":"0px 0px 0px 0px","alignment":"sppb-text-center","class":"","global_text_color":"rgba(135, 135, 135, 1)","global_link_color":"","global_link_hover_color":"","global_use_background":"0","global_background_color":"","global_background_image":"","global_background_repeat":"no-repeat","global_background_size":"cover","global_background_attachment":"inherit","global_user_border":"0","global_border_width":"","global_border_color":"","global_boder_style":"none","global_border_radius":"","global_margin":"","global_padding":"","global_use_animation":"0","global_animation":"","global_animationduration":"300","global_animationdelay":"0","hidden_md":"0","hidden_sm":"0","hidden_xs":"0","acl":null}},{"id":1494921370709,"name":"heading","visibility":true,"settings":{"admin_label":"THE WEDDING","title":"THE WEDDING","heading_selector":"h2","use_link":"0","title_link":"","link_new_tab":"0","title_fontsize":"40","title_fontstyle":["uppercase"],"title_fontweight":"700","title_lineheight":"","title_letterspace":"5px","title_margin":"0px 0px 5px 0px","title_padding":"0px 0px 0px 0px","alignment":"sppb-text-center","class":"","global_text_color":"rgba(28, 28, 28, 1)","global_link_color":"","global_link_hover_color":"","global_use_background":"0","global_background_color":"","global_background_image":"","global_background_repeat":"no-repeat","global_background_size":"cover","global_background_attachment":"inherit","global_user_border":"0","global_border_width":"","global_border_color":"","global_boder_style":"none","global_border_radius":"","global_margin":"","global_padding":"","global_use_animation":"0","global_animation":"","global_animationduration":"300","global_animationdelay":"0","hidden_md":"0","hidden_sm":"0","hidden_xs":"0","acl":null}},{"id":1494921423134,"name":"text_block","visibility":true,"settings":{"admin_label":"Lorem Ipsum is simply dummy.....","title":"Lorem Ipsum is simply dummy text of the printing and typesetting industry. Lorem Ipsum has been the industry's standard dummy text ever since the 1500s, when an unknown printer took a galley. ","heading_selector":"h4","title_fontsize":"18","title_lineheight":"28","title_fontstyle":null,"title_letterspace":"0","title_fontweight":"300","title_text_color":"rgba(135, 135, 135, 1)","title_margin_top":"","title_margin_bottom":"","text":"\t\t\t\t\t\t","alignment":"sppb-text-center","class":"","global_text_color":"","global_link_color":"","global_link_hover_color":"","global_use_background":"0","global_background_color":"","global_background_image":"","global_background_repeat":"no-repeat","global_background_size":"cover","global_background_attachment":"inherit","global_user_border":"0","global_border_width":"","global_border_color":"","global_boder_style":"none","global_border_radius":"","global_margin":"0 0 23px 0","global_padding":"","global_use_animation":"0","global_animation":"","global_animationduration":"300","global_animationdelay":"0","hidden_md":"0","hidden_sm":"0","hidden_xs":"0","acl":null}},{"id":1494921555684,"name":"button","visibility":true,"settings":{"admin_label":"BOOK ONLINE","text":"BOOK ONLINE","alignment":"sppb-text-center","fontstyle":["uppercase"],"letterspace":"0","url":"#","target":"","type":"custom","appearance":"","background_color":"rgba(255, 116, 92, 1)","color":"#ffffff","background_color_hover":"#222222","color_hover":"#ffffff","button_padding":"13px 40px 13px 40px","size":"","shape":"rounded","block":"","icon":"","icon_position":"left","class":"","global_text_color":"","global_link_color":"","global_link_hover_color":"","global_use_background":"0","global_background_color":"","global_background_image":"","global_background_repeat":"no-repeat","global_background_size":"cover","global_background_attachment":"inherit","global_user_border":"0","global_border_width":"","global_border_color":"","global_boder_style":"none","global_border_radius":"","global_margin":"","global_padding":"","global_use_animation":"0","global_animation":"","global_animationduration":"300","global_animationdelay":"0","hidden_md":"0","hidden_sm":"0","hidden_xs":"0","acl":null}}]},{"id":1494917276014,"class_name":"col-md-3","visibility":true,"settings":{},"addons":[]}]},{"id":1494921633313,"visibility":true,"collapse":false,"settings":{"admin_label":"","title":"","heading_selector":"h3","title_fontsize":"","title_fontweight":"","title_text_color":"","title_margin_top":"","title_margin_bottom":"","subtitle":"","subtitle_fontsize":"","title_position":"sppb-text-center","columns_equal_height":"0","fullscreen":"0","no_gutter":"0","id":"","class":"","padding":"100px 0px 70px 0px","margin":"0px 0px 0px 0px","color":"","background_color":"","background_image":"","overlay":"","background_repeat":"no-repeat","background_size":"cover","background_attachment":"fixed","background_position":"0 0","background_video":"0","background_video_mp4":"","background_video_ogv":"","hidden_xs":"","hidden_sm":"","hidden_md":"","animation":"","animationduration":"300","animationdelay":"0"},"layout":"12","columns":[{"id":1494921633314,"class_name":"col-md-12","visibility":true,"settings":{},"addons":[{"id":1494921633317,"name":"heading","visibility":true,"settings":{"admin_label":"OUR MEMORIES","title":"OUR MEMORIES","heading_selector":"h2","use_link":"0","title_link":"","link_new_tab":"0","title_fontsize":"18","title_fontstyle":null,"title_fontweight":"600","title_lineheight":"","title_letterspace":"3px","title_margin":"0px 0px 20px 0px","title_padding":"0px 0px 0px 0px","alignment":"sppb-text-center","class":"","global_text_color":"rgba(135, 135, 135, 1)","global_link_color":"","global_link_hover_color":"","global_use_background":"0","global_background_color":"","global_background_image":"","global_background_repeat":"no-repeat","global_background_size":"cover","global_background_attachment":"inherit","global_user_border":"0","global_border_width":"","global_border_color":"","global_boder_style":"none","global_border_radius":"","global_margin":"","global_padding":"","global_use_animation":"0","global_animation":"","global_animationduration":"300","global_animationdelay":"0","hidden_md":"0","hidden_sm":"0","hidden_xs":"0","acl":null}},{"id":1494921633320,"name":"heading","visibility":true,"settings":{"admin_label":"Photo Gallery","title":"Photo Gallery","heading_selector":"h2","use_link":"0","title_link":"","link_new_tab":"0","title_fontsize":"40","title_fontstyle":["uppercase"],"title_fontweight":"700","title_lineheight":"","title_letterspace":"5px","title_margin":"0px 0px 5px 0px","title_padding":"0px 0px 0px 0px","alignment":"sppb-text-center","class":"","global_text_color":"rgba(28, 28, 28, 1)","global_link_color":"","global_link_hover_color":"","global_use_background":"0","global_background_color":"","global_background_image":"","global_background_repeat":"no-repeat","global_background_size":"cover","global_background_attachment":"inherit","global_user_border":"0","global_border_width":"","global_border_color":"","global_boder_style":"none","global_border_radius":"","global_margin":"0 0 10px 0","global_padding":"","global_use_animation":"0","global_animation":"","global_animationduration":"300","global_animationdelay":"0","hidden_md":"0","hidden_sm":"0","hidden_xs":"0","acl":null}},{"id":1494921633325,"type":"inner_row","settings":{"admin_label":"","title":"","heading_selector":"h3","title_fontsize":"","title_fontweight":"","title_text_color":"","title_margin_top":"","title_margin_bottom":"","subtitle":"","subtitle_fontsize":"","title_position":"sppb-text-center","columns_equal_height":"0","fullscreen":"0","no_gutter":"0","id":"","class":"","padding":"50px 0px 0px 0px","margin":"0px 0px 0px 0px","color":"","background_color":"","background_image":"","overlay":"","background_repeat":"no-repeat","background_size":"cover","background_attachment":"fixed","background_position":"0 0","background_video":"0","background_video_mp4":"","background_video_ogv":"","hidden_xs":"","hidden_sm":"","hidden_md":"","animation":"","animationduration":"300","animationdelay":"0"},"layout":"3,3,3,3","visibility":true,"columns":[{"id":1494921633326,"class_name":"col-md-3","visibility":true,"settings":{"color":"","background":"","background_image":"","overlay":"","background_repeat":"no-repeat","background_size":"cover","background_attachment":"scroll","background_position":"0 0","padding":"","class":"","sm_col":"col-sm-6","xs_col":"","hidden_xs":"","hidden_sm":"","hidden_md":"","animation":"","animationduration":"300","animationdelay":"0"},"addons":[{"id":1494922514213,"name":"image","visibility":true,"settings":{"admin_label":"","title":"","heading_selector":"h3","title_fontsize":"","title_lineheight":"","title_fontstyle":null,"title_letterspace":"0","title_fontweight":"","title_text_color":"","title_margin_top":"","title_margin_bottom":"","image":"https://sppagebuilder.com/sample-data/images/2017/05/16/gallery-wedding8.jpg","alt_text":"wedding gallery","position":"sppb-text-center","open_lightbox":"1","overlay_color":"rgba(255, 116, 92, 0.5)","link":"","target":"","class":"","global_text_color":"","global_link_color":"","global_link_hover_color":"","global_use_background":"0","global_background_color":"","global_background_image":"","global_background_repeat":"no-repeat","global_background_size":"cover","global_background_attachment":"inherit","global_user_border":"0","global_border_width":"","global_border_color":"","global_boder_style":"none","global_border_radius":"","global_margin":"0 0 30px 0","global_padding":"","global_use_animation":"1","global_animation":"fadeIn","global_animationduration":"700","global_animationdelay":"","hidden_md":"0","hidden_sm":"0","hidden_xs":"0","acl":null},"htmlContent":"<div id=\"sppb-addon-1494922514213\" class=\"sppb-wow fadeIn clearfix\"  data-sppb-wow-duration=\"700ms\" ><div class=\"sppb-addon sppb-addon-single-image sppb-text-center \"><div class=\"sppb-addon-content\"><div class=\"sppb-addon-single-image-container\"><div class=\"sppb-addon-image-overlay\"></div><a class=\"sppb-magnific-popup sppb-addon-image-overlay-icon\" data-popup_type=\"image\" data-mainclass=\"mfp-no-margins mfp-with-zoom\" href=\"https://sppagebuilder.com/sample-data/images/2017/05/16/gallery-wedding8.jpg\">+</a><img class=\"sppb-img-responsive\" src=\"https://sppagebuilder.com/sample-data/images/2017/05/16/gallery-wedding8.jpg\" alt=\"wedding gallery\"></div></div></div></div>","assets":{"css":"#sppb-addon-1494922514213 {\nmargin: 0 0 30px 0;\n}\n#sppb-addon-1494922514213 .sppb-addon-image-overlay{background-color: rgba(255, 116, 92, 0.5);}"}},{"id":1494921633367,"name":"image","visibility":true,"settings":{"admin_label":"","title":"","heading_selector":"h3","title_fontsize":"","title_lineheight":"","title_fontstyle":null,"title_letterspace":"0","title_fontweight":"","title_text_color":"","title_margin_top":"","title_margin_bottom":"","image":"https://sppagebuilder.com/sample-data/images/2017/05/16/gallery-wedding4.jpg","alt_text":"wedding gallery","position":"sppb-text-center","open_lightbox":"1","overlay_color":"rgba(255, 116, 92, 0.5)","link":"","target":"","class":"","global_text_color":"","global_link_color":"","global_link_hover_color":"","global_use_background":"0","global_background_color":"","global_background_image":"","global_background_repeat":"no-repeat","global_background_size":"cover","global_background_attachment":"inherit","global_user_border":"0","global_border_width":"","global_border_color":"","global_boder_style":"none","global_border_radius":"","global_margin":"0 0 30px 0","global_padding":"","global_use_animation":"1","global_animation":"fadeIn","global_animationduration":"700","global_animationdelay":"600","hidden_md":"0","hidden_sm":"0","hidden_xs":"0","acl":null},"htmlContent":"<div id=\"sppb-addon-1494921633367\" class=\"sppb-wow fadeIn clearfix\"  data-sppb-wow-duration=\"700ms\" data-sppb-wow-delay=\"600ms\" ><div class=\"sppb-addon sppb-addon-single-image sppb-text-center \"><div class=\"sppb-addon-content\"><div class=\"sppb-addon-single-image-container\"><div class=\"sppb-addon-image-overlay\"></div><a class=\"sppb-magnific-popup sppb-addon-image-overlay-icon\" data-popup_type=\"image\" data-mainclass=\"mfp-no-margins mfp-with-zoom\" href=\"https://sppagebuilder.com/sample-data/images/2017/05/16/gallery-wedding4.jpg\">+</a><img class=\"sppb-img-responsive\" src=\"https://sppagebuilder.com/sample-data/images/2017/05/16/gallery-wedding4.jpg\" alt=\"wedding gallery\"></div></div></div></div>","assets":{"css":"#sppb-addon-1494921633367 {\nmargin: 0 0 30px 0;\n}\n#sppb-addon-1494921633367 .sppb-addon-image-overlay{background-color: rgba(255, 116, 92, 0.5);}"}}]},{"id":1494921633329,"class_name":"col-md-3","visibility":true,"settings":{"color":"","background":"","background_image":"","overlay":"","background_repeat":"no-repeat","background_size":"cover","background_attachment":"scroll","background_position":"0 0","padding":"","class":"","sm_col":"col-sm-6","xs_col":"","hidden_xs":"","hidden_sm":"","hidden_md":"","animation":"","animationduration":"300","animationdelay":"0"},"addons":[{"id":1494921633362,"name":"image","visibility":true,"settings":{"admin_label":"","title":"","heading_selector":"h3","title_fontsize":"","title_lineheight":"","title_fontstyle":null,"title_letterspace":"0","title_fontweight":"","title_text_color":"","title_margin_top":"","title_margin_bottom":"","image":"https://sppagebuilder.com/sample-data/images/2017/05/16/gallery-wedding7.jpg","alt_text":"wedding gallery","position":"sppb-text-center","open_lightbox":"1","overlay_color":"rgba(255, 116, 92, 0.5)","link":"","target":"","class":"","global_text_color":"","global_link_color":"","global_link_hover_color":"","global_use_background":"0","global_background_color":"","global_background_image":"","global_background_repeat":"no-repeat","global_background_size":"cover","global_background_attachment":"inherit","global_user_border":"0","global_border_width":"","global_border_color":"","global_boder_style":"none","global_border_radius":"","global_margin":"0 0 30px 0","global_padding":"","global_use_animation":"1","global_animation":"fadeIn","global_animationduration":"700","global_animationdelay":"150","hidden_md":"0","hidden_sm":"0","hidden_xs":"0","acl":null},"htmlContent":"<div id=\"sppb-addon-1494921633362\" class=\"sppb-wow fadeIn clearfix\"  data-sppb-wow-duration=\"700ms\" data-sppb-wow-delay=\"150ms\" ><div class=\"sppb-addon sppb-addon-single-image sppb-text-center \"><div class=\"sppb-addon-content\"><div class=\"sppb-addon-single-image-container\"><div class=\"sppb-addon-image-overlay\"></div><a class=\"sppb-magnific-popup sppb-addon-image-overlay-icon\" data-popup_type=\"image\" data-mainclass=\"mfp-no-margins mfp-with-zoom\" href=\"https://sppagebuilder.com/sample-data/images/2017/05/16/gallery-wedding7.jpg\">+</a><img class=\"sppb-img-responsive\" src=\"https://sppagebuilder.com/sample-data/images/2017/05/16/gallery-wedding7.jpg\" alt=\"wedding gallery\"></div></div></div></div>","assets":{"css":"#sppb-addon-1494921633362 {\nmargin: 0 0 30px 0;\n}\n#sppb-addon-1494921633362 .sppb-addon-image-overlay{background-color: rgba(255, 116, 92, 0.5);}"}},{"id":1494921633372,"name":"image","visibility":true,"settings":{"admin_label":"","title":"","heading_selector":"h3","title_fontsize":"","title_lineheight":"","title_fontstyle":null,"title_letterspace":"0","title_fontweight":"","title_text_color":"","title_margin_top":"","title_margin_bottom":"","image":"https://sppagebuilder.com/sample-data/images/2017/05/16/gallery-wedding3.jpg","alt_text":"wedding gallery","position":"sppb-text-center","open_lightbox":"1","overlay_color":"rgba(255, 116, 92, 0.5)","link":"","target":"","class":"","global_text_color":"","global_link_color":"","global_link_hover_color":"","global_use_background":"0","global_background_color":"","global_background_image":"","global_background_repeat":"no-repeat","global_background_size":"cover","global_background_attachment":"inherit","global_user_border":"0","global_border_width":"","global_border_color":"","global_boder_style":"none","global_border_radius":"","global_margin":"0 0 30px 0","global_padding":"","global_use_animation":"1","global_animation":"fadeIn","global_animationduration":"700","global_animationdelay":"750","hidden_md":"0","hidden_sm":"0","hidden_xs":"0","acl":null},"htmlContent":"<div id=\"sppb-addon-1494921633372\" class=\"sppb-wow fadeIn clearfix\"  data-sppb-wow-duration=\"700ms\" data-sppb-wow-delay=\"750ms\" ><div class=\"sppb-addon sppb-addon-single-image sppb-text-center \"><div class=\"sppb-addon-content\"><div class=\"sppb-addon-single-image-container\"><div class=\"sppb-addon-image-overlay\"></div><a class=\"sppb-magnific-popup sppb-addon-image-overlay-icon\" data-popup_type=\"image\" data-mainclass=\"mfp-no-margins mfp-with-zoom\" href=\"https://sppagebuilder.com/sample-data/images/2017/05/16/gallery-wedding3.jpg\">+</a><img class=\"sppb-img-responsive\" src=\"https://sppagebuilder.com/sample-data/images/2017/05/16/gallery-wedding3.jpg\" alt=\"wedding gallery\"></div></div></div></div>","assets":{"css":"#sppb-addon-1494921633372 {\nmargin: 0 0 30px 0;\n}\n#sppb-addon-1494921633372 .sppb-addon-image-overlay{background-color: rgba(255, 116, 92, 0.5);}"}}]},{"id":1494921633330,"class_name":"col-md-3","visibility":true,"settings":{"color":"","background":"","background_image":"","overlay":"","background_repeat":"no-repeat","background_size":"cover","background_attachment":"scroll","background_position":"0 0","padding":"","class":"","sm_col":"col-sm-6","xs_col":"","hidden_xs":"","hidden_sm":"","hidden_md":"","animation":"","animationduration":"300","animationdelay":"0"},"addons":[{"id":1494921633357,"name":"image","visibility":true,"settings":{"admin_label":"","title":"","heading_selector":"h3","title_fontsize":"","title_lineheight":"","title_fontstyle":null,"title_letterspace":"0","title_fontweight":"","title_text_color":"","title_margin_top":"","title_margin_bottom":"","image":"https://sppagebuilder.com/sample-data/images/2017/05/16/gallery-wedding6.jpg","alt_text":"wedding gallery","position":"sppb-text-center","open_lightbox":"1","overlay_color":"rgba(255, 116, 92, 0.5)","link":"","target":"","class":"","global_text_color":"","global_link_color":"","global_link_hover_color":"","global_use_background":"0","global_background_color":"","global_background_image":"","global_background_repeat":"no-repeat","global_background_size":"cover","global_background_attachment":"inherit","global_user_border":"0","global_border_width":"","global_border_color":"","global_boder_style":"none","global_border_radius":"","global_margin":"0 0 30px 0","global_padding":"","global_use_animation":"1","global_animation":"fadeIn","global_animationduration":"700","global_animationdelay":"300","hidden_md":"0","hidden_sm":"0","hidden_xs":"0","acl":null},"htmlContent":"<div id=\"sppb-addon-1494921633357\" class=\"sppb-wow fadeIn clearfix\"  data-sppb-wow-duration=\"700ms\" data-sppb-wow-delay=\"300ms\" ><div class=\"sppb-addon sppb-addon-single-image sppb-text-center \"><div class=\"sppb-addon-content\"><div class=\"sppb-addon-single-image-container\"><div class=\"sppb-addon-image-overlay\"></div><a class=\"sppb-magnific-popup sppb-addon-image-overlay-icon\" data-popup_type=\"image\" data-mainclass=\"mfp-no-margins mfp-with-zoom\" href=\"https://sppagebuilder.com/sample-data/images/2017/05/16/gallery-wedding6.jpg\">+</a><img class=\"sppb-img-responsive\" src=\"https://sppagebuilder.com/sample-data/images/2017/05/16/gallery-wedding6.jpg\" alt=\"wedding gallery\"></div></div></div></div>","assets":{"css":"#sppb-addon-1494921633357 {\nmargin: 0 0 30px 0;\n}\n#sppb-addon-1494921633357 .sppb-addon-image-overlay{background-color: rgba(255, 116, 92, 0.5);}"}},{"id":1494921633377,"name":"image","visibility":true,"settings":{"admin_label":"","title":"","heading_selector":"h3","title_fontsize":"","title_lineheight":"","title_fontstyle":null,"title_letterspace":"0","title_fontweight":"","title_text_color":"","title_margin_top":"","title_margin_bottom":"","image":"https://sppagebuilder.com/sample-data/images/2017/05/16/gallery-wedding2.jpg","alt_text":"wedding gallery","position":"sppb-text-center","open_lightbox":"1","overlay_color":"rgba(255, 116, 92, 0.5)","link":"","target":"","class":"","global_text_color":"","global_link_color":"","global_link_hover_color":"","global_use_background":"0","global_background_color":"","global_background_image":"","global_background_repeat":"no-repeat","global_background_size":"cover","global_background_attachment":"inherit","global_user_border":"0","global_border_width":"","global_border_color":"","global_boder_style":"none","global_border_radius":"","global_margin":"0 0 30px 0","global_padding":"","global_use_animation":"1","global_animation":"fadeIn","global_animationduration":"700","global_animationdelay":"900","hidden_md":"0","hidden_sm":"0","hidden_xs":"0","acl":null},"htmlContent":"<div id=\"sppb-addon-1494921633377\" class=\"sppb-wow fadeIn clearfix\"  data-sppb-wow-duration=\"700ms\" data-sppb-wow-delay=\"900ms\" ><div class=\"sppb-addon sppb-addon-single-image sppb-text-center \"><div class=\"sppb-addon-content\"><div class=\"sppb-addon-single-image-container\"><div class=\"sppb-addon-image-overlay\"></div><a class=\"sppb-magnific-popup sppb-addon-image-overlay-icon\" data-popup_type=\"image\" data-mainclass=\"mfp-no-margins mfp-with-zoom\" href=\"https://sppagebuilder.com/sample-data/images/2017/05/16/gallery-wedding2.jpg\">+</a><img class=\"sppb-img-responsive\" src=\"https://sppagebuilder.com/sample-data/images/2017/05/16/gallery-wedding2.jpg\" alt=\"wedding gallery\"></div></div></div></div>","assets":{"css":"#sppb-addon-1494921633377 {\nmargin: 0 0 30px 0;\n}\n#sppb-addon-1494921633377 .sppb-addon-image-overlay{background-color: rgba(255, 116, 92, 0.5);}"}}]},{"id":1494921633331,"class_name":"col-md-3","visibility":true,"settings":{"color":"","background":"","background_image":"","overlay":"","background_repeat":"no-repeat","background_size":"cover","background_attachment":"scroll","background_position":"0 0","padding":"","class":"","sm_col":"col-sm-6","xs_col":"","hidden_xs":"","hidden_sm":"","hidden_md":"","animation":"","animationduration":"300","animationdelay":"0"},"addons":[{"id":1494921633352,"name":"image","visibility":true,"settings":{"admin_label":"","title":"","heading_selector":"h3","title_fontsize":"","title_lineheight":"","title_fontstyle":null,"title_letterspace":"0","title_fontweight":"","title_text_color":"","title_margin_top":"","title_margin_bottom":"","image":"https://sppagebuilder.com/sample-data/images/2017/05/16/gallery-wedding5.jpg","alt_text":"wedding gallery","position":"sppb-text-center","open_lightbox":"1","overlay_color":"rgba(255, 116, 92, 0.5)","link":"","target":"","class":"","global_text_color":"","global_link_color":"","global_link_hover_color":"","global_use_background":"0","global_background_color":"","global_background_image":"","global_background_repeat":"no-repeat","global_background_size":"cover","global_background_attachment":"inherit","global_user_border":"0","global_border_width":"","global_border_color":"","global_boder_style":"none","global_border_radius":"","global_margin":"0 0 30px 0","global_padding":"","global_use_animation":"1","global_animation":"fadeIn","global_animationduration":"700","global_animationdelay":"450","hidden_md":"0","hidden_sm":"0","hidden_xs":"0","acl":null},"htmlContent":"<div id=\"sppb-addon-1494921633352\" class=\"sppb-wow fadeIn clearfix\"  data-sppb-wow-duration=\"700ms\" data-sppb-wow-delay=\"450ms\" ><div class=\"sppb-addon sppb-addon-single-image sppb-text-center \"><div class=\"sppb-addon-content\"><div class=\"sppb-addon-single-image-container\"><div class=\"sppb-addon-image-overlay\"></div><a class=\"sppb-magnific-popup sppb-addon-image-overlay-icon\" data-popup_type=\"image\" data-mainclass=\"mfp-no-margins mfp-with-zoom\" href=\"https://sppagebuilder.com/sample-data/images/2017/05/16/gallery-wedding5.jpg\">+</a><img class=\"sppb-img-responsive\" src=\"https://sppagebuilder.com/sample-data/images/2017/05/16/gallery-wedding5.jpg\" alt=\"wedding gallery\"></div></div></div></div>","assets":{"css":"#sppb-addon-1494921633352 {\nmargin: 0 0 30px 0;\n}\n#sppb-addon-1494921633352 .sppb-addon-image-overlay{background-color: rgba(255, 116, 92, 0.5);}"}},{"id":1494921633382,"name":"image","visibility":true,"settings":{"admin_label":"","title":"","heading_selector":"h3","title_fontsize":"","title_lineheight":"","title_fontstyle":null,"title_letterspace":"0","title_fontweight":"","title_text_color":"","title_margin_top":"","title_margin_bottom":"","image":"https://sppagebuilder.com/sample-data/images/2017/05/16/gallery-wedding1.jpg","alt_text":"wedding gallery","position":"sppb-text-center","open_lightbox":"1","overlay_color":"rgba(255, 116, 92, 0.5)","link":"","target":"","class":"","global_text_color":"","global_link_color":"","global_link_hover_color":"","global_use_background":"0","global_background_color":"","global_background_image":"","global_background_repeat":"no-repeat","global_background_size":"cover","global_background_attachment":"inherit","global_user_border":"0","global_border_width":"","global_border_color":"","global_boder_style":"none","global_border_radius":"","global_margin":"0 0 30px 0","global_padding":"","global_use_animation":"1","global_animation":"fadeIn","global_animationduration":"700","global_animationdelay":"1050","hidden_md":"0","hidden_sm":"0","hidden_xs":"0","acl":null},"htmlContent":"<div id=\"sppb-addon-1494921633382\" class=\"sppb-wow fadeIn clearfix\"  data-sppb-wow-duration=\"700ms\" data-sppb-wow-delay=\"1050ms\" ><div class=\"sppb-addon sppb-addon-single-image sppb-text-center \"><div class=\"sppb-addon-content\"><div class=\"sppb-addon-single-image-container\"><div class=\"sppb-addon-image-overlay\"></div><a class=\"sppb-magnific-popup sppb-addon-image-overlay-icon\" data-popup_type=\"image\" data-mainclass=\"mfp-no-margins mfp-with-zoom\" href=\"https://sppagebuilder.com/sample-data/images/2017/05/16/gallery-wedding1.jpg\">+</a><img class=\"sppb-img-responsive\" src=\"https://sppagebuilder.com/sample-data/images/2017/05/16/gallery-wedding1.jpg\" alt=\"wedding gallery\"></div></div></div></div>","assets":{"css":"#sppb-addon-1494921633382 {\nmargin: 0 0 30px 0;\n}\n#sppb-addon-1494921633382 .sppb-addon-image-overlay{background-color: rgba(255, 116, 92, 0.5);}"}}]}]}]}]},{"id":1494925755535,"visibility":true,"collapse":false,"settings":{"admin_label":"","title":"","heading_selector":"h3","title_fontsize":"","title_fontweight":"","title_text_color":"","title_margin_top":"","title_margin_bottom":"","subtitle":"","subtitle_fontsize":"","title_position":"sppb-text-center","columns_equal_height":"0","fullscreen":"0","no_gutter":"0","id":"","class":"","padding":"100px 0px 100px 0px","margin":"0px 0px 0px 0px","color":"rgba(255, 255, 255, 1)","background_color":"rgba(255, 116, 92, 1)","background_image":"","overlay":"","background_repeat":"no-repeat","background_size":"cover","background_attachment":"fixed","background_position":"0 0","background_video":"0","background_video_mp4":"","background_video_ogv":"","hidden_xs":"","hidden_sm":"","hidden_md":"","animation":"","animationduration":"300","animationdelay":"0"},"layout":"8,2,2","columns":[{"id":1494925755559,"class_name":"col-md-2","visibility":true,"settings":{},"addons":[]},{"id":1494925755536,"class_name":"col-md-8","visibility":true,"settings":{},"addons":[{"id":1494925755539,"name":"heading","visibility":true,"settings":{"admin_label":"WE SET EVERYTHING","title":"WE SET EVERYTHING","heading_selector":"h2","use_link":"0","title_link":"","link_new_tab":"0","title_fontsize":"18","title_fontstyle":null,"title_fontweight":"600","title_lineheight":"","title_letterspace":"3px","title_margin":"0px 0px 20px 0px","title_padding":"0px 0px 0px 0px","alignment":"sppb-text-center","class":"","global_text_color":"","global_link_color":"","global_link_hover_color":"","global_use_background":"0","global_background_color":"","global_background_image":"","global_background_repeat":"no-repeat","global_background_size":"cover","global_background_attachment":"inherit","global_user_border":"0","global_border_width":"","global_border_color":"","global_boder_style":"none","global_border_radius":"","global_margin":"","global_padding":"","global_use_animation":"0","global_animation":"","global_animationduration":"300","global_animationdelay":"0","hidden_md":"0","hidden_sm":"0","hidden_xs":"0","acl":null}},{"id":1494925755542,"name":"heading","visibility":true,"settings":{"admin_label":"ARE YOU ATTENDING?","title":"ARE YOU ATTENDING?","heading_selector":"h2","use_link":"0","title_link":"","link_new_tab":"0","title_fontsize":"40","title_fontstyle":["uppercase"],"title_fontweight":"700","title_lineheight":"","title_letterspace":"5px","title_margin":"0px 0px 5px 0px","title_padding":"0px 0px 0px 0px","alignment":"sppb-text-center","class":"","global_text_color":"","global_link_color":"","global_link_hover_color":"","global_use_background":"0","global_background_color":"","global_background_image":"","global_background_repeat":"no-repeat","global_background_size":"cover","global_background_attachment":"inherit","global_user_border":"0","global_border_width":"","global_border_color":"","global_boder_style":"none","global_border_radius":"","global_margin":"0 0 60px 0","global_padding":"","global_use_animation":"0","global_animation":"","global_animationduration":"300","global_animationdelay":"0","hidden_md":"0","hidden_sm":"0","hidden_xs":"0","acl":null}},{"id":1494925985766,"name":"ajax_contact","visibility":true,"settings":{"admin_label":"","title":"","heading_selector":"h3","title_fontsize":"","title_lineheight":"","title_fontstyle":null,"title_letterspace":"0","title_fontweight":"","title_text_color":"","title_margin_top":"","title_margin_bottom":"","recipient_email":"email@yourdomain.com","from_name":"","from_email":"","formcaptcha":"1","captcha_type":"default","captcha_question":"3 + 4 = ?","captcha_answer":"7","use_custom_button":"1","button_text":"I AM ATTENDING","button_fontstyle":["uppercase"],"button_letterspace":"0","button_type":"custom","button_appearance":"","button_background_color":"rgba(255, 255, 255, 1)","button_color":"rgba(255, 116, 92, 1)","button_background_color_hover":"#222222","button_color_hover":"#ffffff","button_size":"lg","button_shape":"rounded","button_block":"","button_icon":"fa-arrow-right","button_icon_position":"right","class":"text-center","global_text_color":"","global_link_color":"","global_link_hover_color":"","global_use_background":"0","global_background_color":"","global_background_image":"","global_background_repeat":"no-repeat","global_background_size":"cover","global_background_attachment":"inherit","global_user_border":"0","global_border_width":"","global_border_color":"","global_boder_style":"none","global_border_radius":"","global_margin":"","global_padding":"","global_use_animation":"0","global_animation":"","global_animationduration":"300","global_animationdelay":"0","hidden_md":"0","hidden_sm":"0","hidden_xs":"0","acl":null}}]},{"id":1494925755560,"class_name":"col-md-2","visibility":true,"settings":{},"addons":[]}]}]
