<?xml version="1.0" encoding="utf-8"?>
<extension version="3.0" type="module" client="site" method="upgrade">
    <name>mod_tz_contact</name>
    <author>DuongTVTemplaza</author>
    <creationDate>May 27th 2013</creationDate>
    <authorEmail>support@templaza.com</authorEmail>
    <authorUrl>www.templaza.com</authorUrl>
    <copyright>Copyright (C) 2012 TemPlaza. All rights reserved.</copyright>
    <license>GNU/GPL v2 or later http://www.gnu.org/licenses/gpl-2.0.html</license>
    <version>3.0.0</version>
    <description>MOD_TZ_CONTACT_XML_DESCRIPTION</description>
    <files>
        <folder>admin</folder>
        <folder>images</folder>
        <folder>tmpl</folder>
        <folder>css</folder>
        <filename module="mod_tz_contact">mod_tz_contact.php</filename>
        <filename>helper.php</filename>
        <filename>send.php</filename>
        <filename>index.html</filename>
    </files>
    <languages >
        <language tag="en-GB">en-GB.mod_tz_contact.ini</language>
        <language tag="en-GB">en-GB.mod_tz_contact.sys.ini</language>
    </languages>
    <config>
        <fields name="params">
            <fieldset name="basic" addfieldpath="/modules/mod_tz_contact/admin/formfields">
                <field name="contactid" type="tzcontact"
                       label="MOD_TZ_CONTACT_CHOOSE_CONTACT"/>
            </fieldset>
            <fieldset name="views" label="MOD_TZ_CONTACT_FIELDSET_VIEWS">
                <field name="show_name"
                       type="radio"
                       class="btn-group"
                       default="1"
                       label="MOD_TZ_CONTACT_FIELD_PARAMS_NAME_LABEL"
                       description="MOD_TZ_CONTACT_FIELD_PARAMS_NAME_DESC"
                >
                    <option value="0">JHIDE</option>
                    <option value="1">JSHOW</option>
                </field>
                <field name="show_email_form"
                       type="radio"
                       class="btn-group"
                       default="1"
                       label="MOD_TZ_CONTACT_FIELD_EMAIL_SHOW_FORM_LABEL"
                       description="MOD_TZ_CONTACT_FIELD_EMAIL_SHOW_FORM_DESC"
                >
                    <option value="0">JHIDE</option>
                    <option value="1">JSHOW</option>
                </field>

                <field name="show_subject" type="radio" class="btn-group" default="1"
                       label="MOD_TZ_CONTACT_FIELD_SHOW_SUBJECT_LABEL"
                       description="MOD_TZ_CONTACT_FIELD_SHOW_SUBJECT_DESC">
                    <option value="0">JHIDE</option>
                    <option value="1">JSHOW</option>
                </field>

                <field name="show_email_copy"
                       type="radio"
                       class="btn-group"
                       default="1"
                       label="MOD_TZ_CONTACT_FIELD_EMAIL_EMAIL_COPY_LABEL"
                       description="MOD_TZ_CONTACT_FIELD_EMAIL_EMAIL_COPY_DESC"
                >
                    <option value="0">JHIDE</option>
                    <option value="1">JSHOW</option>
                </field>
                <field name="show_name"
                       type="radio"
                       class="btn-group"
                       default="1"
                       label="MOD_TZ_CONTACT_FIELD_PARAMS_NAME_LABEL"
                       description="MOD_TZ_CONTACT_FIELD_PARAMS_NAME_DESC"
                >
                    <option value="0">JHIDE</option>
                    <option value="1">JSHOW</option>
                </field>

                <field name="show_position"
                       type="radio"
                       class="btn-group"
                       default="1"
                       label="MOD_TZ_CONTACT_FIELD_PARAMS_CONTACT_POSITION_LABEL"
                       description="MOD_TZ_CONTACT_FIELD_PARAMS_CONTACT_POSITION_DESC"
                >
                    <option value="0">JHIDE</option>
                    <option value="1">JSHOW</option>
                </field>
                <field name="show_captcha"
                       type="radio"
                       class="btn-group"
                       default="0"
                       label="MOD_TZ_CONTACT_FIELD_SHOW_CAPTCHA_LABEL">
                    <option value="0">JHIDE</option>
                    <option value="1">JSHOW</option>
                </field>
                <field name="show_email"
                       type="radio"
                       class="btn-group"
                       default="1"
                       label="JGLOBAL_EMAIL"
                       description="MOD_TZ_CONTACT_FIELD_PARAMS_CONTACT_E_MAIL_DESC"
                >
                    <option value="0">JHIDE</option>
                    <option value="1">JSHOW</option>
                </field>

                <field name="show_street_address"
                       type="radio"
                       class="btn-group"
                       default="1" label="MOD_TZ_CONTACT_FIELD_PARAMS_STREET_ADDRESS_LABEL"
                       description="MOD_TZ_CONTACT_FIELD_PARAMS_STREET_ADDRESS_DESC"
                >
                    <option value="0">JHIDE</option>
                    <option value="1">JSHOW</option>
                </field>

                <field name="show_suburb"
                       type="radio"
                       class="btn-group"
                       default="1"
                       label="MOD_TZ_CONTACT_FIELD_PARAMS_TOWN-SUBURB_LABEL"
                       description="MOD_TZ_CONTACT_FIELD_PARAMS_TOWN-SUBURB_DESC"
                >
                    <option value="0">JHIDE</option>
                    <option value="1">JSHOW</option>
                </field>

                <field name="show_state"
                       type="radio"
                       class="btn-group"
                       default="1"
                       label="MOD_TZ_CONTACT_FIELD_PARAMS_STATE-COUNTY_LABEL"
                       description="MOD_TZ_CONTACT_FIELD_PARAMS_STATE-COUNTY_DESC"
                >
                    <option value="0">JHIDE</option>
                    <option value="1">JSHOW</option>
                </field>

                <field name="show_postcode"
                       type="radio"
                       class="btn-group"
                       default="1"
                       label="MOD_TZ_CONTACT_FIELD_PARAMS_POST-ZIP_CODE_LABEL"
                       description="MOD_TZ_CONTACT_FIELD_PARAMS_POST-ZIP_CODE_DESC"
                >
                    <option value="0">JHIDE</option>
                    <option value="1">JSHOW</option>
                </field>

                <field name="show_country"
                                 type="radio"
                                 class="btn-group"
                                 default="1"
                                 label="MOD_TZ_CONTACT_FIELD_PARAMS_COUNTRY_LABEL"
                                 description="MOD_TZ_CONTACT_FIELD_PARAMS_COUNTRY_DESC"
            >
                <option value="0">JHIDE</option>
                <option value="1">JSHOW</option>
            </field>

                <field name="show_image"
                       type="radio"
                       class="btn-group"
                       default="1"
                       label="MOD_TZ_CONTACT_FIELD_PARAMS_IMAGE_LABEL"
                       description="MOD_TZ_CONTACT_FIELD_PARAMS_IMAGE_DESC"
                >
                    <option value="0">JHIDE</option>
                    <option value="1">JSHOW</option>
                </field>

                <field name="show_telephone"
                       type="radio"
                       class="btn-group"
                       default="1"
                       label="MOD_TZ_CONTACT_FIELD_PARAMS_TELEPHONE_LABEL"
                       description="MOD_TZ_CONTACT_FIELD_PARAMS_TELEPHONE_DESC"
                >
                    <option value="0">JHIDE</option>
                    <option value="1">JSHOW</option>
                </field>

                <field name="show_mobile"
                       type="radio"
                       class="btn-group"
                       default="1"
                       label="MOD_TZ_CONTACT_FIELD_PARAMS_MOBILE_LABEL"
                       description="MOD_TZ_CONTACT_FIELD_PARAMS_MOBILE_DESC"
                >
                    <option value="0">JHIDE</option>
                    <option value="1">JSHOW</option>
                </field>

                <field name="show_fax"
                       type="radio"
                       class="btn-group"
                       default="1"
                       label="MOD_TZ_CONTACT_FIELD_PARAMS_FAX_LABEL"
                       description="MOD_TZ_CONTACT_FIELD_PARAMS_FAX_DESC"
                >
                    <option value="0">JHIDE</option>
                    <option value="1">JSHOW</option>
                </field>

                <field name="show_webpage"
                       type="radio"
                       class="btn-group"
                       default="1"
                       label="MOD_TZ_CONTACT_FIELD_PARAMS_WEBPAGE_LABEL"
                       description="MOD_TZ_CONTACT_FIELD_PARAMS_WEBPAGE_DESC"
                >
                    <option value="0">JHIDE</option>
                    <option value="1">JSHOW</option>
                </field>

                <field name="show_misc"
                       type="radio"
                       class="btn-group"
                       default="1"
                       label="MOD_TZ_CONTACT_FIELD_PARAMS_MISC_INFO_LABEL"
                       description="MOD_TZ_CONTACT_FIELD_PARAMS_MISC_INFO_DESC"
                >
                    <option value="0">JHIDE</option>
                    <option value="1">JSHOW</option>
                </field>
            </fieldset>
            <fieldset name="icons" label="MOD_TZ_CONTACT_FIELDSET_ICONS">
                <field name="icon_address"
                       type="type"
                       label="MOD_TZ_CONTACT_ICONS_ADDRESS_LABEL"
                       description="MOD_TZ_CONTACT_ICONS_ADDRESS_DESC"/>

                <field name="icon_email"
                       type="text"
                       label="MOD_TZ_CONTACT_ICONS_EMAIL_LABEL"
                       description="MOD_TZ_CONTACT_EMAIL_DESC"/>

                <field name="icon_telephone"
                       type="type"
                       label="MOD_TZ_CONTACT_ICONS_TELEPHONE_LABEL"
                       description="MOD_TZ_CONTACT_ICONS_TELEPHONE_DESC"/>

                <field name="icon_mobile"
                       type="type"
                       label="MOD_TZ_CONTACT_ICONS_MOBILE_LABEL"
                       description="MOD_TZ_CONTACT_ICONS_MOBILE_DESC"/>

                <field name="icon_fax"
                       type="type"
                       label="MOD_TZ_CONTACT_ICONS_FAX_LABEL"
                       description="MOD_TZ_CONTACT_ICONS_FAX_DESC"/>
                <field name="icon_website"
                       type="type"
                       label="MOD_TZ_CONTACT_ICONS_WEBSITE_LABEL"
                       description="MOD_TZ_CONTACT_ICONS_WEBSITE_DESC"/>

                <field name="icon_misc"
                       type="type"
                       label="MOD_TZ_CONTACT_ICONS_MISC_LABEL"
                       description="MOD_TZ_CONTACT_ICONS_MISC_DESC"/>

            </fieldset>
            <fieldset name="advanced">
                <field name="layout" type="modulelayout"
                       label="JFIELD_ALT_LAYOUT_LABEL"
                       description="JFIELD_ALT_MODULE_LAYOUT_DESC"/>

                <field name="moduleclass_sfx" type="text"
                       label="COM_MODULES_FIELD_MODULECLASS_SFX_LABEL"
                       description="COM_MODULES_FIELD_MODULECLASS_SFX_DESC"/>

                <field name="cache" type="list"
                       default="1"
                       label="COM_MODULES_FIELD_CACHING_LABEL"
                       description="COM_MODULES_FIELD_CACHING_DESC"
                >
                    <option value="1">JGLOBAL_USE_GLOBAL</option>
                    <option value="0">COM_MODULES_FIELD_VALUE_NOCACHING</option>
                </field>

                <field name="cache_time" type="text"
                       default="900"
                       label="COM_MODULES_FIELD_CACHE_TIME_LABEL"
                       description="COM_MODULES_FIELD_CACHE_TIME_DESC"/>
                <field
                        name="cachemode"
                        type="hidden"
                        default="static">
                    <option
                            value="static"></option>
                </field>
            </fieldset>
        </fields>
    </config>
</extension>