[{"id":1486707476385,"visibility":true,"collapse":false,"settings":{"admin_label":"Hero Section","title":"","heading_selector":"h3","title_fontsize":"","title_fontweight":"","title_text_color":"","title_margin_top":"","title_margin_bottom":"","subtitle":"","subtitle_fontsize":"","title_position":"sppb-text-center","columns_equal_height":"0","fullscreen":"0","no_gutter":"0","id":"","class":"","padding":"190px 0px 190px 0px","margin":"0px 0px 0px 0px","color":"rgba(255, 255, 255, 1)","background_color":"","background_image":"https://sppagebuilder.com/sample-data/images/2017/02/13/hero-bg4.jpg","overlay":"","background_repeat":"no-repeat","background_size":"cover","background_attachment":"inherit","background_position":"50% 50%","background_video":"0","background_video_mp4":"","background_video_ogv":"","hidden_xs":"","hidden_sm":"","hidden_md":"","animation":"","animationduration":"300","animationdelay":"0"},"layout":"12","columns":[{"id":1486707476386,"class_name":"col-md-12","visibility":true,"settings":{},"addons":[{"id":1486965531824,"name":"feature","visibility":true,"settings":{"admin_label":"","title":"We are Expert in","heading_selector":"h2","title_position":"after","title_fontsize":"46","title_lineheight":"","title_fontstyle":null,"title_letterspace":"0","title_fontweight":"","title_text_color":"","title_margin_top":"45","title_margin_bottom":"0","title_url":"","url_appear":"title","feature_type":"image","feature_image":"https://sppagebuilder.com/sample-data/images/2017/02/13/law-img.png","icon_name":"","icon_size":"36","icon_color":"","icon_background":"","icon_border_color":"","icon_border_width":"","icon_border_radius":"","icon_margin_top":"","icon_margin_bottom":"","icon_padding":"","text":"\t\t\t\t\t\t\t\t\t","alignment":"sppb-text-left","class":"","global_text_color":"","global_link_color":"","global_link_hover_color":"","global_use_background":"0","global_background_color":"","global_background_image":"","global_background_repeat":"no-repeat","global_background_size":"cover","global_background_attachment":"inherit","global_user_border":"0","global_border_width":"","global_border_color":"","global_boder_style":"none","global_border_radius":"","global_margin":"","global_padding":"","global_use_animation":"1","global_animation":"fadeInRight","global_animationduration":"800","global_animationdelay":"","hidden_md":"0","hidden_sm":"0","hidden_xs":"0","acl":null}},{"id":1486708025800,"name":"text_block","visibility":true,"settings":{"admin_label":"","title":"Business Litigation","heading_selector":"h3","title_fontsize":"66","title_lineheight":"","title_fontstyle":null,"title_letterspace":"0","title_fontweight":"900","title_text_color":"","title_margin_top":"13","title_margin_bottom":"","text":"\t\t\t\t\t\t\t\t\t\t\t\t\t\t\t","alignment":"sppb-text-left","class":"","global_text_color":"","global_link_color":"","global_link_hover_color":"","global_use_background":"0","global_background_color":"","global_background_image":"","global_background_repeat":"no-repeat","global_background_size":"cover","global_background_attachment":"inherit","global_user_border":"0","global_border_width":"","global_border_color":"","global_boder_style":"none","global_border_radius":"","global_margin":"0 0 103px 0","global_padding":"","global_use_animation":"1","global_animation":"fadeInUp","global_animationduration":"800","global_animationdelay":"200","hidden_md":"0","hidden_sm":"0","hidden_xs":"0","acl":null}},{"id":1486708220217,"name":"button","visibility":true,"settings":{"admin_label":"","text":"free consultation","alignment":"sppb-text-left","fontstyle":["uppercase"],"letterspace":"3px","url":"#","target":"","type":"custom","appearance":"outline","background_color":"rgba(255, 186, 87, 1)","color":"#ffffff","background_color_hover":"rgba(255, 186, 87, 1)","color_hover":"#ffffff","size":"xlg","shape":"square","block":"","icon":"","icon_position":"left","class":"","global_text_color":"","global_link_color":"rgba(255, 255, 255, 1)","global_link_hover_color":"","global_use_background":"0","global_background_color":"","global_background_image":"","global_background_repeat":"no-repeat","global_background_size":"cover","global_background_attachment":"inherit","global_user_border":"0","global_border_width":"2","global_border_color":"rgba(255, 186, 87, 1)","global_boder_style":"solid","global_border_radius":"0","global_margin":"","global_padding":"","global_use_animation":"1","global_animation":"fadeInUp","global_animationduration":"800","global_animationdelay":"400","hidden_md":"0","hidden_sm":"0","hidden_xs":"0","acl":null}}]}]},{"id":1486964980186,"visibility":true,"collapse":false,"settings":{"admin_label":"Contact Info","title":"","heading_selector":"h3","title_fontsize":"","title_fontweight":"","title_text_color":"","title_margin_top":"","title_margin_bottom":"","subtitle":"","subtitle_fontsize":"","title_position":"sppb-text-center","columns_equal_height":"0","fullscreen":"0","no_gutter":"0","id":"","class":"","padding":"35px 0px 35px 0px","margin":"0px 0px 0px 0px","color":"","background_color":"rgba(255, 186, 87, 1)","background_image":"","overlay":"","background_repeat":"no-repeat","background_size":"cover","background_attachment":"fixed","background_position":"0 0","background_video":"0","background_video_mp4":"","background_video_ogv":"","hidden_xs":"","hidden_sm":"","hidden_md":"","animation":"","animationduration":"300","animationdelay":"0"},"layout":"4,1,4,3","columns":[{"id":1486964980187,"class_name":"col-md-4","visibility":true,"settings":{},"addons":[{"id":1486966543274,"name":"feature","visibility":true,"settings":{"admin_label":"","title":"8:00 - 19:00","heading_selector":"h3","title_position":"left","title_fontsize":"45","title_lineheight":"","title_fontstyle":null,"title_letterspace":"0","title_fontweight":"600","title_text_color":"rgba(24, 29, 48, 1)","title_margin_top":"","title_margin_bottom":"9","title_url":"","url_appear":"title","feature_type":"image","feature_image":"https://sppagebuilder.com/sample-data/images/2017/02/13/clock-icon.png","icon_name":"","icon_size":"36","icon_color":"","icon_background":"","icon_border_color":"","icon_border_width":"","icon_border_radius":"","icon_margin_top":"","icon_margin_bottom":"","icon_padding":"","text":"\t\t\t\t\t\t\t\t\tOur Opening Hours Mon. - Fri.","alignment":"sppb-text-center","class":"","global_text_color":"rgba(255, 255, 255, 1)","global_link_color":"","global_link_hover_color":"","global_use_background":"0","global_background_color":"","global_background_image":"","global_background_repeat":"no-repeat","global_background_size":"cover","global_background_attachment":"inherit","global_user_border":"0","global_border_width":"","global_border_color":"","global_boder_style":"none","global_border_radius":"","global_margin":"32px 0 0 0","global_padding":"","global_use_animation":"0","global_animation":"","global_animationduration":"300","global_animationdelay":"0","hidden_md":"0","hidden_sm":"0","hidden_xs":"0","acl":null}}]},{"id":1486964980188,"class_name":"col-md-1","visibility":true,"settings":{},"addons":[{"id":1486967025340,"name":"image","visibility":true,"settings":{"admin_label":"Divider","title":"","heading_selector":"h3","title_fontsize":"","title_lineheight":"","title_fontstyle":null,"title_letterspace":"0","title_fontweight":"","title_text_color":"","title_margin_top":"","title_margin_bottom":"","image":"https://sppagebuilder.com/sample-data/images/2017/02/13/divider-img.jpg","alt_text":"divider","position":"sppb-text-center","open_lightbox":"0","overlay_color":"rgba(119, 219, 31, 0.5)","link":"","target":"","class":"","global_text_color":"","global_link_color":"","global_link_hover_color":"","global_use_background":"0","global_background_color":"","global_background_image":"","global_background_repeat":"no-repeat","global_background_size":"cover","global_background_attachment":"inherit","global_user_border":"0","global_border_width":"","global_border_color":"","global_boder_style":"none","global_border_radius":"","global_margin":"","global_padding":"","global_use_animation":"0","global_animation":"","global_animationduration":"300","global_animationdelay":"0","hidden_md":"0","hidden_sm":"0","hidden_xs":"0","acl":null}}]},{"id":1486964980189,"class_name":"col-md-4","visibility":true,"settings":{},"addons":[{"id":1486964980215,"name":"feature","visibility":true,"settings":{"admin_label":"","title":"975.789.098","heading_selector":"h3","title_position":"left","title_fontsize":"45","title_lineheight":"","title_fontstyle":null,"title_letterspace":"0","title_fontweight":"600","title_text_color":"rgba(24, 29, 48, 1)","title_margin_top":"","title_margin_bottom":"9","title_url":"","url_appear":"title","feature_type":"image","feature_image":"https://sppagebuilder.com/sample-data/images/2017/02/13/support-icon.png","icon_name":"","icon_size":"36","icon_color":"","icon_background":"","icon_border_color":"","icon_border_width":"","icon_border_radius":"","icon_margin_top":"","icon_margin_bottom":"","icon_padding":"","text":"\tCall Us For Free Consultation","alignment":"sppb-text-center","class":"","global_text_color":"rgba(255, 255, 255, 1)","global_link_color":"","global_link_hover_color":"","global_use_background":"0","global_background_color":"","global_background_image":"","global_background_repeat":"no-repeat","global_background_size":"cover","global_background_attachment":"inherit","global_user_border":"0","global_border_width":"","global_border_color":"","global_boder_style":"none","global_border_radius":"","global_margin":"32px 0 0 10px","global_padding":"","global_use_animation":"0","global_animation":"","global_animationduration":"300","global_animationdelay":"0","hidden_md":"0","hidden_sm":"0","hidden_xs":"0","acl":null}}]},{"id":1486964980190,"class_name":"col-md-3","visibility":true,"settings":{},"addons":[{"id":1486964980224,"name":"button","visibility":true,"settings":{"admin_label":"Contract Us","text":"Contract Us","alignment":"sppb-text-right","fontstyle":["uppercase"],"letterspace":"3px","url":"#","target":"","type":"custom","appearance":"","background_color":"rgba(38, 38, 38, 1)","color":"#ffffff","background_color_hover":"rgba(63, 63, 63, 1)","color_hover":"#ffffff","size":"lg","shape":"square","block":"","icon":"","icon_position":"left","class":"","global_text_color":"","global_link_color":"rgba(255, 255, 255, 1)","global_link_hover_color":"","global_use_background":"0","global_background_color":"","global_background_image":"","global_background_repeat":"no-repeat","global_background_size":"cover","global_background_attachment":"inherit","global_user_border":"0","global_border_width":"2","global_border_color":"rgba(255, 186, 87, 1)","global_boder_style":"solid","global_border_radius":"0","global_margin":"48px 0 0 0","global_padding":"","global_use_animation":"0","global_animation":"","global_animationduration":"300","global_animationdelay":"0","hidden_md":"0","hidden_sm":"0","hidden_xs":"0","acl":null}}]}]},{"id":1486718498380,"visibility":true,"collapse":false,"settings":{"admin_label":"Our Practice Area","title":"","heading_selector":"h3","title_fontsize":"","title_fontweight":"","title_text_color":"","title_margin_top":"","title_margin_bottom":"","subtitle":"","subtitle_fontsize":"","title_position":"sppb-text-center","columns_equal_height":"0","fullscreen":"0","no_gutter":"0","id":"","class":"","padding":"145px 0px 145px 0px","margin":"0px 0px 0px 0px","color":"","background_color":"","background_image":"","overlay":"","background_repeat":"no-repeat","background_size":"cover","background_attachment":"inherit","background_position":"50% 50%","background_video":"0","background_video_mp4":"","background_video_ogv":"","hidden_xs":"","hidden_sm":"","hidden_md":"","animation":"","animationduration":"300","animationdelay":"0"},"layout":"12","columns":[{"id":1486718498381,"class_name":"col-md-12","visibility":true,"settings":{},"addons":[{"id":1486969526495,"name":"feature","visibility":true,"settings":{"admin_label":"","title":"Our Practice Area  ","heading_selector":"h3","title_position":"before","title_fontsize":"36","title_lineheight":"","title_fontstyle":["bold"],"title_letterspace":"1px","title_fontweight":"","title_text_color":"","title_margin_top":"0","title_margin_bottom":"28","title_url":"","url_appear":"title","feature_type":"icon","feature_image":"","icon_name":"","icon_size":"36","icon_color":"","icon_background":"","icon_border_color":"","icon_border_width":"","icon_border_radius":"","icon_margin_top":"","icon_margin_bottom":"","icon_padding":"","text":"\t\t\t\t\t\t\t\t<span style=\"letter-spacing: 1px; font-size: 18px;\">Labore et dolore magna aliqua. Ut enim ad minim veniam quisnostrud</span>","alignment":"sppb-text-center","class":"","global_text_color":"","global_link_color":"","global_link_hover_color":"","global_use_background":"0","global_background_color":"","global_background_image":"","global_background_repeat":"no-repeat","global_background_size":"cover","global_background_attachment":"inherit","global_user_border":"0","global_border_width":"","global_border_color":"","global_boder_style":"none","global_border_radius":"","global_margin":"0 0 25px 0","global_padding":"","global_use_animation":"0","global_animation":"","global_animationduration":"300","global_animationdelay":"0","hidden_md":"0","hidden_sm":"0","hidden_xs":"0","acl":null}},{"id":1486719357257,"type":"inner_row","settings":{"admin_label":"","title":"","heading_selector":"h3","title_fontsize":"","title_fontweight":"","title_text_color":"","title_margin_top":"","title_margin_bottom":"","subtitle":"","subtitle_fontsize":"","title_position":"sppb-text-center","columns_equal_height":"0","fullscreen":"0","no_gutter":"0","id":"","class":"","padding":"65px 0px 0px 0px","margin":"0px 0px 0px 0px","color":"","background_color":"","background_image":"","overlay":"","background_repeat":"no-repeat","background_size":"cover","background_attachment":"fixed","background_position":"0 0","background_video":"0","background_video_mp4":"","background_video_ogv":"","hidden_xs":"","hidden_sm":"","hidden_md":"","animation":"","animationduration":"300","animationdelay":"0"},"layout":"3,3,3,3","visibility":true,"columns":[{"id":1486719357258,"class_name":"col-md-3","visibility":true,"settings":{},"addons":[{"id":1486720060684,"name":"feature","visibility":true,"settings":{"admin_label":"","title":"Criminal Law","heading_selector":"h3","title_position":"after","title_fontsize":"22","title_lineheight":"","title_fontstyle":["uppercase","bold"],"title_letterspace":"1px","title_fontweight":"","title_text_color":"","title_margin_top":"45","title_margin_bottom":"20","title_url":"","url_appear":"title","feature_type":"image","feature_image":"https://sppagebuilder.com/sample-data/images/2017/02/10/law-icon1.png","icon_name":"","icon_size":"36","icon_color":"","icon_background":"","icon_border_color":"","icon_border_width":"","icon_border_radius":"","icon_margin_top":"","icon_margin_bottom":"","icon_padding":"","text":"Lorem ipsum dolor sit amet, consectetur adipisicing eliteiusmod tempor insed","alignment":"sppb-text-center","class":"","global_text_color":"rgba(0, 0, 0, 1)","global_link_color":"","global_link_hover_color":"","global_use_background":"0","global_background_color":"","global_background_image":"","global_background_repeat":"no-repeat","global_background_size":"cover","global_background_attachment":"inherit","global_user_border":"0","global_border_width":"","global_border_color":"","global_boder_style":"none","global_border_radius":"","global_margin":"","global_padding":"","global_use_animation":"0","global_animation":"","global_animationduration":"300","global_animationdelay":"0","hidden_md":"0","hidden_sm":"0","hidden_xs":"0","acl":null},"htmlContent":"<div id=\"sppb-addon-1486720060684\" class=\"clearfix\" ><div class=\"sppb-addon sppb-addon-feature sppb-text-center \"><div class=\"sppb-addon-content\"><span class=\"sppb-img-container\"><img class=\"sppb-img-responsive\" src=\"https://sppagebuilder.com/sample-data/images/2017/02/10/law-icon1.png\" alt=\"Criminal Law\"></span><h3 class=\"sppb-addon-title sppb-feature-box-title\">Criminal Law</h3><div class=\"sppb-addon-text\">Lorem ipsum dolor sit amet, consectetur adipisicing eliteiusmod tempor insed</div></div></div></div>","assets":{"css":"#sppb-addon-1486720060684 {\n\tcolor: rgba(0, 0, 0, 1);\n}\n#sppb-addon-1486720060684 .sppb-addon-title {\nmargin-top:45px;margin-bottom:20px;font-size:22px;line-height:22px;letter-spacing:1px;text-transform: uppercase;font-weight: bold;}\n#sppb-addon-1486720060684 .sppb-img-container {display:inline-block;}"}}]},{"id":1486719357261,"class_name":"col-md-3","visibility":true,"settings":{},"addons":[{"id":1486969741646,"name":"feature","visibility":true,"settings":{"admin_label":"","title":"Business Law","heading_selector":"h3","title_position":"after","title_fontsize":"22","title_lineheight":"","title_fontstyle":["uppercase","bold"],"title_letterspace":"1px","title_fontweight":"","title_text_color":"","title_margin_top":"45","title_margin_bottom":"20","title_url":"","url_appear":"title","feature_type":"image","feature_image":"https://sppagebuilder.com/sample-data/images/2017/02/10/law-icon2.png","icon_name":"","icon_size":"36","icon_color":"","icon_background":"","icon_border_color":"","icon_border_width":"","icon_border_radius":"","icon_margin_top":"","icon_margin_bottom":"","icon_padding":"","text":"\tLorem ipsum dolor sit amet, consectetur adipisicing eliteiusmod tempor insed","alignment":"sppb-text-center","class":"","global_text_color":"rgba(0, 0, 0, 1)","global_link_color":"","global_link_hover_color":"","global_use_background":"0","global_background_color":"","global_background_image":"","global_background_repeat":"no-repeat","global_background_size":"cover","global_background_attachment":"inherit","global_user_border":"0","global_border_width":"","global_border_color":"","global_boder_style":"none","global_border_radius":"","global_margin":"","global_padding":"","global_use_animation":"0","global_animation":"","global_animationduration":"300","global_animationdelay":"0","hidden_md":"0","hidden_sm":"0","hidden_xs":"0","acl":null},"htmlContent":"<div id=\"sppb-addon-1486969741646\" class=\"clearfix\" ><div class=\"sppb-addon sppb-addon-feature sppb-text-center \"><div class=\"sppb-addon-content\"><span class=\"sppb-img-container\"><img class=\"sppb-img-responsive\" src=\"https://sppagebuilder.com/sample-data/images/2017/02/10/law-icon2.png\" alt=\"Business Law\"></span><h3 class=\"sppb-addon-title sppb-feature-box-title\">Business Law</h3><div class=\"sppb-addon-text\">\tLorem ipsum dolor sit amet, consectetur adipisicing eliteiusmod tempor insed</div></div></div></div>","assets":{"css":"#sppb-addon-1486969741646 {\n\tcolor: rgba(0, 0, 0, 1);\n}\n#sppb-addon-1486969741646 .sppb-addon-title {\nmargin-top:45px;margin-bottom:20px;font-size:22px;line-height:22px;letter-spacing:1px;text-transform: uppercase;font-weight: bold;}\n#sppb-addon-1486969741646 .sppb-img-container {display:inline-block;}"}}]},{"id":1486719357262,"class_name":"col-md-3","visibility":true,"settings":{},"addons":[{"id":1486969741651,"name":"feature","visibility":true,"settings":{"admin_label":"","title":"Family Law","heading_selector":"h3","title_position":"after","title_fontsize":"22","title_lineheight":"","title_fontstyle":["uppercase","bold"],"title_letterspace":"1px","title_fontweight":"","title_text_color":"","title_margin_top":"45","title_margin_bottom":"20","title_url":"","url_appear":"title","feature_type":"image","feature_image":"https://sppagebuilder.com/sample-data/images/2017/02/10/law-icon3.png","icon_name":"","icon_size":"36","icon_color":"","icon_background":"","icon_border_color":"","icon_border_width":"","icon_border_radius":"","icon_margin_top":"","icon_margin_bottom":"","icon_padding":"","text":"\tLorem ipsum dolor sit amet, consectetur adipisicing eliteiusmod tempor insed","alignment":"sppb-text-center","class":"","global_text_color":"rgba(0, 0, 0, 1)","global_link_color":"","global_link_hover_color":"","global_use_background":"0","global_background_color":"","global_background_image":"","global_background_repeat":"no-repeat","global_background_size":"cover","global_background_attachment":"inherit","global_user_border":"0","global_border_width":"","global_border_color":"","global_boder_style":"none","global_border_radius":"","global_margin":"","global_padding":"","global_use_animation":"0","global_animation":"","global_animationduration":"300","global_animationdelay":"0","hidden_md":"0","hidden_sm":"0","hidden_xs":"0","acl":null},"htmlContent":"<div id=\"sppb-addon-1486969741651\" class=\"clearfix\" ><div class=\"sppb-addon sppb-addon-feature sppb-text-center \"><div class=\"sppb-addon-content\"><span class=\"sppb-img-container\"><img class=\"sppb-img-responsive\" src=\"https://sppagebuilder.com/sample-data/images/2017/02/10/law-icon3.png\" alt=\"Family Law\"></span><h3 class=\"sppb-addon-title sppb-feature-box-title\">Family Law</h3><div class=\"sppb-addon-text\">\tLorem ipsum dolor sit amet, consectetur adipisicing eliteiusmod tempor insed</div></div></div></div>","assets":{"css":"#sppb-addon-1486969741651 {\n\tcolor: rgba(0, 0, 0, 1);\n}\n#sppb-addon-1486969741651 .sppb-addon-title {\nmargin-top:45px;margin-bottom:20px;font-size:22px;line-height:22px;letter-spacing:1px;text-transform: uppercase;font-weight: bold;}\n#sppb-addon-1486969741651 .sppb-img-container {display:inline-block;}"}}]},{"id":1486719357265,"class_name":"col-md-3","visibility":true,"settings":{},"addons":[{"id":1486969741656,"name":"feature","visibility":true,"settings":{"admin_label":"","title":"Civil litigation","heading_selector":"h3","title_position":"after","title_fontsize":"22","title_lineheight":"","title_fontstyle":["uppercase","bold"],"title_letterspace":"1px","title_fontweight":"","title_text_color":"","title_margin_top":"45","title_margin_bottom":"20","title_url":"","url_appear":"title","feature_type":"image","feature_image":"https://sppagebuilder.com/sample-data/images/2017/02/10/law-icon4.png","icon_name":"","icon_size":"36","icon_color":"","icon_background":"","icon_border_color":"","icon_border_width":"","icon_border_radius":"","icon_margin_top":"","icon_margin_bottom":"","icon_padding":"","text":"\tLorem ipsum dolor sit amet, consectetur adipisicing eliteiusmod tempor insed","alignment":"sppb-text-center","class":"","global_text_color":"rgba(0, 0, 0, 1)","global_link_color":"","global_link_hover_color":"","global_use_background":"0","global_background_color":"","global_background_image":"","global_background_repeat":"no-repeat","global_background_size":"cover","global_background_attachment":"inherit","global_user_border":"0","global_border_width":"","global_border_color":"","global_boder_style":"none","global_border_radius":"","global_margin":"","global_padding":"","global_use_animation":"0","global_animation":"","global_animationduration":"300","global_animationdelay":"0","hidden_md":"0","hidden_sm":"0","hidden_xs":"0","acl":null},"htmlContent":"<div id=\"sppb-addon-1486969741656\" class=\"clearfix\" ><div class=\"sppb-addon sppb-addon-feature sppb-text-center \"><div class=\"sppb-addon-content\"><span class=\"sppb-img-container\"><img class=\"sppb-img-responsive\" src=\"https://sppagebuilder.com/sample-data/images/2017/02/10/law-icon4.png\" alt=\"Civil litigation\"></span><h3 class=\"sppb-addon-title sppb-feature-box-title\">Civil litigation</h3><div class=\"sppb-addon-text\">\tLorem ipsum dolor sit amet, consectetur adipisicing eliteiusmod tempor insed</div></div></div></div>","assets":{"css":"#sppb-addon-1486969741656 {\n\tcolor: rgba(0, 0, 0, 1);\n}\n#sppb-addon-1486969741656 .sppb-addon-title {\nmargin-top:45px;margin-bottom:20px;font-size:22px;line-height:22px;letter-spacing:1px;text-transform: uppercase;font-weight: bold;}\n#sppb-addon-1486969741656 .sppb-img-container {display:inline-block;}"}}]}]}]}]},{"id":1486969741685,"visibility":true,"collapse":false,"settings":{"admin_label":"Our Achievement","title":"","heading_selector":"h3","title_fontsize":"","title_fontweight":"","title_text_color":"","title_margin_top":"","title_margin_bottom":"","subtitle":"","subtitle_fontsize":"","title_position":"sppb-text-center","columns_equal_height":"0","fullscreen":"0","no_gutter":"0","id":"","class":"","padding":"130px 0px 135px 0px","margin":"0px 0px 0px 0px","color":"","background_color":"","background_image":"https://sppagebuilder.com/sample-data/images/2017/02/13/section-bg2.jpg","overlay":"","background_repeat":"no-repeat","background_size":"cover","background_attachment":"inherit","background_position":"50% 50%","background_video":"0","background_video_mp4":"","background_video_ogv":"","hidden_xs":"","hidden_sm":"","hidden_md":"","animation":"","animationduration":"300","animationdelay":"0"},"layout":"6,6","columns":[{"id":1486969741686,"class_name":"col-md-6","visibility":true,"settings":{},"addons":[{"id":1486972111111,"name":"heading","visibility":true,"settings":{"admin_label":"","title":"235+","heading_selector":"h2","use_link":"0","title_link":"","link_new_tab":"0","title_fontsize":"137","title_fontstyle":["bold"],"title_lineheight":"","title_letterspace":"0","title_margin":"0px 0px 25px 0px","title_padding":"0px 0px 0px 0px","alignment":"sppb-text-center","class":"","global_text_color":"rgba(24, 29, 48, 1)","global_link_color":"","global_link_hover_color":"","global_use_background":"0","global_background_color":"","global_background_image":"","global_background_repeat":"no-repeat","global_background_size":"cover","global_background_attachment":"inherit","global_user_border":"0","global_border_width":"","global_border_color":"","global_boder_style":"none","global_border_radius":"","global_margin":"","global_padding":"","global_use_animation":"0","global_animation":"","global_animationduration":"300","global_animationdelay":"0","hidden_md":"0","hidden_sm":"0","hidden_xs":"0","acl":null}},{"id":1486972046409,"name":"text_block","visibility":true,"settings":{"admin_label":"National Award Winner","title":"National Award<br>\nWinner","heading_selector":"h3","title_fontsize":"47","title_lineheight":"65","title_fontstyle":null,"title_letterspace":"0","title_fontweight":"700","title_text_color":"rgba(24, 29, 48, 1)","title_margin_top":"0","title_margin_bottom":"0","text":"\t\t","alignment":"sppb-text-center","class":"","global_text_color":"","global_link_color":"","global_link_hover_color":"","global_use_background":"0","global_background_color":"","global_background_image":"","global_background_repeat":"no-repeat","global_background_size":"cover","global_background_attachment":"inherit","global_user_border":"0","global_border_width":"","global_border_color":"","global_boder_style":"none","global_border_radius":"","global_margin":"","global_padding":"","global_use_animation":"0","global_animation":"","global_animationduration":"300","global_animationdelay":"0","hidden_md":"0","hidden_sm":"0","hidden_xs":"0","acl":null}}]},{"id":1486969741687,"class_name":"col-md-6","visibility":true,"settings":{"color":"rgba(255, 255, 255, 1)","background":"","background_image":"","overlay":"","background_repeat":"no-repeat","background_size":"cover","background_attachment":"scroll","background_position":"0 0","padding":"","class":"","sm_col":"","xs_col":"","hidden_xs":"","hidden_sm":"","hidden_md":"","animation":"","animationduration":"300","animationdelay":"0"},"addons":[{"id":1486969741706,"name":"heading","visibility":true,"settings":{"admin_label":"","title":"500+","heading_selector":"h2","use_link":"0","title_link":"","link_new_tab":"0","title_fontsize":"137","title_fontstyle":["bold"],"title_lineheight":"","title_letterspace":"0","title_margin":"0px 0px 25px 0px","title_padding":"0px 0px 0px 0px","alignment":"sppb-text-center","class":"","global_text_color":"","global_link_color":"","global_link_hover_color":"","global_use_background":"0","global_background_color":"","global_background_image":"","global_background_repeat":"no-repeat","global_background_size":"cover","global_background_attachment":"inherit","global_user_border":"0","global_border_width":"","global_border_color":"","global_boder_style":"none","global_border_radius":"","global_margin":"","global_padding":"","global_use_animation":"0","global_animation":"","global_animationduration":"300","global_animationdelay":"0","hidden_md":"0","hidden_sm":"0","hidden_xs":"0","acl":null}},{"id":1486969741709,"name":"text_block","visibility":true,"settings":{"admin_label":"Project Completed Successfully","title":"Project Completed<br>\nSuccessfully","heading_selector":"h3","title_fontsize":"47","title_lineheight":"65","title_fontstyle":null,"title_letterspace":"0","title_fontweight":"700","title_text_color":"","title_margin_top":"0","title_margin_bottom":"0","text":"\t\t\t","alignment":"sppb-text-center","class":"","global_text_color":"","global_link_color":"","global_link_hover_color":"","global_use_background":"0","global_background_color":"","global_background_image":"","global_background_repeat":"no-repeat","global_background_size":"cover","global_background_attachment":"inherit","global_user_border":"0","global_border_width":"","global_border_color":"","global_boder_style":"none","global_border_radius":"","global_margin":"","global_padding":"","global_use_animation":"0","global_animation":"","global_animationduration":"300","global_animationdelay":"0","hidden_md":"0","hidden_sm":"0","hidden_xs":"0","acl":null}}]}]},{"id":1486721254484,"visibility":true,"collapse":false,"settings":{"admin_label":"Our Introduction","title":"","heading_selector":"h3","title_fontsize":"","title_fontweight":"","title_text_color":"","title_margin_top":"","title_margin_bottom":"","subtitle":"","subtitle_fontsize":"","title_position":"sppb-text-center","columns_equal_height":"0","fullscreen":"0","no_gutter":"0","id":"","class":"","padding":"140px 0px 0px 0px","margin":"0px 0px 0px 0px","color":"","background_color":"","background_image":"","overlay":"","background_repeat":"no-repeat","background_size":"cover","background_attachment":"fixed","background_position":"0 0","background_video":"0","background_video_mp4":"","background_video_ogv":"","hidden_xs":"","hidden_sm":"","hidden_md":"","animation":"","animationduration":"300","animationdelay":"0"},"layout":"6,6","columns":[{"id":1486721254485,"class_name":"col-md-6","visibility":true,"settings":{"color":"","background":"","background_image":"","overlay":"","background_repeat":"no-repeat","background_size":"cover","background_attachment":"scroll","background_position":"0 0","padding":"","class":"","sm_col":"","xs_col":"","hidden_xs":"","hidden_sm":"","hidden_md":"","animation":"fadeInLeft","animationduration":"600","animationdelay":""},"addons":[{"id":1486721254489,"name":"heading","visibility":true,"settings":{"admin_label":"All About Harvey & Specter Introduction ","title":"All About Harvey<br>& Specter Introduction ","heading_selector":"h2","use_link":"0","title_link":"","link_new_tab":"0","title_fontsize":"36","title_fontstyle":["bold"],"title_lineheight":"46px","title_letterspace":"0","title_margin":"0px 0px 0px 0px","title_padding":"0px 0px 0px 0px","alignment":"sppb-text-left","class":"","global_text_color":"","global_link_color":"","global_link_hover_color":"","global_use_background":"0","global_background_color":"","global_background_image":"","global_background_repeat":"no-repeat","global_background_size":"cover","global_background_attachment":"inherit","global_user_border":"0","global_border_width":"10","global_border_color":"","global_boder_style":"none","global_border_radius":"","global_margin":"80px 0 0 0","global_padding":"","global_use_animation":"0","global_animation":"","global_animationduration":"300","global_animationdelay":"0","hidden_md":"0","hidden_sm":"0","hidden_xs":"0","acl":null}},{"id":1486725594233,"name":"text_block","visibility":true,"settings":{"admin_label":"Some Info","title":"Labore et dolore magna aliqua. Ut enim ad minim veniam, quisnostrud exercitation ullamco laboris nisi ut aliquip ex ea commodo. Irure dolor reprehenderit.","heading_selector":"h3","title_fontsize":"16","title_lineheight":"25","title_fontstyle":null,"title_letterspace":"0","title_fontweight":"400","title_text_color":"","title_margin_top":"","title_margin_bottom":"","text":"\t\t\t\t\t\t\t\t","alignment":"sppb-text-left","class":"","global_text_color":"","global_link_color":"","global_link_hover_color":"","global_use_background":"0","global_background_color":"","global_background_image":"","global_background_repeat":"no-repeat","global_background_size":"cover","global_background_attachment":"inherit","global_user_border":"0","global_border_width":"","global_border_color":"","global_boder_style":"none","global_border_radius":"","global_margin":"15px 0 32px 0","global_padding":"","global_use_animation":"0","global_animation":"","global_animationduration":"300","global_animationdelay":"0","hidden_md":"0","hidden_sm":"0","hidden_xs":"0","acl":null}},{"id":1486973118938,"name":"feature","visibility":true,"settings":{"admin_label":"","title":" Fusce vel enim sapien. Vivamus pellentesque porta nisl.","heading_selector":"h3","title_position":"left","title_fontsize":"16","title_lineheight":"","title_fontstyle":null,"title_letterspace":"0","title_fontweight":"300","title_text_color":"rgba(52, 52, 52, 1)","title_margin_top":"5","title_margin_bottom":"","title_url":"","url_appear":"title","feature_type":"icon","feature_image":"","icon_name":"fa-bank","icon_size":"16","icon_color":"rgba(255, 186, 87, 1)","icon_background":"","icon_border_color":"","icon_border_width":"","icon_border_radius":"","icon_margin_top":"","icon_margin_bottom":"","icon_padding":"","text":"\t\t\t\t\t","alignment":"sppb-text-left","class":"","global_text_color":"","global_link_color":"","global_link_hover_color":"","global_use_background":"0","global_background_color":"","global_background_image":"","global_background_repeat":"no-repeat","global_background_size":"cover","global_background_attachment":"inherit","global_user_border":"0","global_border_width":"","global_border_color":"","global_boder_style":"none","global_border_radius":"","global_margin":"0 0 3px 0","global_padding":"","global_use_animation":"0","global_animation":"","global_animationduration":"300","global_animationdelay":"0","hidden_md":"0","hidden_sm":"0","hidden_xs":"0","acl":null}},{"id":1486969741750,"name":"feature","visibility":true,"settings":{"admin_label":"","title":"Hendrerit erat, sit amet dictum.","heading_selector":"h3","title_position":"left","title_fontsize":"16","title_lineheight":"","title_fontstyle":null,"title_letterspace":"0","title_fontweight":"300","title_text_color":"rgba(52, 52, 52, 1)","title_margin_top":"5","title_margin_bottom":"","title_url":"","url_appear":"title","feature_type":"icon","feature_image":"","icon_name":"fa-bank","icon_size":"16","icon_color":"rgba(255, 186, 87, 1)","icon_background":"","icon_border_color":"","icon_border_width":"","icon_border_radius":"","icon_margin_top":"","icon_margin_bottom":"","icon_padding":"","text":"\t\t\t\t\t","alignment":"sppb-text-left","class":"","global_text_color":"","global_link_color":"","global_link_hover_color":"","global_use_background":"0","global_background_color":"","global_background_image":"","global_background_repeat":"no-repeat","global_background_size":"cover","global_background_attachment":"inherit","global_user_border":"0","global_border_width":"","global_border_color":"","global_boder_style":"none","global_border_radius":"","global_margin":"0 0 3px 0","global_padding":"","global_use_animation":"0","global_animation":"","global_animationduration":"300","global_animationdelay":"0","hidden_md":"0","hidden_sm":"0","hidden_xs":"0","acl":null}},{"id":1486969741747,"name":"feature","visibility":true,"settings":{"admin_label":"","title":"Viverra iaculis. Sed porta nisl molestie hendrerit.","heading_selector":"h3","title_position":"left","title_fontsize":"16","title_lineheight":"","title_fontstyle":null,"title_letterspace":"0","title_fontweight":"300","title_text_color":"rgba(52, 52, 52, 1)","title_margin_top":"5","title_margin_bottom":"","title_url":"","url_appear":"title","feature_type":"icon","feature_image":"","icon_name":"fa-bank","icon_size":"16","icon_color":"rgba(255, 186, 87, 1)","icon_background":"","icon_border_color":"","icon_border_width":"","icon_border_radius":"","icon_margin_top":"","icon_margin_bottom":"","icon_padding":"","text":"\t\t\t\t\t","alignment":"sppb-text-left","class":"","global_text_color":"","global_link_color":"","global_link_hover_color":"","global_use_background":"0","global_background_color":"","global_background_image":"","global_background_repeat":"no-repeat","global_background_size":"cover","global_background_attachment":"inherit","global_user_border":"0","global_border_width":"","global_border_color":"","global_boder_style":"none","global_border_radius":"","global_margin":"0 0 3px 0","global_padding":"","global_use_animation":"0","global_animation":"","global_animationduration":"300","global_animationdelay":"0","hidden_md":"0","hidden_sm":"0","hidden_xs":"0","acl":null}},{"id":1486969741744,"name":"feature","visibility":true,"settings":{"admin_label":"","title":"Integer tempus pulvinar laoreet pulvinar laoreet.","heading_selector":"h3","title_position":"left","title_fontsize":"16","title_lineheight":"","title_fontstyle":null,"title_letterspace":"0","title_fontweight":"300","title_text_color":"rgba(52, 52, 52, 1)","title_margin_top":"5","title_margin_bottom":"","title_url":"","url_appear":"title","feature_type":"icon","feature_image":"","icon_name":"fa-bank","icon_size":"16","icon_color":"rgba(255, 186, 87, 1)","icon_background":"","icon_border_color":"","icon_border_width":"","icon_border_radius":"","icon_margin_top":"","icon_margin_bottom":"","icon_padding":"","text":"\t\t\t\t","alignment":"sppb-text-left","class":"","global_text_color":"","global_link_color":"","global_link_hover_color":"","global_use_background":"0","global_background_color":"","global_background_image":"","global_background_repeat":"no-repeat","global_background_size":"cover","global_background_attachment":"inherit","global_user_border":"0","global_border_width":"","global_border_color":"","global_boder_style":"none","global_border_radius":"","global_margin":"","global_padding":"","global_use_animation":"0","global_animation":"","global_animationduration":"300","global_animationdelay":"0","hidden_md":"0","hidden_sm":"0","hidden_xs":"0","acl":null}}]},{"id":1486721254486,"class_name":"col-md-6","visibility":true,"settings":{},"addons":[{"id":1486725868382,"name":"image","visibility":true,"settings":{"admin_label":"","title":"","heading_selector":"h3","title_fontsize":"","title_lineheight":"","title_fontstyle":null,"title_letterspace":"0","title_fontweight":"","title_text_color":"","title_margin_top":"","title_margin_bottom":"","image":"https://sppagebuilder.com/sample-data/images/2017/02/13/women.png","alt_text":"women","position":"sppb-text-right","open_lightbox":"0","overlay_color":"rgba(119, 219, 31, 0.5)","link":"","target":"","class":"","global_text_color":"","global_link_color":"","global_link_hover_color":"","global_use_background":"0","global_background_color":"","global_background_image":"","global_background_repeat":"no-repeat","global_background_size":"cover","global_background_attachment":"inherit","global_user_border":"0","global_border_width":"","global_border_color":"","global_boder_style":"none","global_border_radius":"","global_margin":"","global_padding":"","global_use_animation":"0","global_animation":"","global_animationduration":"300","global_animationdelay":"0","hidden_md":"0","hidden_sm":"0","hidden_xs":"0","acl":null}}]}]},{"id":1486969741771,"visibility":true,"collapse":false,"settings":{"admin_label":"We Believe Justice","title":"","heading_selector":"h3","title_fontsize":"","title_fontweight":"","title_text_color":"","title_margin_top":"","title_margin_bottom":"","subtitle":"","subtitle_fontsize":"","title_position":"sppb-text-center","columns_equal_height":"0","fullscreen":"0","no_gutter":"0","id":"","class":"","padding":"150px 0px 0px 0px","margin":"0px 0px 0px 0px","color":"","background_color":"rgba(247, 247, 247, 1)","background_image":"","overlay":"","background_repeat":"no-repeat","background_size":"cover","background_attachment":"fixed","background_position":"0 0","background_video":"0","background_video_mp4":"","background_video_ogv":"","hidden_xs":"","hidden_sm":"","hidden_md":"","animation":"","animationduration":"300","animationdelay":"0"},"layout":"6,6","columns":[{"id":1486969741772,"class_name":"col-md-6","visibility":true,"settings":{},"addons":[{"id":1486969741776,"name":"image","visibility":true,"settings":{"admin_label":"Co-founder of Law agency","title":"","heading_selector":"h3","title_fontsize":"","title_lineheight":"","title_fontstyle":null,"title_letterspace":"0","title_fontweight":"","title_text_color":"","title_margin_top":"","title_margin_bottom":"","image":"https://sppagebuilder.com/sample-data/images/2017/02/13/men1.png","alt_text":"men","position":"sppb-text-center","open_lightbox":"0","overlay_color":"rgba(119, 219, 31, 0.5)","link":"","target":"","class":"","global_text_color":"","global_link_color":"","global_link_hover_color":"","global_use_background":"0","global_background_color":"","global_background_image":"","global_background_repeat":"no-repeat","global_background_size":"cover","global_background_attachment":"inherit","global_user_border":"0","global_border_width":"","global_border_color":"","global_boder_style":"none","global_border_radius":"","global_margin":"","global_padding":"","global_use_animation":"0","global_animation":"","global_animationduration":"300","global_animationdelay":"0","hidden_md":"0","hidden_sm":"0","hidden_xs":"0","acl":null}}]},{"id":1486969741773,"class_name":"col-md-6","visibility":true,"settings":{"color":"","background":"","background_image":"","overlay":"","background_repeat":"no-repeat","background_size":"cover","background_attachment":"scroll","background_position":"0 0","padding":"","class":"","sm_col":"","xs_col":"","hidden_xs":"","hidden_sm":"","hidden_md":"","animation":"fadeInRight","animationduration":"600","animationdelay":""},"addons":[{"id":1486969741779,"name":"heading","visibility":true,"settings":{"admin_label":"We Believe Justice Who We Are","title":"We Belive Justice <br>Who We Are","heading_selector":"h2","use_link":"0","title_link":"","link_new_tab":"0","title_fontsize":"36","title_fontstyle":["bold"],"title_lineheight":"46px","title_letterspace":"0","title_margin":"0px 0px 0px 0px","title_padding":"0px 0px 0px 0px","alignment":"sppb-text-left","class":"","global_text_color":"","global_link_color":"","global_link_hover_color":"","global_use_background":"0","global_background_color":"","global_background_image":"","global_background_repeat":"no-repeat","global_background_size":"cover","global_background_attachment":"inherit","global_user_border":"0","global_border_width":"10","global_border_color":"","global_boder_style":"none","global_border_radius":"","global_margin":"50px 0 0 0","global_padding":"","global_use_animation":"0","global_animation":"","global_animationduration":"300","global_animationdelay":"0","hidden_md":"0","hidden_sm":"0","hidden_xs":"0","acl":null}},{"id":1486969741782,"name":"text_block","visibility":true,"settings":{"admin_label":"Some info","title":"Labore et dolore magna aliqua. Ut enim ad minim veniam, quisnostrud exercitation ullamco laboris nisi ut aliquip ex ea commodo. Irure dolor reprehenderit. In voluptate velit esse cillum dolore xcepteur sint occaecat. cupidatat non proident. sunt in culpa qui officia deserunt mollit.","heading_selector":"h3","title_fontsize":"16","title_lineheight":"25","title_fontstyle":null,"title_letterspace":"0","title_fontweight":"400","title_text_color":"","title_margin_top":"","title_margin_bottom":"","text":"\t\t\t\t\t\t\t\t\t\t\t","alignment":"sppb-text-left","class":"","global_text_color":"","global_link_color":"","global_link_hover_color":"","global_use_background":"0","global_background_color":"","global_background_image":"","global_background_repeat":"no-repeat","global_background_size":"cover","global_background_attachment":"inherit","global_user_border":"0","global_border_width":"","global_border_color":"","global_boder_style":"none","global_border_radius":"","global_margin":"15px 0 55px 0","global_padding":"","global_use_animation":"0","global_animation":"","global_animationduration":"300","global_animationdelay":"0","hidden_md":"0","hidden_sm":"0","hidden_xs":"0","acl":null}},{"id":1486976616313,"name":"image","visibility":true,"settings":{"admin_label":"Signature","title":"","heading_selector":"h3","title_fontsize":"","title_lineheight":"","title_fontstyle":null,"title_letterspace":"0","title_fontweight":"","title_text_color":"","title_margin_top":"","title_margin_bottom":"","image":"https://sppagebuilder.com/sample-data/images/2017/02/13/signature.png","alt_text":"signature","position":"sppb-text-left","open_lightbox":"0","overlay_color":"rgba(119, 219, 31, 0.5)","link":"","target":"","class":"","global_text_color":"","global_link_color":"","global_link_hover_color":"","global_use_background":"0","global_background_color":"","global_background_image":"","global_background_repeat":"no-repeat","global_background_size":"cover","global_background_attachment":"inherit","global_user_border":"0","global_border_width":"","global_border_color":"","global_boder_style":"none","global_border_radius":"","global_margin":"20px 0 0 0","global_padding":"","global_use_animation":"0","global_animation":"","global_animationduration":"300","global_animationdelay":"0","hidden_md":"0","hidden_sm":"0","hidden_xs":"0","acl":null}}]}]},{"id":1486721254549,"visibility":true,"collapse":false,"settings":{"admin_label":"Best Experts Ever","title":"","heading_selector":"h3","title_fontsize":"","title_fontweight":"","title_text_color":"","title_margin_top":"","title_margin_bottom":"","subtitle":"","subtitle_fontsize":"","title_position":"sppb-text-center","columns_equal_height":"0","fullscreen":"0","no_gutter":"0","id":"","class":"","padding":"140px 0px 100px 0px","margin":"0px 0px 0px 0px","color":"rgba(255, 255, 255, 1)","background_color":"","background_image":"https://sppagebuilder.com/sample-data/images/2017/02/13/bg-image2.jpg","overlay":"","background_repeat":"no-repeat","background_size":"cover","background_attachment":"inherit","background_position":"50% 50%","background_video":"0","background_video_mp4":"","background_video_ogv":"","hidden_xs":"","hidden_sm":"","hidden_md":"","animation":"","animationduration":"300","animationdelay":"0"},"layout":"12","columns":[{"id":1486721254550,"class_name":"col-md-12","visibility":true,"settings":{},"addons":[{"id":1486969741801,"name":"feature","visibility":true,"settings":{"admin_label":"","title":"Best Experts Ever","heading_selector":"h3","title_position":"before","title_fontsize":"36","title_lineheight":"","title_fontstyle":["bold"],"title_letterspace":"1px","title_fontweight":"","title_text_color":"","title_margin_top":"0","title_margin_bottom":"28","title_url":"","url_appear":"title","feature_type":"icon","feature_image":"","icon_name":"","icon_size":"36","icon_color":"","icon_background":"","icon_border_color":"","icon_border_width":"","icon_border_radius":"","icon_margin_top":"","icon_margin_bottom":"","icon_padding":"","text":"\t\t\t\t\t\t\t\t\t\t<span style=\"letter-spacing: 1px; font-size: 18px;\">Labore et dolore magna aliqua. Ut enim ad minim veniam quisnostrud</span>","alignment":"sppb-text-center","class":"","global_text_color":"","global_link_color":"","global_link_hover_color":"","global_use_background":"0","global_background_color":"","global_background_image":"","global_background_repeat":"no-repeat","global_background_size":"cover","global_background_attachment":"inherit","global_user_border":"0","global_border_width":"","global_border_color":"","global_boder_style":"none","global_border_radius":"","global_margin":"0 0 45px 0","global_padding":"","global_use_animation":"0","global_animation":"","global_animationduration":"300","global_animationdelay":"0","hidden_md":"0","hidden_sm":"0","hidden_xs":"0","acl":null}},{"id":1486721254563,"type":"inner_row","settings":{"padding":"50px 0px 50px 0px","margin":"0px 0px 0px 0px"},"layout":"3,3,3,3","visibility":true,"columns":[{"id":1486721254564,"class_name":"col-md-3","visibility":true,"settings":{},"addons":[{"id":1486727668377,"name":"person","visibility":true,"settings":{"admin_label":"","image":"https://sppagebuilder.com/sample-data/images/2017/02/10/person1.jpg","name":"Thomas bell","designation":"SENIOR Lawer ( Criminal  )","email":"","introtext":"","facebook":"#","twitter":"#","google_plus":"#","youtube":"","linkedin":"#","pinterest":"","flickr":"","dribbble":"","behance":"","instagram":"","social_position":"after","alignment":"sppb-text-center","class":"","global_text_color":"rgba(255, 255, 255, 1)","global_link_color":"","global_link_hover_color":"","global_use_background":"0","global_background_color":"","global_background_image":"","global_background_repeat":"no-repeat","global_background_size":"cover","global_background_attachment":"inherit","global_user_border":"0","global_border_width":"","global_border_color":"","global_boder_style":"none","global_border_radius":"","global_margin":"","global_padding":"","global_use_animation":"0","global_animation":"","global_animationduration":"300","global_animationdelay":"0","hidden_md":"0","hidden_sm":"0","hidden_xs":"0","acl":null},"htmlContent":"<div id=\"sppb-addon-1486727668377\" class=\"clearfix\" ><div class=\"sppb-addon sppb-addon-persion sppb-text-center \"><div class=\"sppb-addon-content\"><div class=\"sppb-person-image\"><img class=\"sppb-img-responsive\" src=\"https://sppagebuilder.com/sample-data/images/2017/02/10/person1.jpg\" alt=\"Thomas bell\"></div><div class=\"sppb-person-information\"><span class=\"sppb-person-name\">Thomas bell</span><span class=\"sppb-person-designation\">SENIOR Lawer ( Criminal  )</span></div><div class=\"sppb-person-social-icons\"><ul class=\"sppb-person-social\"><li><a target=\"_blank\" href=\"#\"><i class=\"fa fa-facebook\"></i></a></li><li><a target=\"_blank\" href=\"#\"><i class=\"fa fa-twitter\"></i></a></li><li><a target=\"_blank\" href=\"#\"><i class=\"fa fa-google-plus\"></i></a></li><li><a target=\"_blank\" href=\"#\"><i class=\"fa fa-linkedin\"></i></a></li></ul></div></div></div></div>","assets":{"css":"#sppb-addon-1486727668377 {\n\tcolor: rgba(255, 255, 255, 1);\n}\n"}}]},{"id":1486721254567,"class_name":"col-md-3","visibility":true,"settings":{},"addons":[{"id":1486721254582,"name":"person","visibility":true,"settings":{"admin_label":"","image":"https://sppagebuilder.com/sample-data/images/2017/02/10/person2.jpg","name":"Alus Chashi","designation":"SENIOR Lawer ( Criminal  )","email":"","introtext":"","facebook":"#","twitter":"#","google_plus":"#","youtube":"","linkedin":"#","pinterest":"","flickr":"","dribbble":"","behance":"","instagram":"","social_position":"after","alignment":"sppb-text-center","class":"","global_text_color":"rgba(255, 255, 255, 1)","global_link_color":"","global_link_hover_color":"","global_use_background":"0","global_background_color":"","global_background_image":"","global_background_repeat":"no-repeat","global_background_size":"cover","global_background_attachment":"inherit","global_user_border":"0","global_border_width":"","global_border_color":"","global_boder_style":"none","global_border_radius":"","global_margin":"","global_padding":"","global_use_animation":"0","global_animation":"","global_animationduration":"300","global_animationdelay":"0","hidden_md":"0","hidden_sm":"0","hidden_xs":"0","acl":null},"htmlContent":"<div id=\"sppb-addon-1486721254582\" class=\"clearfix\" ><div class=\"sppb-addon sppb-addon-persion sppb-text-center \"><div class=\"sppb-addon-content\"><div class=\"sppb-person-image\"><img class=\"sppb-img-responsive\" src=\"https://sppagebuilder.com/sample-data/images/2017/02/10/person2.jpg\" alt=\"Alus Chashi\"></div><div class=\"sppb-person-information\"><span class=\"sppb-person-name\">Alus Chashi</span><span class=\"sppb-person-designation\">SENIOR Lawer ( Criminal  )</span></div><div class=\"sppb-person-social-icons\"><ul class=\"sppb-person-social\"><li><a target=\"_blank\" href=\"#\"><i class=\"fa fa-facebook\"></i></a></li><li><a target=\"_blank\" href=\"#\"><i class=\"fa fa-twitter\"></i></a></li><li><a target=\"_blank\" href=\"#\"><i class=\"fa fa-google-plus\"></i></a></li><li><a target=\"_blank\" href=\"#\"><i class=\"fa fa-linkedin\"></i></a></li></ul></div></div></div></div>","assets":{"css":"#sppb-addon-1486721254582 {\n\tcolor: rgba(255, 255, 255, 1);\n}\n"}}]},{"id":1486721254568,"class_name":"col-md-3","visibility":true,"settings":{},"addons":[{"id":1486721254587,"name":"person","visibility":true,"settings":{"admin_label":"","image":"https://sppagebuilder.com/sample-data/images/2017/02/10/person3.jpg","name":"Michel Jacky","designation":"SENIOR Lawer ( Criminal  )","email":"","introtext":"","facebook":"#","twitter":"#","google_plus":"#","youtube":"","linkedin":"#","pinterest":"","flickr":"","dribbble":"","behance":"","instagram":"","social_position":"after","alignment":"sppb-text-center","class":"","global_text_color":"rgba(255, 255, 255, 1)","global_link_color":"","global_link_hover_color":"","global_use_background":"0","global_background_color":"","global_background_image":"","global_background_repeat":"no-repeat","global_background_size":"cover","global_background_attachment":"inherit","global_user_border":"0","global_border_width":"","global_border_color":"","global_boder_style":"none","global_border_radius":"","global_margin":"","global_padding":"","global_use_animation":"0","global_animation":"","global_animationduration":"300","global_animationdelay":"0","hidden_md":"0","hidden_sm":"0","hidden_xs":"0","acl":null},"htmlContent":"<div id=\"sppb-addon-1486721254587\" class=\"clearfix\" ><div class=\"sppb-addon sppb-addon-persion sppb-text-center \"><div class=\"sppb-addon-content\"><div class=\"sppb-person-image\"><img class=\"sppb-img-responsive\" src=\"https://sppagebuilder.com/sample-data/images/2017/02/10/person3.jpg\" alt=\"Michel Jacky\"></div><div class=\"sppb-person-information\"><span class=\"sppb-person-name\">Michel Jacky</span><span class=\"sppb-person-designation\">SENIOR Lawer ( Criminal  )</span></div><div class=\"sppb-person-social-icons\"><ul class=\"sppb-person-social\"><li><a target=\"_blank\" href=\"#\"><i class=\"fa fa-facebook\"></i></a></li><li><a target=\"_blank\" href=\"#\"><i class=\"fa fa-twitter\"></i></a></li><li><a target=\"_blank\" href=\"#\"><i class=\"fa fa-google-plus\"></i></a></li><li><a target=\"_blank\" href=\"#\"><i class=\"fa fa-linkedin\"></i></a></li></ul></div></div></div></div>","assets":{"css":"#sppb-addon-1486721254587 {\n\tcolor: rgba(255, 255, 255, 1);\n}\n"}}]},{"id":1486721254569,"class_name":"col-md-3","visibility":true,"settings":{},"addons":[{"id":1486721254592,"name":"person","visibility":true,"settings":{"admin_label":"","image":"https://sppagebuilder.com/sample-data/images/2017/02/10/person4.jpg","name":"Andru Katter","designation":"SENIOR Lawer ( Criminal  )","email":"","introtext":"","facebook":"#","twitter":"#","google_plus":"#","youtube":"","linkedin":"#","pinterest":"","flickr":"","dribbble":"","behance":"","instagram":"","social_position":"after","alignment":"sppb-text-center","class":"","global_text_color":"rgba(255, 255, 255, 1)","global_link_color":"","global_link_hover_color":"","global_use_background":"0","global_background_color":"","global_background_image":"","global_background_repeat":"no-repeat","global_background_size":"cover","global_background_attachment":"inherit","global_user_border":"0","global_border_width":"","global_border_color":"","global_boder_style":"none","global_border_radius":"","global_margin":"","global_padding":"","global_use_animation":"0","global_animation":"","global_animationduration":"300","global_animationdelay":"0","hidden_md":"0","hidden_sm":"0","hidden_xs":"0","acl":null},"htmlContent":"<div id=\"sppb-addon-1486721254592\" class=\"clearfix\" ><div class=\"sppb-addon sppb-addon-persion sppb-text-center \"><div class=\"sppb-addon-content\"><div class=\"sppb-person-image\"><img class=\"sppb-img-responsive\" src=\"https://sppagebuilder.com/sample-data/images/2017/02/10/person4.jpg\" alt=\"Andru Katter\"></div><div class=\"sppb-person-information\"><span class=\"sppb-person-name\">Andru Katter</span><span class=\"sppb-person-designation\">SENIOR Lawer ( Criminal  )</span></div><div class=\"sppb-person-social-icons\"><ul class=\"sppb-person-social\"><li><a target=\"_blank\" href=\"#\"><i class=\"fa fa-facebook\"></i></a></li><li><a target=\"_blank\" href=\"#\"><i class=\"fa fa-twitter\"></i></a></li><li><a target=\"_blank\" href=\"#\"><i class=\"fa fa-google-plus\"></i></a></li><li><a target=\"_blank\" href=\"#\"><i class=\"fa fa-linkedin\"></i></a></li></ul></div></div></div></div>","assets":{"css":"#sppb-addon-1486721254592 {\n\tcolor: rgba(255, 255, 255, 1);\n}\n"}}]}]}]}]},{"id":1486721254607,"visibility":true,"collapse":false,"settings":{"admin_label":"Our Client Testimonial","title":"","heading_selector":"h3","title_fontsize":"","title_fontweight":"","title_text_color":"","title_margin_top":"","title_margin_bottom":"","subtitle":"","subtitle_fontsize":"","title_position":"sppb-text-center","columns_equal_height":"0","fullscreen":"0","no_gutter":"0","id":"","class":"","padding":"140px 0px 140px 0px","margin":"0px 0px 0px 0px","color":"","background_color":"","background_image":"","overlay":"","background_repeat":"no-repeat","background_size":"cover","background_attachment":"fixed","background_position":"0 0","background_video":"0","background_video_mp4":"","background_video_ogv":"","hidden_xs":"","hidden_sm":"","hidden_md":"","animation":"","animationduration":"300","animationdelay":"0"},"layout":"12","columns":[{"id":1486721254608,"class_name":"col-md-12","visibility":true,"settings":{},"addons":[{"id":1486969741813,"name":"feature","visibility":true,"settings":{"admin_label":"","title":"Our Client Testimonial","heading_selector":"h3","title_position":"before","title_fontsize":"36","title_lineheight":"","title_fontstyle":["bold"],"title_letterspace":"1px","title_fontweight":"","title_text_color":"","title_margin_top":"0","title_margin_bottom":"28","title_url":"","url_appear":"title","feature_type":"icon","feature_image":"","icon_name":"","icon_size":"36","icon_color":"","icon_background":"","icon_border_color":"","icon_border_width":"","icon_border_radius":"","icon_margin_top":"","icon_margin_bottom":"","icon_padding":"","text":"\t\t\t\t\t\t\t\t\t\t\t<span style=\"letter-spacing: 1px; font-size: 18px;\">Labore et dolore magna aliqua. Ut enim ad minim veniam quisnostrud</span>","alignment":"sppb-text-center","class":"","global_text_color":"","global_link_color":"","global_link_hover_color":"","global_use_background":"0","global_background_color":"","global_background_image":"","global_background_repeat":"no-repeat","global_background_size":"cover","global_background_attachment":"inherit","global_user_border":"0","global_border_width":"","global_border_color":"","global_boder_style":"none","global_border_radius":"","global_margin":"0 0 45px 0","global_padding":"","global_use_animation":"0","global_animation":"","global_animationduration":"300","global_animationdelay":"0","hidden_md":"0","hidden_sm":"0","hidden_xs":"0","acl":null}},{"id":1486969741820,"type":"inner_row","settings":{"admin_label":"","title":"","heading_selector":"h3","title_fontsize":"","title_fontweight":"","title_text_color":"","title_margin_top":"","title_margin_bottom":"","subtitle":"","subtitle_fontsize":"","title_position":"sppb-text-center","columns_equal_height":"0","fullscreen":"0","no_gutter":"0","id":"","class":"","padding":"50px 0px 0px 0px","margin":"0px 0px 0px 0px","color":"","background_color":"","background_image":"","overlay":"","background_repeat":"no-repeat","background_size":"cover","background_attachment":"fixed","background_position":"0 0","background_video":"0","background_video_mp4":"","background_video_ogv":"","hidden_xs":"","hidden_sm":"","hidden_md":"","animation":"","animationduration":"300","animationdelay":"0"},"layout":"6,6","visibility":true,"columns":[{"id":1486969741821,"class_name":"col-md-6","visibility":true,"settings":{},"addons":[{"id":1486729198059,"name":"testimonialpro","visibility":true,"settings":{"admin_label":"","autoplay":"0","arrows":"0","class":"","sp_testimonialpro_item":[{"title":"Tom Jonhnson","avatar":"https://sppagebuilder.com/sample-data/images/2017/02/10/feedback1.jpg","avatar_style":"sppb-img-circle","message":"<em><span style=\"font-size: 22px; font-weight: 300; line-height: 37px;\">Lorem ipsum dolor sit amet, consectetur adipisicing elit, sed do eiusmod tempor incididunt &nbsp;ut labore et dolore magna aliqua Ut enim ad minim veniam.</span></em>","url":""}],"global_text_color":"","global_link_color":"","global_link_hover_color":"","global_use_background":"0","global_background_color":"","global_background_image":"","global_background_repeat":"no-repeat","global_background_size":"cover","global_background_attachment":"inherit","global_user_border":"0","global_border_width":"","global_border_color":"","global_boder_style":"none","global_border_radius":"","global_margin":"","global_padding":"","global_use_animation":"0","global_animation":"","global_animationduration":"300","global_animationdelay":"0","hidden_md":"0","hidden_sm":"0","hidden_xs":"0","acl":null},"htmlContent":"<div id=\"sppb-addon-1486729198059\" class=\"clearfix\" ><div id=\"sppb-testimonial-pro-1486729198059\" class=\"sppb-carousel sppb-testimonial-pro sppb-slide sppb-text-center\"><div class=\"sppb-carousel-inner\"><div class=\"sppb-item  active\"><img class=\"sppb-img-responsive sppb-avatar sppb-img-circle\" src=\"https://sppagebuilder.com/sample-data/images/2017/02/10/feedback1.jpg\" alt=\"\"><div class=\"sppb-testimonial-message\"><em><span style=\"font-size: 22px; font-weight: 300; line-height: 37px;\">Lorem ipsum dolor sit amet, consectetur adipisicing elit, sed do eiusmod tempor incididunt &nbsp;ut labore et dolore magna aliqua Ut enim ad minim veniam.</span></em></div><div class=\"sppb-testimonial-client\"><strong class=\"pro-client-name\">Tom Jonhnson</strong></div></div></div></div></div>","assets":[]}]},{"id":1486969741824,"class_name":"col-md-6","visibility":true,"settings":{"color":"","background":"","background_image":"","overlay":"","background_repeat":"no-repeat","background_size":"cover","background_attachment":"scroll","background_position":"0 0","padding":"0 0 0 70px","class":"","sm_col":"","xs_col":"","hidden_xs":"","hidden_sm":"","hidden_md":"","animation":"","animationduration":"300","animationdelay":"0"},"addons":[{"id":1486979363937,"name":"accordion","visibility":true,"settings":{"admin_label":"","title":"","heading_selector":"h3","title_fontsize":"","title_lineheight":"","title_fontstyle":null,"title_letterspace":"0","title_fontweight":"","title_text_color":"","title_margin_top":"","title_margin_bottom":"","style":"panel-faq","openitem":"","class":"","sp_accordion_item":[{"title":"What We Do","icon":"fa-institution","content":"Lorem ipsum dolor sit amet, consectetur adipisicing elit, sed do eiusmod tempor incididunt ut labore et dolore magna aliqua. Ut enim ad minim veniam, quis nostrud exercitation ullamco."},{"title":"How We Do","icon":"fa-institution","content":"Lorem ipsum dolor sit amet, consectetur adipisicing elit, sed do eiusmod tempor incididunt ut labore et dolore magna aliqua. Ut enim ad minim veniam, quis nostrud exercitation ullamco."},{"title":"Our Strategy","icon":"fa-institution","content":"Lorem ipsum dolor sit amet, consectetur adipisicing elit, sed do eiusmod tempor incididunt ut labore et dolore magna aliqua. Ut enim ad minim veniam, quis nostrud exercitation ullamco."}],"global_text_color":"","global_link_color":"","global_link_hover_color":"","global_use_background":"0","global_background_color":"","global_background_image":"","global_background_repeat":"no-repeat","global_background_size":"cover","global_background_attachment":"inherit","global_user_border":"0","global_border_width":"","global_border_color":"","global_boder_style":"none","global_border_radius":"","global_margin":"","global_padding":"","global_use_animation":"0","global_animation":"","global_animationduration":"300","global_animationdelay":"0","hidden_md":"0","hidden_sm":"0","hidden_xs":"0","acl":null},"htmlContent":"<div id=\"sppb-addon-1486979363937\" class=\"clearfix\" ><div class=\"sppb-addon sppb-addon-accordion \"><div class=\"sppb-addon-content\"><div class=\"sppb-panel-group\"><div class=\"sppb-panel sppb-panel-faq\"><div class=\"sppb-panel-heading active\"><span class=\"sppb-panel-title\"><i class=\"fa fa-institution\"></i> What We Do</span><span class=\"sppb-toggle-direction\"><i class=\"fa fa-chevron-right\"></i></span></div><div class=\"sppb-panel-collapse\"><div class=\"sppb-panel-body\">Lorem ipsum dolor sit amet, consectetur adipisicing elit, sed do eiusmod tempor incididunt ut labore et dolore magna aliqua. Ut enim ad minim veniam, quis nostrud exercitation ullamco.</div></div></div><div class=\"sppb-panel sppb-panel-faq\"><div class=\"sppb-panel-heading\"><span class=\"sppb-panel-title\"><i class=\"fa fa-institution\"></i> How We Do</span><span class=\"sppb-toggle-direction\"><i class=\"fa fa-chevron-right\"></i></span></div><div class=\"sppb-panel-collapse\" style=\"display: none;\"><div class=\"sppb-panel-body\">Lorem ipsum dolor sit amet, consectetur adipisicing elit, sed do eiusmod tempor incididunt ut labore et dolore magna aliqua. Ut enim ad minim veniam, quis nostrud exercitation ullamco.</div></div></div><div class=\"sppb-panel sppb-panel-faq\"><div class=\"sppb-panel-heading\"><span class=\"sppb-panel-title\"><i class=\"fa fa-institution\"></i> Our Strategy</span><span class=\"sppb-toggle-direction\"><i class=\"fa fa-chevron-right\"></i></span></div><div class=\"sppb-panel-collapse\" style=\"display: none;\"><div class=\"sppb-panel-body\">Lorem ipsum dolor sit amet, consectetur adipisicing elit, sed do eiusmod tempor incididunt ut labore et dolore magna aliqua. Ut enim ad minim veniam, quis nostrud exercitation ullamco.</div></div></div></div></div></div></div>","assets":{"js":null}}]}]}]}]},{"id":1486980300055,"visibility":true,"collapse":false,"settings":{"admin_label":"Ask questions","title":"","heading_selector":"h3","title_fontsize":"","title_fontweight":"","title_text_color":"","title_margin_top":"","title_margin_bottom":"","subtitle":"","subtitle_fontsize":"","title_position":"sppb-text-center","columns_equal_height":"0","fullscreen":"0","no_gutter":"0","id":"","class":"","padding":"155px 0px 165px 0px","margin":"0px 0px 0px 0px","color":"rgba(255, 255, 255, 1)","background_color":"","background_image":"https://sppagebuilder.com/sample-data/images/2017/02/13/bg-image3.jpg","overlay":"","background_repeat":"no-repeat","background_size":"cover","background_attachment":"inherit","background_position":"50% 50%","background_video":"0","background_video_mp4":"","background_video_ogv":"","hidden_xs":"","hidden_sm":"","hidden_md":"","animation":"","animationduration":"300","animationdelay":"0"},"layout":"12","columns":[{"id":1486640755797,"class_name":"col-md-12","visibility":true,"settings":{"color":"","background":"","background_image":"","overlay":"","background_repeat":"no-repeat","background_size":"cover","background_attachment":"scroll","background_position":"0 0","padding":"","class":"","sm_col":"","xs_col":"","hidden_xs":"","hidden_sm":"","hidden_md":"","animation":"fadeIn","animationduration":"","animationdelay":""},"addons":[{"id":1486640755803,"name":"feature","visibility":true,"settings":{"admin_label":"","title":"15 Years Of Lawyer Experience ","heading_selector":"h3","title_position":"before","title_fontsize":"26","title_lineheight":"","title_fontstyle":null,"title_letterspace":"0","title_fontweight":"600","title_text_color":"","title_margin_top":"0","title_margin_bottom":"8","title_url":"","url_appear":"title","feature_type":"icon","feature_image":"","icon_name":"","icon_size":"36","icon_color":"","icon_background":"","icon_border_color":"","icon_border_width":"","icon_border_radius":"","icon_margin_top":"","icon_margin_bottom":"","icon_padding":"","text":"\t\t\t\t\t\t\t\t","alignment":"sppb-text-left","class":"","global_text_color":"","global_link_color":"","global_link_hover_color":"","global_use_background":"0","global_background_color":"","global_background_image":"","global_background_repeat":"no-repeat","global_background_size":"cover","global_background_attachment":"inherit","global_user_border":"0","global_border_width":"","global_border_color":"","global_boder_style":"none","global_border_radius":"","global_margin":"","global_padding":"","global_use_animation":"0","global_animation":"","global_animationduration":"300","global_animationdelay":"0","hidden_md":"0","hidden_sm":"0","hidden_xs":"0","acl":null}},{"id":1486640755806,"name":"text_block","visibility":true,"settings":{"admin_label":"","title":"Civil Law Jurisdictions, <br>Ready For Help","heading_selector":"h3","title_fontsize":"60","title_lineheight":"70","title_fontstyle":null,"title_letterspace":"0","title_fontweight":"700","title_text_color":"","title_margin_top":"","title_margin_bottom":"","text":"\t\t\t\t\t\t\t\t\t","alignment":"sppb-text-left","class":"","global_text_color":"","global_link_color":"","global_link_hover_color":"","global_use_background":"0","global_background_color":"","global_background_image":"","global_background_repeat":"no-repeat","global_background_size":"cover","global_background_attachment":"inherit","global_user_border":"0","global_border_width":"","global_border_color":"","global_boder_style":"none","global_border_radius":"","global_margin":"0 0 57px 0","global_padding":"","global_use_animation":"0","global_animation":"","global_animationduration":"300","global_animationdelay":"0","hidden_md":"0","hidden_sm":"0","hidden_xs":"0","acl":null}},{"id":1486640755809,"name":"button","visibility":true,"settings":{"admin_label":"","text":"ASK QUESTIONS","alignment":"sppb-text-left","fontstyle":null,"letterspace":"2px","url":"","target":"","type":"custom","appearance":"","background_color":"rgba(255, 186, 87, 1)","color":"rgba(255, 255, 255, 1)","background_color_hover":"rgba(255, 255, 255, 1)","color_hover":"rgba(34, 34, 34, 1)","size":"xlg","shape":"square","block":"","icon":"","icon_position":"right","class":"","global_text_color":"","global_link_color":"","global_link_hover_color":"","global_use_background":"0","global_background_color":"","global_background_image":"","global_background_repeat":"no-repeat","global_background_size":"cover","global_background_attachment":"inherit","global_user_border":"0","global_border_width":"","global_border_color":"","global_boder_style":"none","global_border_radius":"40","global_margin":"","global_padding":"","global_use_animation":"0","global_animation":"","global_animationduration":"300","global_animationdelay":"0","hidden_md":"0","hidden_sm":"0","hidden_xs":"0","acl":null}}]}]},{"id":1486961786842,"visibility":true,"collapse":false,"settings":{"admin_label":"Happy clients","title":"","heading_selector":"h3","title_fontsize":"","title_fontweight":"","title_text_color":"","title_margin_top":"","title_margin_bottom":"","subtitle":"","subtitle_fontsize":"","title_position":"sppb-text-center","columns_equal_height":"0","fullscreen":"0","no_gutter":"0","id":"","class":"","padding":"140px 0px 150px 0px","margin":"0px 0px 0px 0px","color":"","background_color":"","background_image":"","overlay":"","background_repeat":"no-repeat","background_size":"cover","background_attachment":"fixed","background_position":"0 0","background_video":"0","background_video_mp4":"","background_video_ogv":"","hidden_xs":"","hidden_sm":"","hidden_md":"","animation":"","animationduration":"300","animationdelay":"0"},"layout":"12","columns":[{"id":1486961786843,"class_name":"col-md-12","visibility":true,"settings":{},"addons":[{"id":1486980461144,"name":"feature","visibility":true,"settings":{"admin_label":"","title":"Happy Client","heading_selector":"h3","title_position":"before","title_fontsize":"36","title_lineheight":"","title_fontstyle":["bold"],"title_letterspace":"1px","title_fontweight":"","title_text_color":"","title_margin_top":"0","title_margin_bottom":"28","title_url":"","url_appear":"title","feature_type":"icon","feature_image":"","icon_name":"","icon_size":"36","icon_color":"","icon_background":"","icon_border_color":"","icon_border_width":"","icon_border_radius":"","icon_margin_top":"","icon_margin_bottom":"","icon_padding":"","text":"\t\t\t\t\t\t\t\t\t\t\t\t<span style=\"letter-spacing: 1px; font-size: 18px;\">Labore et dolore magna aliqua. Ut enim ad minim veniam quisnostrud</span>","alignment":"sppb-text-center","class":"","global_text_color":"","global_link_color":"","global_link_hover_color":"","global_use_background":"0","global_background_color":"","global_background_image":"","global_background_repeat":"no-repeat","global_background_size":"cover","global_background_attachment":"inherit","global_user_border":"0","global_border_width":"","global_border_color":"","global_boder_style":"none","global_border_radius":"","global_margin":"0 0 45px 0","global_padding":"","global_use_animation":"0","global_animation":"","global_animationduration":"300","global_animationdelay":"0","hidden_md":"0","hidden_sm":"0","hidden_xs":"0","acl":null}},{"id":1486964747335,"name":"clients","visibility":true,"settings":{"admin_label":"","title":"","heading_selector":"h3","title_fontsize":"","title_lineheight":"","title_fontstyle":null,"title_letterspace":"0","title_fontweight":"","title_text_color":"","title_margin_top":"","title_margin_bottom":"","count":"sppb-col-sm-3","alignment":"sppb-text-left","class":"","sp_clients_item":[{"title":"Client","image":"https://sppagebuilder.com/sample-data/images/2017/02/10/client-logo3.png","url":"#"},{"title":"Client","image":"https://sppagebuilder.com/sample-data/images/2017/02/10/client-logo1.png","url":"#"},{"title":"Client","image":"https://sppagebuilder.com/sample-data/images/2017/02/10/client-logo2.png","url":"#"},{"title":"Client","image":"https://sppagebuilder.com/sample-data/images/2017/02/10/client-logo4.png","url":"#"}],"global_text_color":"","global_link_color":"","global_link_hover_color":"","global_use_background":"0","global_background_color":"","global_background_image":"","global_background_repeat":"no-repeat","global_background_size":"cover","global_background_attachment":"inherit","global_user_border":"0","global_border_width":"","global_border_color":"","global_boder_style":"none","global_border_radius":"","global_margin":"90px 0 0 0","global_padding":"","global_use_animation":"0","global_animation":"","global_animationduration":"300","global_animationdelay":"0","hidden_md":"0","hidden_sm":"0","hidden_xs":"0","acl":null}}]}]}]
