[{"id":1494485826191,"visibility":true,"collapse":false,"settings":{"admin_label":"BUSINESS CONFERENCE","title":"","heading_selector":"h3","title_fontsize":"","title_fontweight":"","title_text_color":"","title_margin_top":"","title_margin_bottom":"","subtitle":"","subtitle_fontsize":"","title_position":"sppb-text-center","columns_equal_height":"0","fullscreen":"0","no_gutter":"0","id":"","class":"","padding":"290px 0px 300px 0px","margin":"0px 0px 0px 0px","color":"rgba(255, 255, 255, 1)","background_color":"","background_image":"https://sppagebuilder.com/sample-data/images/2017/05/11/hero-bg3.jpg","overlay":"","background_repeat":"no-repeat","background_size":"cover","background_attachment":"inherit","background_position":"50% 50%","background_video":"0","background_video_mp4":"","background_video_ogv":"","hidden_xs":"","hidden_sm":"","hidden_md":"","animation":"","animationduration":"300","animationdelay":"0"},"layout":"12","columns":[{"id":1494485826192,"class_name":"col-md-12","visibility":true,"settings":{},"addons":[{"id":1494486112649,"name":"heading","visibility":true,"settings":{"admin_label":"BUSINESS CONFERENCE","title":"BUSINESS CONFERENCE","heading_selector":"h2","use_link":"0","title_link":"","link_new_tab":"0","title_fontsize":"52","title_fontstyle":["uppercase"],"title_fontweight":"700","title_lineheight":"","title_letterspace":"0","title_margin":"0px 0px 20px 0px","title_padding":"0px 0px 0px 0px","alignment":"sppb-text-center","class":"","global_text_color":"","global_link_color":"","global_link_hover_color":"","global_use_background":"0","global_background_color":"","global_background_image":"","global_background_repeat":"no-repeat","global_background_size":"cover","global_background_attachment":"inherit","global_user_border":"0","global_border_width":"","global_border_color":"","global_boder_style":"none","global_border_radius":"","global_margin":"","global_padding":"","global_use_animation":"1","global_animation":"fadeInDown","global_animationduration":"700","global_animationdelay":"300","hidden_md":"0","hidden_sm":"0","hidden_xs":"0","acl":null}},{"id":1494485926579,"name":"heading","visibility":true,"settings":{"admin_label":"18 - 21 DECEMBER, 2017, LONDON","title":"18 - 21 DECEMBER, 2017, LONDON","heading_selector":"h2","use_link":"0","title_link":"","link_new_tab":"0","title_fontsize":"24","title_fontstyle":["uppercase"],"title_fontweight":"700","title_lineheight":"","title_letterspace":"0","title_margin":"0px 0px 34px 0px","title_padding":"0px 0px 0px 0px","alignment":"sppb-text-center","class":"","global_text_color":"","global_link_color":"","global_link_hover_color":"","global_use_background":"0","global_background_color":"","global_background_image":"","global_background_repeat":"no-repeat","global_background_size":"cover","global_background_attachment":"inherit","global_user_border":"0","global_border_width":"","global_border_color":"","global_boder_style":"none","global_border_radius":"","global_margin":"","global_padding":"","global_use_animation":"1","global_animation":"fadeInDown","global_animationduration":"700","global_animationdelay":"150","hidden_md":"0","hidden_sm":"0","hidden_xs":"0","acl":null}},{"id":1494486343208,"name":"button","visibility":true,"settings":{"admin_label":"register now","text":"register now","alignment":"sppb-text-center","fontstyle":["uppercase","bold"],"letterspace":"0","url":"#","target":"","type":"custom","appearance":"","background_color":"rgba(255, 255, 255, 1)","color":"rgba(28, 28, 28, 1)","background_color_hover":"rgba(240, 240, 240, 1)","color_hover":"rgba(28, 28, 28, 1)","button_padding":"13px 40px 13px 40px","size":"","shape":"rounded","block":"","icon":"","icon_position":"left","class":"","global_text_color":"","global_link_color":"","global_link_hover_color":"","global_use_background":"0","global_background_color":"","global_background_image":"","global_background_repeat":"no-repeat","global_background_size":"cover","global_background_attachment":"inherit","global_user_border":"0","global_border_width":"","global_border_color":"","global_boder_style":"none","global_border_radius":"","global_margin":"","global_padding":"","global_use_animation":"1","global_animation":"fadeInDown","global_animationduration":"700","global_animationdelay":"","hidden_md":"0","hidden_sm":"0","hidden_xs":"0","acl":null}}]}]},{"id":1494485926588,"visibility":true,"collapse":false,"settings":{"admin_label":"Event CountDown","title":"","heading_selector":"h3","title_fontsize":"","title_fontweight":"","title_text_color":"","title_margin_top":"","title_margin_bottom":"","subtitle":"","subtitle_fontsize":"","title_position":"sppb-text-center","columns_equal_height":"0","fullscreen":"0","no_gutter":"0","id":"","class":"","padding":"43px 0px 53px 0px","margin":"0px 0px 0px 0px","color":"","background_color":"","background_image":"","overlay":"","background_repeat":"no-repeat","background_size":"cover","background_attachment":"fixed","background_position":"0 0","background_video":"0","background_video_mp4":"","background_video_ogv":"","hidden_xs":"","hidden_sm":"","hidden_md":"","animation":"","animationduration":"300","animationdelay":"0"},"layout":"3,6,3","columns":[{"id":1494485926589,"class_name":"col-md-3","visibility":true,"settings":{},"addons":[]},{"id":1494485926608,"class_name":"col-md-6","visibility":true,"settings":{},"addons":[{"id":1494486779456,"name":"countdown","visibility":true,"settings":{"admin_label":"","title":"","heading_selector":"h3","title_fontsize":"","title_lineheight":"","title_fontstyle":null,"title_letterspace":"0","title_fontweight":"","title_text_color":"","title_margin_top":"","title_margin_bottom":"","date":"2018/05/25","time":"20:23","finish_text":"Finally we are here","counter_height":"60","counter_width":"80","counter_font_size":"40","counter_text_color":"rgba(144, 18, 254, 1)","counter_background_color":"","counter_user_border":"0","counter_border_width":"1","counter_border_color":"#e5e5e5","counter_border_style":"solid","counter_border_radius":"","label_font_size":"20","label_color":"rgba(135, 135, 135, 1)","class":"","global_text_color":"","global_link_color":"","global_link_hover_color":"","global_use_background":"0","global_background_color":"","global_background_image":"","global_background_repeat":"no-repeat","global_background_size":"cover","global_background_attachment":"inherit","global_user_border":"0","global_border_width":"","global_border_color":"","global_boder_style":"none","global_border_radius":"","global_margin":"","global_padding":"","global_use_animation":"0","global_animation":"","global_animationduration":"300","global_animationdelay":"0","hidden_md":"0","hidden_sm":"0","hidden_xs":"0","acl":null}}]},{"id":1494485926609,"class_name":"col-md-3","visibility":true,"settings":{},"addons":[]}]},{"id":1494485926610,"visibility":true,"collapse":false,"settings":{"admin_label":"Event Speakers","title":"","heading_selector":"h3","title_fontsize":"","title_fontweight":"","title_text_color":"","title_margin_top":"","title_margin_bottom":"","subtitle":"","subtitle_fontsize":"","title_position":"sppb-text-center","columns_equal_height":"0","fullscreen":"0","no_gutter":"0","id":"","class":"","padding":"93px 0px 70px 0px","margin":"0px 0px 0px 0px","color":"","background_color":"rgba(250, 250, 250, 1)","background_image":"","overlay":"","background_repeat":"no-repeat","background_size":"cover","background_attachment":"fixed","background_position":"0 0","background_video":"0","background_video_mp4":"","background_video_ogv":"","hidden_xs":"","hidden_sm":"","hidden_md":"","animation":"fadeIn","animationduration":"700","animationdelay":""},"layout":"12","columns":[{"id":1494485926611,"class_name":"col-md-12","visibility":true,"settings":{},"addons":[{"id":1494487052277,"name":"heading","visibility":true,"settings":{"admin_label":"SPEAKERS","title":"SPEAKERS","heading_selector":"h2","use_link":"0","title_link":"","link_new_tab":"0","title_fontsize":"42","title_fontstyle":["uppercase"],"title_fontweight":"700","title_lineheight":"","title_letterspace":"0","title_margin":"0px 0px 20px 0px","title_padding":"0px 0px 0px 0px","alignment":"sppb-text-center","class":"","global_text_color":"rgba(28, 28, 28, 1)","global_link_color":"","global_link_hover_color":"","global_use_background":"0","global_background_color":"","global_background_image":"","global_background_repeat":"no-repeat","global_background_size":"cover","global_background_attachment":"inherit","global_user_border":"0","global_border_width":"","global_border_color":"","global_boder_style":"none","global_border_radius":"","global_margin":"","global_padding":"","global_use_animation":"0","global_animation":"","global_animationduration":"300","global_animationdelay":"0","hidden_md":"0","hidden_sm":"0","hidden_xs":"0","acl":null}},{"id":1494485926616,"name":"heading","visibility":true,"settings":{"admin_label":"Professionals from around the globe","title":"Professionals from around the globe","heading_selector":"h3","use_link":"0","title_link":"","link_new_tab":"0","title_fontsize":"18","title_fontstyle":["uppercase"],"title_fontweight":"400","title_lineheight":"","title_letterspace":"0","title_margin":"0px 0px 20px 0px","title_padding":"0px 0px 0px 0px","alignment":"sppb-text-center","class":"","global_text_color":"rgba(135, 135, 135, 1)","global_link_color":"","global_link_hover_color":"","global_use_background":"0","global_background_color":"","global_background_image":"","global_background_repeat":"no-repeat","global_background_size":"cover","global_background_attachment":"inherit","global_user_border":"0","global_border_width":"","global_border_color":"","global_boder_style":"none","global_border_radius":"","global_margin":"","global_padding":"","global_use_animation":"0","global_animation":"","global_animationduration":"300","global_animationdelay":"0","hidden_md":"0","hidden_sm":"0","hidden_xs":"0","acl":null}},{"id":1494485926619,"type":"inner_row","settings":{"admin_label":"","title":"","heading_selector":"h3","title_fontsize":"","title_fontweight":"","title_text_color":"","title_margin_top":"","title_margin_bottom":"","subtitle":"","subtitle_fontsize":"","title_position":"sppb-text-center","columns_equal_height":"0","fullscreen":"0","no_gutter":"0","id":"","class":"","padding":"40px 0px 0px 0px","margin":"0px 0px 0px 0px","color":"","background_color":"","background_image":"","overlay":"","background_repeat":"no-repeat","background_size":"cover","background_attachment":"fixed","background_position":"0 0","background_video":"0","background_video_mp4":"","background_video_ogv":"","hidden_xs":"","hidden_sm":"","hidden_md":"","animation":"","animationduration":"300","animationdelay":"0"},"layout":"4,4,4","visibility":true,"columns":[{"id":1494485926620,"class_name":"col-md-4","visibility":true,"settings":{"color":"","background":"","background_image":"","overlay":"","background_repeat":"no-repeat","background_size":"cover","background_attachment":"scroll","background_position":"0 0","padding":"","class":"","sm_col":"col-sm-4","xs_col":"","hidden_xs":"","hidden_sm":"","hidden_md":"","animation":"","animationduration":"300","animationdelay":"0"},"addons":[{"id":1494487267362,"name":"person","visibility":true,"settings":{"admin_label":"David Guetta","image":"https://sppagebuilder.com/sample-data/images/2017/05/15/person1.jpg","name":"David Guetta","designation":"","email":"","introtext":"","facebook":"","twitter":"","google_plus":"","youtube":"","linkedin":"","pinterest":"","flickr":"","dribbble":"","behance":"","instagram":"","social_position":"after","alignment":"sppb-text-center","class":"","global_text_color":"","global_link_color":"","global_link_hover_color":"","global_use_background":"1","global_background_color":"rgba(255, 255, 255, 1)","global_background_image":"","global_background_repeat":"no-repeat","global_background_size":"cover","global_background_attachment":"inherit","global_user_border":"0","global_border_width":"","global_border_color":"","global_boder_style":"none","global_border_radius":"","global_margin":"0 0 30px 0","global_padding":"0 0 20px 0","global_use_animation":"0","global_animation":"","global_animationduration":"300","global_animationdelay":"0","hidden_md":"0","hidden_sm":"0","hidden_xs":"0","acl":null},"htmlContent":"<div id=\"sppb-addon-1494487267362\" class=\"clearfix\" ><div class=\"sppb-addon sppb-addon-persion sppb-text-center \"><div class=\"sppb-addon-content\"><div class=\"sppb-person-image\"><img class=\"sppb-img-responsive\" src=\"https://sppagebuilder.com/sample-data/images/2017/05/15/person1.jpg\" alt=\"David Guetta\"></div><div class=\"sppb-person-information\"><span class=\"sppb-person-name\">David Guetta</span></div></div></div></div>","assets":{"css":"#sppb-addon-1494487267362 {\n\tbackground-color: rgba(255, 255, 255, 1);\nmargin: 0 0 30px 0;\npadding: 0 0 20px 0;\n}\n"}},{"id":1494485926655,"name":"person","visibility":true,"settings":{"admin_label":"Hardwell","image":"https://sppagebuilder.com/sample-data/images/2017/05/15/person4.jpg","name":"Hardwell","designation":"","email":"","introtext":"","facebook":"","twitter":"","google_plus":"","youtube":"","linkedin":"","pinterest":"","flickr":"","dribbble":"","behance":"","instagram":"","social_position":"after","alignment":"sppb-text-center","class":"","global_text_color":"","global_link_color":"","global_link_hover_color":"","global_use_background":"1","global_background_color":"rgba(255, 255, 255, 1)","global_background_image":"","global_background_repeat":"no-repeat","global_background_size":"cover","global_background_attachment":"inherit","global_user_border":"0","global_border_width":"","global_border_color":"","global_boder_style":"none","global_border_radius":"","global_margin":"0 0 30px 0","global_padding":"0 0 20px 0","global_use_animation":"0","global_animation":"","global_animationduration":"300","global_animationdelay":"0","hidden_md":"0","hidden_sm":"0","hidden_xs":"0","acl":null},"htmlContent":"<div id=\"sppb-addon-1494485926655\" class=\"clearfix\" ><div class=\"sppb-addon sppb-addon-persion sppb-text-center \"><div class=\"sppb-addon-content\"><div class=\"sppb-person-image\"><img class=\"sppb-img-responsive\" src=\"https://sppagebuilder.com/sample-data/images/2017/05/15/person4.jpg\" alt=\"Hardwell\"></div><div class=\"sppb-person-information\"><span class=\"sppb-person-name\">Hardwell</span></div></div></div></div>","assets":{"css":"#sppb-addon-1494485926655 {\n\tbackground-color: rgba(255, 255, 255, 1);\nmargin: 0 0 30px 0;\npadding: 0 0 20px 0;\n}\n"}}]},{"id":1494485926623,"class_name":"col-md-4","visibility":true,"settings":{"color":"","background":"","background_image":"","overlay":"","background_repeat":"no-repeat","background_size":"cover","background_attachment":"scroll","background_position":"0 0","padding":"","class":"","sm_col":"col-sm-4","xs_col":"","hidden_xs":"","hidden_sm":"","hidden_md":"","animation":"","animationduration":"300","animationdelay":"0"},"addons":[{"id":1494485926650,"name":"person","visibility":true,"settings":{"admin_label":"Martin Garrix","image":"https://sppagebuilder.com/sample-data/images/2017/05/15/person2.jpg","name":"Martin Garrix","designation":"","email":"","introtext":"","facebook":"","twitter":"","google_plus":"","youtube":"","linkedin":"","pinterest":"","flickr":"","dribbble":"","behance":"","instagram":"","social_position":"after","alignment":"sppb-text-center","class":"","global_text_color":"","global_link_color":"","global_link_hover_color":"","global_use_background":"1","global_background_color":"rgba(255, 255, 255, 1)","global_background_image":"","global_background_repeat":"no-repeat","global_background_size":"cover","global_background_attachment":"inherit","global_user_border":"0","global_border_width":"","global_border_color":"","global_boder_style":"none","global_border_radius":"","global_margin":"0 0 30px 0","global_padding":"0 0 20px 0","global_use_animation":"0","global_animation":"","global_animationduration":"300","global_animationdelay":"0","hidden_md":"0","hidden_sm":"0","hidden_xs":"0","acl":null},"htmlContent":"<div id=\"sppb-addon-1494485926650\" class=\"clearfix\" ><div class=\"sppb-addon sppb-addon-persion sppb-text-center \"><div class=\"sppb-addon-content\"><div class=\"sppb-person-image\"><img class=\"sppb-img-responsive\" src=\"https://sppagebuilder.com/sample-data/images/2017/05/15/person2.jpg\" alt=\"Martin Garrix\"></div><div class=\"sppb-person-information\"><span class=\"sppb-person-name\">Martin Garrix</span></div></div></div></div>","assets":{"css":"#sppb-addon-1494485926650 {\n\tbackground-color: rgba(255, 255, 255, 1);\nmargin: 0 0 30px 0;\npadding: 0 0 20px 0;\n}\n"}},{"id":1494485926660,"name":"person","visibility":true,"settings":{"admin_label":"Dimitri Vegas","image":"https://sppagebuilder.com/sample-data/images/2017/05/15/person5.jpg","name":"Dimitri Vegas","designation":"","email":"","introtext":"","facebook":"","twitter":"","google_plus":"","youtube":"","linkedin":"","pinterest":"","flickr":"","dribbble":"","behance":"","instagram":"","social_position":"after","alignment":"sppb-text-center","class":"","global_text_color":"","global_link_color":"","global_link_hover_color":"","global_use_background":"1","global_background_color":"rgba(255, 255, 255, 1)","global_background_image":"","global_background_repeat":"no-repeat","global_background_size":"cover","global_background_attachment":"inherit","global_user_border":"0","global_border_width":"","global_border_color":"","global_boder_style":"none","global_border_radius":"","global_margin":"0 0 30px 0","global_padding":"0 0 20px 0","global_use_animation":"0","global_animation":"","global_animationduration":"300","global_animationdelay":"0","hidden_md":"0","hidden_sm":"0","hidden_xs":"0","acl":null},"htmlContent":"<div id=\"sppb-addon-1494485926660\" class=\"clearfix\" ><div class=\"sppb-addon sppb-addon-persion sppb-text-center \"><div class=\"sppb-addon-content\"><div class=\"sppb-person-image\"><img class=\"sppb-img-responsive\" src=\"https://sppagebuilder.com/sample-data/images/2017/05/15/person5.jpg\" alt=\"Dimitri Vegas\"></div><div class=\"sppb-person-information\"><span class=\"sppb-person-name\">Dimitri Vegas</span></div></div></div></div>","assets":{"css":"#sppb-addon-1494485926660 {\n\tbackground-color: rgba(255, 255, 255, 1);\nmargin: 0 0 30px 0;\npadding: 0 0 20px 0;\n}\n"}}]},{"id":1494485926624,"class_name":"col-md-4","visibility":true,"settings":{"color":"","background":"","background_image":"","overlay":"","background_repeat":"no-repeat","background_size":"cover","background_attachment":"scroll","background_position":"0 0","padding":"","class":"","sm_col":"col-sm-4","xs_col":"","hidden_xs":"","hidden_sm":"","hidden_md":"","animation":"","animationduration":"300","animationdelay":"0"},"addons":[{"id":1494485926645,"name":"person","visibility":true,"settings":{"admin_label":"Mark Mithel","image":"https://sppagebuilder.com/sample-data/images/2017/05/15/person3.jpg","name":"David Guetta","designation":"","email":"","introtext":"","facebook":"","twitter":"","google_plus":"","youtube":"","linkedin":"","pinterest":"","flickr":"","dribbble":"","behance":"","instagram":"","social_position":"after","alignment":"sppb-text-center","class":"","global_text_color":"","global_link_color":"","global_link_hover_color":"","global_use_background":"1","global_background_color":"rgba(255, 255, 255, 1)","global_background_image":"","global_background_repeat":"no-repeat","global_background_size":"cover","global_background_attachment":"inherit","global_user_border":"0","global_border_width":"","global_border_color":"","global_boder_style":"none","global_border_radius":"","global_margin":"0 0 30px 0","global_padding":"0 0 20px 0","global_use_animation":"0","global_animation":"","global_animationduration":"300","global_animationdelay":"0","hidden_md":"0","hidden_sm":"0","hidden_xs":"0","acl":null},"htmlContent":"<div id=\"sppb-addon-1494485926645\" class=\"clearfix\" ><div class=\"sppb-addon sppb-addon-persion sppb-text-center \"><div class=\"sppb-addon-content\"><div class=\"sppb-person-image\"><img class=\"sppb-img-responsive\" src=\"https://sppagebuilder.com/sample-data/images/2017/05/15/person3.jpg\" alt=\"David Guetta\"></div><div class=\"sppb-person-information\"><span class=\"sppb-person-name\">David Guetta</span></div></div></div></div>","assets":{"css":"#sppb-addon-1494485926645 {\n\tbackground-color: rgba(255, 255, 255, 1);\nmargin: 0 0 30px 0;\npadding: 0 0 20px 0;\n}\n"}},{"id":1494485926665,"name":"person","visibility":true,"settings":{"admin_label":"Like Mike","image":"https://sppagebuilder.com/sample-data/images/2017/05/15/person6.jpg","name":"Like Mike","designation":"","email":"","introtext":"","facebook":"","twitter":"","google_plus":"","youtube":"","linkedin":"","pinterest":"","flickr":"","dribbble":"","behance":"","instagram":"","social_position":"after","alignment":"sppb-text-center","class":"","global_text_color":"","global_link_color":"","global_link_hover_color":"","global_use_background":"1","global_background_color":"rgba(255, 255, 255, 1)","global_background_image":"","global_background_repeat":"no-repeat","global_background_size":"cover","global_background_attachment":"inherit","global_user_border":"0","global_border_width":"","global_border_color":"","global_boder_style":"none","global_border_radius":"","global_margin":"0 0 30px 0","global_padding":"0 0 20px 0","global_use_animation":"0","global_animation":"","global_animationduration":"300","global_animationdelay":"0","hidden_md":"0","hidden_sm":"0","hidden_xs":"0","acl":null},"htmlContent":"<div id=\"sppb-addon-1494485926665\" class=\"clearfix\" ><div class=\"sppb-addon sppb-addon-persion sppb-text-center \"><div class=\"sppb-addon-content\"><div class=\"sppb-person-image\"><img class=\"sppb-img-responsive\" src=\"https://sppagebuilder.com/sample-data/images/2017/05/15/person6.jpg\" alt=\"Like Mike\"></div><div class=\"sppb-person-information\"><span class=\"sppb-person-name\">Like Mike</span></div></div></div></div>","assets":{"css":"#sppb-addon-1494485926665 {\n\tbackground-color: rgba(255, 255, 255, 1);\nmargin: 0 0 30px 0;\npadding: 0 0 20px 0;\n}\n"}}]}]}]}]},{"id":1494485926724,"visibility":true,"collapse":false,"settings":{"admin_label":"Sponsors","title":"","heading_selector":"h3","title_fontsize":"","title_fontweight":"","title_text_color":"","title_margin_top":"","title_margin_bottom":"","subtitle":"","subtitle_fontsize":"","title_position":"sppb-text-center","columns_equal_height":"0","fullscreen":"0","no_gutter":"0","id":"","class":"","padding":"93px 0px 90px 0px","margin":"0px 0px 0px 0px","color":"","background_color":"","background_image":"","overlay":"","background_repeat":"no-repeat","background_size":"cover","background_attachment":"fixed","background_position":"0 0","background_video":"0","background_video_mp4":"","background_video_ogv":"","hidden_xs":"","hidden_sm":"","hidden_md":"","animation":"fadeIn","animationduration":"700","animationdelay":""},"layout":"12","columns":[{"id":1494485926725,"class_name":"col-md-12","visibility":true,"settings":{},"addons":[{"id":1494485926730,"name":"heading","visibility":true,"settings":{"admin_label":"Sponsors","title":"Sponsors","heading_selector":"h2","use_link":"0","title_link":"","link_new_tab":"0","title_fontsize":"42","title_fontstyle":["uppercase"],"title_fontweight":"700","title_lineheight":"","title_letterspace":"0","title_margin":"0px 0px 20px 0px","title_padding":"0px 0px 0px 0px","alignment":"sppb-text-center","class":"","global_text_color":"rgba(28, 28, 28, 1)","global_link_color":"","global_link_hover_color":"","global_use_background":"0","global_background_color":"","global_background_image":"","global_background_repeat":"no-repeat","global_background_size":"cover","global_background_attachment":"inherit","global_user_border":"0","global_border_width":"","global_border_color":"","global_boder_style":"none","global_border_radius":"","global_margin":"","global_padding":"","global_use_animation":"0","global_animation":"","global_animationduration":"300","global_animationdelay":"0","hidden_md":"0","hidden_sm":"0","hidden_xs":"0","acl":null}},{"id":1494485926733,"name":"heading","visibility":true,"settings":{"admin_label":"Check Who Makes This Event Possible!","title":"Check Who Makes This Event Possible!","heading_selector":"h3","use_link":"0","title_link":"","link_new_tab":"0","title_fontsize":"18","title_fontstyle":["uppercase"],"title_fontweight":"400","title_lineheight":"","title_letterspace":"0","title_margin":"0px 0px 20px 0px","title_padding":"0px 0px 0px 0px","alignment":"sppb-text-center","class":"","global_text_color":"rgba(135, 135, 135, 1)","global_link_color":"","global_link_hover_color":"","global_use_background":"0","global_background_color":"","global_background_image":"","global_background_repeat":"no-repeat","global_background_size":"cover","global_background_attachment":"inherit","global_user_border":"0","global_border_width":"","global_border_color":"","global_boder_style":"none","global_border_radius":"","global_margin":"","global_padding":"","global_use_animation":"0","global_animation":"","global_animationduration":"300","global_animationdelay":"0","hidden_md":"0","hidden_sm":"0","hidden_xs":"0","acl":null}},{"id":1494489748680,"name":"clients","visibility":true,"settings":{"admin_label":"","title":"","heading_selector":"h3","title_fontsize":"","title_lineheight":"","title_fontstyle":null,"title_letterspace":"0","title_fontweight":"","title_text_color":"","title_margin_top":"","title_margin_bottom":"","count":"sppb-col-sm-4","alignment":"sppb-text-center","class":"","sp_clients_item":[{"title":"Client 1","image":"https://sppagebuilder.com/sample-data/images/2017/05/11/logo7.png","url":"#"},{"title":"Client 1","image":"https://sppagebuilder.com/sample-data/images/2017/05/11/logo2.png","url":"#"},{"title":"Client 1","image":"https://sppagebuilder.com/sample-data/images/2017/05/11/logo1.png","url":"#"}],"global_text_color":"","global_link_color":"","global_link_hover_color":"","global_use_background":"0","global_background_color":"","global_background_image":"","global_background_repeat":"no-repeat","global_background_size":"cover","global_background_attachment":"inherit","global_user_border":"0","global_border_width":"","global_border_color":"","global_boder_style":"none","global_border_radius":"","global_margin":"70px 0 70px 0","global_padding":"","global_use_animation":"0","global_animation":"","global_animationduration":"300","global_animationdelay":"0","hidden_md":"0","hidden_sm":"0","hidden_xs":"0","acl":null}},{"id":1494485926744,"name":"clients","visibility":true,"settings":{"admin_label":"","title":"","heading_selector":"h3","title_fontsize":"","title_lineheight":"","title_fontstyle":null,"title_letterspace":"0","title_fontweight":"","title_text_color":"","title_margin_top":"","title_margin_bottom":"","count":"sppb-col-sm-3","alignment":"sppb-text-center","class":"","sp_clients_item":[{"title":"Client 1","image":"https://sppagebuilder.com/sample-data/images/2017/05/11/logo6.png","url":"#"},{"title":"Client 1","image":"https://sppagebuilder.com/sample-data/images/2017/05/11/logo5.png","url":"#"},{"title":"Client 1","image":"https://sppagebuilder.com/sample-data/images/2017/05/11/logo4.png","url":"#"},{"title":"Client 1","image":"https://sppagebuilder.com/sample-data/images/2017/05/11/logo3.png","url":"#"}],"global_text_color":"","global_link_color":"","global_link_hover_color":"","global_use_background":"0","global_background_color":"","global_background_image":"","global_background_repeat":"no-repeat","global_background_size":"cover","global_background_attachment":"inherit","global_user_border":"0","global_border_width":"","global_border_color":"","global_boder_style":"none","global_border_radius":"","global_margin":"","global_padding":"","global_use_animation":"0","global_animation":"","global_animationduration":"300","global_animationdelay":"0","hidden_md":"0","hidden_sm":"0","hidden_xs":"0","acl":null}},{"id":1494490108489,"name":"button","visibility":true,"settings":{"admin_label":"become a sponsor","text":"become a sponsor","alignment":"sppb-text-center","fontstyle":["uppercase"],"letterspace":"0","url":"#","target":"","type":"custom","appearance":"","background_color":"rgba(28, 28, 28, 1)","color":"#ffffff","background_color_hover":"rgba(68, 68, 68, 1)","color_hover":"#ffffff","button_padding":"13px 40px 13px 40px","size":"","shape":"rounded","block":"","icon":"","icon_position":"left","class":"","global_text_color":"","global_link_color":"","global_link_hover_color":"","global_use_background":"0","global_background_color":"","global_background_image":"","global_background_repeat":"no-repeat","global_background_size":"cover","global_background_attachment":"inherit","global_user_border":"0","global_border_width":"","global_border_color":"","global_boder_style":"none","global_border_radius":"","global_margin":"100px 0 0 0","global_padding":"","global_use_animation":"0","global_animation":"","global_animationduration":"300","global_animationdelay":"0","hidden_md":"0","hidden_sm":"0","hidden_xs":"0","acl":null}}]}]},{"id":1494493363782,"visibility":true,"collapse":false,"settings":{"admin_label":"Call to action","title":"","heading_selector":"h3","title_fontsize":"","title_fontweight":"","title_text_color":"","title_margin_top":"","title_margin_bottom":"","subtitle":"","subtitle_fontsize":"","title_position":"sppb-text-center","columns_equal_height":"0","fullscreen":"0","no_gutter":"0","id":"","class":"","padding":"120px 0px 130px 0px","margin":"0px 0px 0px 0px","color":"rgba(255, 255, 255, 1)","background_color":"","background_image":"https://sppagebuilder.com/sample-data/images/2017/05/11/cta-bg3.jpg","overlay":"","background_repeat":"no-repeat","background_size":"cover","background_attachment":"inherit","background_position":"50% 50%","background_video":"0","background_video_mp4":"","background_video_ogv":"","hidden_xs":"","hidden_sm":"","hidden_md":"","animation":"","animationduration":"300","animationdelay":"0"},"layout":"12","columns":[{"id":1494493363783,"class_name":"col-md-12","visibility":true,"settings":{},"addons":[{"id":1494494928719,"name":"heading","visibility":true,"settings":{"admin_label":"Get notified new event","title":"Get notified new event","heading_selector":"h2","use_link":"0","title_link":"","link_new_tab":"0","title_fontsize":"46","title_fontstyle":["uppercase"],"title_fontweight":"700","title_lineheight":"","title_letterspace":"0","title_margin":"0px 0px 40px 0px","title_padding":"0px 0px 0px 0px","alignment":"sppb-text-center","class":"","global_text_color":"","global_link_color":"","global_link_hover_color":"","global_use_background":"0","global_background_color":"","global_background_image":"","global_background_repeat":"no-repeat","global_background_size":"cover","global_background_attachment":"inherit","global_user_border":"0","global_border_width":"","global_border_color":"","global_boder_style":"none","global_border_radius":"","global_margin":"","global_padding":"","global_use_animation":"0","global_animation":"","global_animationduration":"300","global_animationdelay":"0","hidden_md":"0","hidden_sm":"0","hidden_xs":"0","acl":null}},{"id":1494495017200,"name":"button","visibility":true,"settings":{"admin_label":"register Now","text":"register Now","alignment":"sppb-text-center","fontstyle":["uppercase","bold"],"letterspace":"0","url":"#","target":"","type":"custom","appearance":"","background_color":"rgba(255, 255, 255, 1)","color":"rgba(28, 28, 28, 1)","background_color_hover":"rgba(247, 247, 247, 1)","color_hover":"rgba(28, 28, 28, 1)","button_padding":"13px 40px 13px 40px","size":"","shape":"rounded","block":"","icon":"","icon_position":"left","class":"","global_text_color":"","global_link_color":"","global_link_hover_color":"","global_use_background":"0","global_background_color":"","global_background_image":"","global_background_repeat":"no-repeat","global_background_size":"cover","global_background_attachment":"inherit","global_user_border":"0","global_border_width":"","global_border_color":"","global_boder_style":"none","global_border_radius":"","global_margin":"","global_padding":"","global_use_animation":"0","global_animation":"","global_animationduration":"300","global_animationdelay":"0","hidden_md":"0","hidden_sm":"0","hidden_xs":"0","acl":null}}]}]},{"id":1494493363790,"visibility":true,"collapse":false,"settings":{"admin_label":"TICKETS","title":"","heading_selector":"h3","title_fontsize":"","title_fontweight":"","title_text_color":"","title_margin_top":"","title_margin_bottom":"","subtitle":"","subtitle_fontsize":"","title_position":"sppb-text-center","columns_equal_height":"0","fullscreen":"0","no_gutter":"0","id":"","class":"","padding":"93px 0px 70px 0px","margin":"0px 0px 0px 0px","color":"","background_color":"rgba(250, 250, 250, 1)","background_image":"","overlay":"","background_repeat":"no-repeat","background_size":"cover","background_attachment":"fixed","background_position":"0 0","background_video":"0","background_video_mp4":"","background_video_ogv":"","hidden_xs":"","hidden_sm":"","hidden_md":"","animation":"","animationduration":"300","animationdelay":"0"},"layout":"12","columns":[{"id":1494493363791,"class_name":"col-md-12","visibility":true,"settings":{},"addons":[{"id":1494493363794,"name":"heading","visibility":true,"settings":{"admin_label":"TICKETS","title":"TICKETS","heading_selector":"h2","use_link":"0","title_link":"","link_new_tab":"0","title_fontsize":"42","title_fontstyle":["uppercase"],"title_fontweight":"700","title_lineheight":"","title_letterspace":"0","title_margin":"0px 0px 20px 0px","title_padding":"0px 0px 0px 0px","alignment":"sppb-text-center","class":"","global_text_color":"rgba(28, 28, 28, 1)","global_link_color":"","global_link_hover_color":"","global_use_background":"0","global_background_color":"","global_background_image":"","global_background_repeat":"no-repeat","global_background_size":"cover","global_background_attachment":"inherit","global_user_border":"0","global_border_width":"","global_border_color":"","global_boder_style":"none","global_border_radius":"","global_margin":"","global_padding":"","global_use_animation":"0","global_animation":"","global_animationduration":"300","global_animationdelay":"0","hidden_md":"0","hidden_sm":"0","hidden_xs":"0","acl":null}},{"id":1494493363797,"name":"heading","visibility":true,"settings":{"admin_label":"limited tickets available. So grab yours now!","title":"limited tickets available. So grab yours now!","heading_selector":"h3","use_link":"0","title_link":"","link_new_tab":"0","title_fontsize":"18","title_fontstyle":["uppercase"],"title_fontweight":"400","title_lineheight":"","title_letterspace":"0","title_margin":"0px 0px 20px 0px","title_padding":"0px 0px 0px 0px","alignment":"sppb-text-center","class":"","global_text_color":"rgba(135, 135, 135, 1)","global_link_color":"","global_link_hover_color":"","global_use_background":"0","global_background_color":"","global_background_image":"","global_background_repeat":"no-repeat","global_background_size":"cover","global_background_attachment":"inherit","global_user_border":"0","global_border_width":"","global_border_color":"","global_boder_style":"none","global_border_radius":"","global_margin":"","global_padding":"","global_use_animation":"0","global_animation":"","global_animationduration":"300","global_animationdelay":"0","hidden_md":"0","hidden_sm":"0","hidden_xs":"0","acl":null}},{"id":1494493363802,"type":"inner_row","settings":{"admin_label":"","title":"","heading_selector":"h3","title_fontsize":"","title_fontweight":"","title_text_color":"","title_margin_top":"","title_margin_bottom":"","subtitle":"","subtitle_fontsize":"","title_position":"sppb-text-center","columns_equal_height":"0","fullscreen":"0","no_gutter":"0","id":"","class":"","padding":"35px 0px 0px 0px","margin":"0px 0px 0px 0px","color":"","background_color":"","background_image":"","overlay":"","background_repeat":"no-repeat","background_size":"cover","background_attachment":"fixed","background_position":"0 0","background_video":"0","background_video_mp4":"","background_video_ogv":"","hidden_xs":"","hidden_sm":"","hidden_md":"","animation":"","animationduration":"300","animationdelay":"0"},"layout":"4,4,4","visibility":true,"columns":[{"id":1494493363803,"class_name":"col-md-4","visibility":true,"settings":{"color":"","background":"rgba(255, 255, 255, 1)","background_image":"","overlay":"","background_repeat":"no-repeat","background_size":"cover","background_attachment":"scroll","background_position":"0 0","padding":"","class":"","sm_col":"","xs_col":"","hidden_xs":"","hidden_sm":"","hidden_md":"","animation":"","animationduration":"300","animationdelay":"0"},"addons":[{"id":1494495472964,"name":"pricing","visibility":true,"settings":{"admin_label":"Personal","title":"Personal","price":"$59","duration":"","pricing_content":"Feature List item one\nAnother feature item\nThe third list item is even more\nThe 4th list item is awesome\nAnd the list goes on","background":"","color":"","button_text":"buy now","button_fontstyle":["uppercase"],"button_letterspace":"0","button_url":"#","button_target":"","button_type":"custom","button_appearance":"","button_background_color":"rgba(28, 28, 28, 1)","button_color":"#ffffff","button_background_color_hover":"#222222","button_color_hover":"rgba(255, 255, 255, 1)","button_size":"lg","button_shape":"rounded","button_block":"","button_icon":"","button_icon_position":"left","featured":"","alignment":"sppb-text-left","class":"","global_text_color":"","global_link_color":"","global_link_hover_color":"","global_use_background":"0","global_background_color":"","global_background_image":"","global_background_repeat":"no-repeat","global_background_size":"cover","global_background_attachment":"inherit","global_user_border":"0","global_border_width":"","global_border_color":"","global_boder_style":"none","global_border_radius":"","global_margin":"0 0 30px 0","global_padding":"","global_use_animation":"0","global_animation":"","global_animationduration":"300","global_animationdelay":"0","hidden_md":"0","hidden_sm":"0","hidden_xs":"0","acl":null},"htmlContent":"<div id=\"sppb-addon-1494495472964\" class=\"clearfix\" ><div class=\"sppb-addon sppb-addon-pricing-table sppb-text-left \"><div class=\"sppb-pricing-box \"><div class=\"sppb-pricing-header\"><div class=\"sppb-pricing-title\">Personal</div><span class=\"sppb-pricing-price\">$59</span></div><div class=\"sppb-pricing-features\"><ul><li>Feature List item one</li><li>Another feature item</li><li>The third list item is even more</li><li>The 4th list item is awesome</li><li>And the list goes on</li></ul></div><div class=\"sppb-pricing-footer\"><a href=\"#\" id=\"btn-1494495472964\" class=\"sppb-btn sppb-btn-lg sppb-btn-custom sppb-btn-rounded\">buy now</a></div></div></div></div>","assets":{"css":"#sppb-addon-1494495472964 {\nmargin: 0 0 30px 0;\n}\n#sppb-addon-1494495472964 #btn-1494495472964.sppb-btn-custom{text-transform: uppercase;}#sppb-addon-1494495472964 #btn-1494495472964.sppb-btn-custom { background-color: rgba(28, 28, 28, 1); color: #ffffff;}#sppb-addon-1494495472964 #btn-1494495472964.sppb-btn-custom:hover { background-color: #222222; color: rgba(255, 255, 255, 1);}"}}]},{"id":1494493363806,"class_name":"col-md-4","visibility":true,"settings":{"color":"","background":"rgba(240, 240, 240, 1)","background_image":"https://sppagebuilder.com/sample-data/images/2017/05/24/mask3.jpg","overlay":"","background_repeat":"no-repeat","background_size":"cover","background_attachment":"scroll","background_position":"0 0","padding":"","class":"","sm_col":"","xs_col":"","hidden_xs":"","hidden_sm":"","hidden_md":"","animation":"","animationduration":"300","animationdelay":"0"},"addons":[{"id":1494493363837,"name":"pricing","visibility":true,"settings":{"admin_label":"BUSINESS","title":"BUSINESS","price":"$99","duration":"","pricing_content":"Feature List item one\nAnother feature item\nThe third list item is even more\nThe 4th list item is awesome\nAnd the list goes on","background":"","color":"","button_text":"buy now","button_fontstyle":["uppercase"],"button_letterspace":"0","button_url":"#","button_target":"","button_type":"custom","button_appearance":"","button_background_color":"rgba(28, 28, 28, 1)","button_color":"#ffffff","button_background_color_hover":"#222222","button_color_hover":"rgba(255, 255, 255, 1)","button_size":"lg","button_shape":"rounded","button_block":"","button_icon":"","button_icon_position":"left","featured":"","alignment":"sppb-text-left","class":"","global_text_color":"rgba(255, 255, 255, 1)","global_link_color":"","global_link_hover_color":"","global_use_background":"0","global_background_color":"","global_background_image":"","global_background_repeat":"no-repeat","global_background_size":"cover","global_background_attachment":"inherit","global_user_border":"0","global_border_width":"","global_border_color":"","global_boder_style":"none","global_border_radius":"","global_margin":"0 0 30px 0","global_padding":"","global_use_animation":"0","global_animation":"","global_animationduration":"300","global_animationdelay":"0","hidden_md":"0","hidden_sm":"0","hidden_xs":"0","acl":null},"htmlContent":"<div id=\"sppb-addon-1494493363837\" class=\"clearfix\" ><div class=\"sppb-addon sppb-addon-pricing-table sppb-text-left \"><div class=\"sppb-pricing-box \"><div class=\"sppb-pricing-header\"><div class=\"sppb-pricing-title\">BUSINESS</div><span class=\"sppb-pricing-price\">$99</span></div><div class=\"sppb-pricing-features\"><ul><li>Feature List item one</li><li>Another feature item</li><li>The third list item is even more</li><li>The 4th list item is awesome</li><li>And the list goes on</li></ul></div><div class=\"sppb-pricing-footer\"><a href=\"#\" id=\"btn-1494493363837\" class=\"sppb-btn sppb-btn-lg sppb-btn-custom sppb-btn-rounded\">buy now</a></div></div></div></div>","assets":{"css":"#sppb-addon-1494493363837 {\n\tcolor: rgba(255, 255, 255, 1);\nmargin: 0 0 30px 0;\n}\n#sppb-addon-1494493363837 #btn-1494493363837.sppb-btn-custom{text-transform: uppercase;}#sppb-addon-1494493363837 #btn-1494493363837.sppb-btn-custom { background-color: rgba(28, 28, 28, 1); color: #ffffff;}#sppb-addon-1494493363837 #btn-1494493363837.sppb-btn-custom:hover { background-color: #222222; color: rgba(255, 255, 255, 1);}"}}]},{"id":1494493363807,"class_name":"col-md-4","visibility":true,"settings":{"color":"","background":"rgba(255, 255, 255, 1)","background_image":"","overlay":"","background_repeat":"no-repeat","background_size":"cover","background_attachment":"scroll","background_position":"0 0","padding":"","class":"","sm_col":"","xs_col":"","hidden_xs":"","hidden_sm":"","hidden_md":"","animation":"","animationduration":"300","animationdelay":"0"},"addons":[{"id":1494493363832,"name":"pricing","visibility":true,"settings":{"admin_label":"DEVELOPER","title":"DEVELOPER","price":"$239","duration":"","pricing_content":"Feature List item one\nAnother feature item\nThe third list item is even more\nThe 4th list item is awesome\nAnd the list goes on","background":"","color":"","button_text":"buy now","button_fontstyle":["uppercase"],"button_letterspace":"0","button_url":"#","button_target":"","button_type":"custom","button_appearance":"","button_background_color":"rgba(28, 28, 28, 1)","button_color":"#ffffff","button_background_color_hover":"#222222","button_color_hover":"rgba(255, 255, 255, 1)","button_size":"lg","button_shape":"rounded","button_block":"","button_icon":"","button_icon_position":"left","featured":"","alignment":"sppb-text-left","class":"","global_text_color":"","global_link_color":"","global_link_hover_color":"","global_use_background":"0","global_background_color":"","global_background_image":"","global_background_repeat":"no-repeat","global_background_size":"cover","global_background_attachment":"inherit","global_user_border":"0","global_border_width":"","global_border_color":"","global_boder_style":"none","global_border_radius":"","global_margin":"","global_padding":"","global_use_animation":"0","global_animation":"","global_animationduration":"300","global_animationdelay":"0","hidden_md":"0","hidden_sm":"0","hidden_xs":"0","acl":null},"htmlContent":"<div id=\"sppb-addon-1494493363832\" class=\"clearfix\" ><div class=\"sppb-addon sppb-addon-pricing-table sppb-text-left \"><div class=\"sppb-pricing-box \"><div class=\"sppb-pricing-header\"><div class=\"sppb-pricing-title\">DEVELOPER</div><span class=\"sppb-pricing-price\">$239</span></div><div class=\"sppb-pricing-features\"><ul><li>Feature List item one</li><li>Another feature item</li><li>The third list item is even more</li><li>The 4th list item is awesome</li><li>And the list goes on</li></ul></div><div class=\"sppb-pricing-footer\"><a href=\"#\" id=\"btn-1494493363832\" class=\"sppb-btn sppb-btn-lg sppb-btn-custom sppb-btn-rounded\">buy now</a></div></div></div></div>","assets":{"css":"#sppb-addon-1494493363832 #btn-1494493363832.sppb-btn-custom{text-transform: uppercase;}#sppb-addon-1494493363832 #btn-1494493363832.sppb-btn-custom { background-color: rgba(28, 28, 28, 1); color: #ffffff;}#sppb-addon-1494493363832 #btn-1494493363832.sppb-btn-custom:hover { background-color: #222222; color: rgba(255, 255, 255, 1);}"}}]}]}]}]},{"id":1494493363857,"visibility":true,"collapse":false,"settings":{"admin_label":"Opportunities","title":"","heading_selector":"h3","title_fontsize":"","title_fontweight":"","title_text_color":"","title_margin_top":"","title_margin_bottom":"","subtitle":"","subtitle_fontsize":"","title_position":"sppb-text-center","columns_equal_height":"0","fullscreen":"0","no_gutter":"0","id":"","class":"","padding":"93px 0px 70px 0px","margin":"0px 0px 0px 0px","color":"","background_color":"","background_image":"","overlay":"","background_repeat":"no-repeat","background_size":"cover","background_attachment":"fixed","background_position":"0 0","background_video":"0","background_video_mp4":"","background_video_ogv":"","hidden_xs":"","hidden_sm":"","hidden_md":"","animation":"","animationduration":"300","animationdelay":"0"},"layout":"12","columns":[{"id":1494493363858,"class_name":"col-md-12","visibility":true,"settings":{},"addons":[{"id":1494493363861,"name":"heading","visibility":true,"settings":{"admin_label":"Opportunities","title":"Opportunities","heading_selector":"h2","use_link":"0","title_link":"","link_new_tab":"0","title_fontsize":"42","title_fontstyle":["uppercase"],"title_fontweight":"700","title_lineheight":"","title_letterspace":"0","title_margin":"0px 0px 20px 0px","title_padding":"0px 0px 0px 0px","alignment":"sppb-text-center","class":"","global_text_color":"rgba(28, 28, 28, 1)","global_link_color":"","global_link_hover_color":"","global_use_background":"0","global_background_color":"","global_background_image":"","global_background_repeat":"no-repeat","global_background_size":"cover","global_background_attachment":"inherit","global_user_border":"0","global_border_width":"","global_border_color":"","global_boder_style":"none","global_border_radius":"","global_margin":"","global_padding":"","global_use_animation":"0","global_animation":"","global_animationduration":"300","global_animationdelay":"0","hidden_md":"0","hidden_sm":"0","hidden_xs":"0","acl":null}},{"id":1494493363864,"name":"heading","visibility":true,"settings":{"admin_label":"Lots of surprises waiting for you","title":"Lots of surprises waiting for you","heading_selector":"h3","use_link":"0","title_link":"","link_new_tab":"0","title_fontsize":"18","title_fontstyle":["uppercase"],"title_fontweight":"400","title_lineheight":"","title_letterspace":"0","title_margin":"0px 0px 20px 0px","title_padding":"0px 0px 0px 0px","alignment":"sppb-text-center","class":"","global_text_color":"rgba(135, 135, 135, 1)","global_link_color":"","global_link_hover_color":"","global_use_background":"0","global_background_color":"","global_background_image":"","global_background_repeat":"no-repeat","global_background_size":"cover","global_background_attachment":"inherit","global_user_border":"0","global_border_width":"","global_border_color":"","global_boder_style":"none","global_border_radius":"","global_margin":"","global_padding":"","global_use_animation":"0","global_animation":"","global_animationduration":"300","global_animationdelay":"0","hidden_md":"0","hidden_sm":"0","hidden_xs":"0","acl":null}},{"id":1494493363869,"type":"inner_row","settings":{"admin_label":"","title":"","heading_selector":"h3","title_fontsize":"","title_fontweight":"","title_text_color":"","title_margin_top":"","title_margin_bottom":"","subtitle":"","subtitle_fontsize":"","title_position":"sppb-text-center","columns_equal_height":"0","fullscreen":"0","no_gutter":"0","id":"","class":"","padding":"100px 0px 0px 0px","margin":"0px 0px 0px 0px","color":"","background_color":"","background_image":"","overlay":"","background_repeat":"no-repeat","background_size":"cover","background_attachment":"fixed","background_position":"0 0","background_video":"0","background_video_mp4":"","background_video_ogv":"","hidden_xs":"","hidden_sm":"","hidden_md":"","animation":"","animationduration":"300","animationdelay":"0"},"layout":"3,3,3,3","visibility":true,"columns":[{"id":1494493363870,"class_name":"col-md-3","visibility":true,"settings":{},"addons":[{"id":1494496278621,"name":"feature","visibility":true,"settings":{"admin_label":"Learn & Earn","title":"Learn & Earn","heading_selector":"h3","title_position":"after","title_fontsize":"20","title_lineheight":"","title_fontstyle":null,"title_letterspace":"0","title_fontweight":"700","title_text_color":"rgba(28, 28, 28, 1)","title_margin_top":"40","title_margin_bottom":"15","title_url":"#","url_appear":"title","feature_type":"icon","feature_image":"","icon_name":"fa-bar-chart","icon_size":"72","icon_color":"rgba(144, 19, 254, 1)","icon_background":"","icon_border_color":"","icon_border_width":"","icon_border_radius":"","icon_margin_top":"","icon_margin_bottom":"","icon_padding":"","text":"\t\t\t\t\t<div style=\"color: #878787; font-size: 16px;\">Lorem ipsum dolor sit ame sectetur adipisicing elit, sed do</div>","alignment":"sppb-text-center","class":"","global_text_color":"","global_link_color":"","global_link_hover_color":"","global_use_background":"0","global_background_color":"","global_background_image":"","global_background_repeat":"no-repeat","global_background_size":"cover","global_background_attachment":"inherit","global_user_border":"0","global_border_width":"","global_border_color":"","global_boder_style":"none","global_border_radius":"","global_margin":"0 0 30px 0","global_padding":"","global_use_animation":"0","global_animation":"","global_animationduration":"300","global_animationdelay":"0","hidden_md":"0","hidden_sm":"0","hidden_xs":"0","acl":null},"htmlContent":"<div id=\"sppb-addon-1494496278621\" class=\"clearfix\" ><div class=\"sppb-addon sppb-addon-feature sppb-text-center \"><div class=\"sppb-addon-content\"><div class=\"sppb-icon\"><span class=\"sppb-icon-container\"><i class=\"fa fa-bar-chart\"></i></span></div><a href=\"#\"><h3 class=\"sppb-addon-title sppb-feature-box-title\">Learn & Earn</h3></a><div class=\"sppb-addon-text\">\t\t\t\t\t<div style=\"color: #878787; font-size: 16px;\">Lorem ipsum dolor sit ame sectetur adipisicing elit, sed do</div></div></div></div></div>","assets":{"css":"#sppb-addon-1494496278621 {\nmargin: 0 0 30px 0;\n}\n#sppb-addon-1494496278621 .sppb-addon-title {\nmargin-top:40px;margin-bottom:15px;color:rgba(28, 28, 28, 1);font-size:20px;line-height:20px;font-weight:700;}\n#sppb-addon-1494496278621 .sppb-icon .sppb-icon-container {display:inline-block;text-align:center;padding:px;;color:rgba(144, 19, 254, 1);}#sppb-addon-1494496278621 .sppb-icon .sppb-icon-container > i {font-size:72px;width:72px;height:72px;line-height:72px;}"}}]},{"id":1494493363873,"class_name":"col-md-3","visibility":true,"settings":{},"addons":[{"id":1494493363914,"name":"feature","visibility":true,"settings":{"admin_label":"Ask Expert","title":"Ask Expert","heading_selector":"h3","title_position":"after","title_fontsize":"20","title_lineheight":"","title_fontstyle":null,"title_letterspace":"0","title_fontweight":"700","title_text_color":"rgba(28, 28, 28, 1)","title_margin_top":"40","title_margin_bottom":"15","title_url":"#","url_appear":"title","feature_type":"icon","feature_image":"","icon_name":"fa-check","icon_size":"72","icon_color":"rgba(245, 166, 35, 1)","icon_background":"","icon_border_color":"","icon_border_width":"","icon_border_radius":"","icon_margin_top":"","icon_margin_bottom":"","icon_padding":"","text":"\t\t\t\t\t\t<div style=\"color: #878787; font-size: 16px;\">Lorem ipsum dolor sit ame sectetur adipisicing elit, sed do</div>","alignment":"sppb-text-center","class":"","global_text_color":"","global_link_color":"","global_link_hover_color":"","global_use_background":"0","global_background_color":"","global_background_image":"","global_background_repeat":"no-repeat","global_background_size":"cover","global_background_attachment":"inherit","global_user_border":"0","global_border_width":"","global_border_color":"","global_boder_style":"none","global_border_radius":"","global_margin":"0 0 30px 0","global_padding":"","global_use_animation":"0","global_animation":"","global_animationduration":"300","global_animationdelay":"0","hidden_md":"0","hidden_sm":"0","hidden_xs":"0","acl":null},"htmlContent":"<div id=\"sppb-addon-1494493363914\" class=\"clearfix\" ><div class=\"sppb-addon sppb-addon-feature sppb-text-center \"><div class=\"sppb-addon-content\"><div class=\"sppb-icon\"><span class=\"sppb-icon-container\"><i class=\"fa fa-check\"></i></span></div><a href=\"#\"><h3 class=\"sppb-addon-title sppb-feature-box-title\">Ask Expert</h3></a><div class=\"sppb-addon-text\">\t\t\t\t\t\t<div style=\"color: #878787; font-size: 16px;\">Lorem ipsum dolor sit ame sectetur adipisicing elit, sed do</div></div></div></div></div>","assets":{"css":"#sppb-addon-1494493363914 {\nmargin: 0 0 30px 0;\n}\n#sppb-addon-1494493363914 .sppb-addon-title {\nmargin-top:40px;margin-bottom:15px;color:rgba(28, 28, 28, 1);font-size:20px;line-height:20px;font-weight:700;}\n#sppb-addon-1494493363914 .sppb-icon .sppb-icon-container {display:inline-block;text-align:center;padding:px;;color:rgba(245, 166, 35, 1);}#sppb-addon-1494493363914 .sppb-icon .sppb-icon-container > i {font-size:72px;width:72px;height:72px;line-height:72px;}"}}]},{"id":1494493363874,"class_name":"col-md-3","visibility":true,"settings":{},"addons":[{"id":1494493363909,"name":"feature","visibility":true,"settings":{"admin_label":"Get your tshirt","title":"Get your tshirt","heading_selector":"h3","title_position":"after","title_fontsize":"20","title_lineheight":"","title_fontstyle":null,"title_letterspace":"0","title_fontweight":"700","title_text_color":"rgba(28, 28, 28, 1)","title_margin_top":"40","title_margin_bottom":"15","title_url":"#","url_appear":"title","feature_type":"icon","feature_image":"","icon_name":"fa-modx","icon_size":"72","icon_color":"rgba(226, 87, 76, 1)","icon_background":"","icon_border_color":"","icon_border_width":"","icon_border_radius":"","icon_margin_top":"","icon_margin_bottom":"","icon_padding":"","text":"\t\t\t\t\t\t<div style=\"color: #878787; font-size: 16px;\">Lorem ipsum dolor sit ame sectetur adipisicing elit, sed do</div>","alignment":"sppb-text-center","class":"","global_text_color":"","global_link_color":"","global_link_hover_color":"","global_use_background":"0","global_background_color":"","global_background_image":"","global_background_repeat":"no-repeat","global_background_size":"cover","global_background_attachment":"inherit","global_user_border":"0","global_border_width":"","global_border_color":"","global_boder_style":"none","global_border_radius":"","global_margin":"0 0 30px 0","global_padding":"","global_use_animation":"0","global_animation":"","global_animationduration":"300","global_animationdelay":"0","hidden_md":"0","hidden_sm":"0","hidden_xs":"0","acl":null},"htmlContent":"<div id=\"sppb-addon-1494493363909\" class=\"clearfix\" ><div class=\"sppb-addon sppb-addon-feature sppb-text-center \"><div class=\"sppb-addon-content\"><div class=\"sppb-icon\"><span class=\"sppb-icon-container\"><i class=\"fa fa-modx\"></i></span></div><a href=\"#\"><h3 class=\"sppb-addon-title sppb-feature-box-title\">Get your tshirt</h3></a><div class=\"sppb-addon-text\">\t\t\t\t\t\t<div style=\"color: #878787; font-size: 16px;\">Lorem ipsum dolor sit ame sectetur adipisicing elit, sed do</div></div></div></div></div>","assets":{"css":"#sppb-addon-1494493363909 {\nmargin: 0 0 30px 0;\n}\n#sppb-addon-1494493363909 .sppb-addon-title {\nmargin-top:40px;margin-bottom:15px;color:rgba(28, 28, 28, 1);font-size:20px;line-height:20px;font-weight:700;}\n#sppb-addon-1494493363909 .sppb-icon .sppb-icon-container {display:inline-block;text-align:center;padding:px;;color:rgba(226, 87, 76, 1);}#sppb-addon-1494493363909 .sppb-icon .sppb-icon-container > i {font-size:72px;width:72px;height:72px;line-height:72px;}"}}]},{"id":1494493363875,"class_name":"col-md-3","visibility":true,"settings":{},"addons":[{"id":1494493363904,"name":"feature","visibility":true,"settings":{"admin_label":"Explore Event","title":"Explore Event","heading_selector":"h3","title_position":"after","title_fontsize":"20","title_lineheight":"","title_fontstyle":null,"title_letterspace":"0","title_fontweight":"700","title_text_color":"rgba(28, 28, 28, 1)","title_margin_top":"40","title_margin_bottom":"15","title_url":"#","url_appear":"title","feature_type":"icon","feature_image":"","icon_name":"fa-bar-chart","icon_size":"72","icon_color":"rgba(0, 164, 212, 1)","icon_background":"","icon_border_color":"","icon_border_width":"","icon_border_radius":"","icon_margin_top":"","icon_margin_bottom":"","icon_padding":"","text":"\t\t\t\t\t<div style=\"color: #878787; font-size: 16px;\">Lorem ipsum dolor sit ame sectetur adipisicing elit, sed do</div>","alignment":"sppb-text-center","class":"","global_text_color":"","global_link_color":"","global_link_hover_color":"","global_use_background":"0","global_background_color":"","global_background_image":"","global_background_repeat":"no-repeat","global_background_size":"cover","global_background_attachment":"inherit","global_user_border":"0","global_border_width":"","global_border_color":"","global_boder_style":"none","global_border_radius":"","global_margin":"","global_padding":"","global_use_animation":"0","global_animation":"","global_animationduration":"300","global_animationdelay":"0","hidden_md":"0","hidden_sm":"0","hidden_xs":"0","acl":null},"htmlContent":"<div id=\"sppb-addon-1494493363904\" class=\"clearfix\" ><div class=\"sppb-addon sppb-addon-feature sppb-text-center \"><div class=\"sppb-addon-content\"><div class=\"sppb-icon\"><span class=\"sppb-icon-container\"><i class=\"fa fa-bar-chart\"></i></span></div><a href=\"#\"><h3 class=\"sppb-addon-title sppb-feature-box-title\">Explore Event</h3></a><div class=\"sppb-addon-text\">\t\t\t\t\t<div style=\"color: #878787; font-size: 16px;\">Lorem ipsum dolor sit ame sectetur adipisicing elit, sed do</div></div></div></div></div>","assets":{"css":"#sppb-addon-1494493363904 .sppb-addon-title {\nmargin-top:40px;margin-bottom:15px;color:rgba(28, 28, 28, 1);font-size:20px;line-height:20px;font-weight:700;}\n#sppb-addon-1494493363904 .sppb-icon .sppb-icon-container {display:inline-block;text-align:center;padding:px;;color:rgba(0, 164, 212, 1);}#sppb-addon-1494493363904 .sppb-icon .sppb-icon-container > i {font-size:72px;width:72px;height:72px;line-height:72px;}"}}]}]}]}]},{"id":1494493363941,"visibility":true,"collapse":false,"settings":{"admin_label":"Photo Gallery","title":"","heading_selector":"h3","title_fontsize":"","title_fontweight":"","title_text_color":"","title_margin_top":"","title_margin_bottom":"","subtitle":"","subtitle_fontsize":"","title_position":"sppb-text-center","columns_equal_height":"0","fullscreen":"0","no_gutter":"0","id":"","class":"","padding":"93px 0px 70px 0px","margin":"0px 0px 0px 0px","color":"","background_color":"","background_image":"https://sppagebuilder.com/sample-data/images/2017/05/15/bg-img2.jpg","overlay":"","background_repeat":"no-repeat","background_size":"cover","background_attachment":"inherit","background_position":"50% 50%","background_video":"0","background_video_mp4":"","background_video_ogv":"","hidden_xs":"","hidden_sm":"","hidden_md":"","animation":"","animationduration":"300","animationdelay":"0"},"layout":"12","columns":[{"id":1494493363942,"class_name":"col-md-12","visibility":true,"settings":{},"addons":[{"id":1494493363945,"name":"heading","visibility":true,"settings":{"admin_label":"Photo Gallery 2016","title":"Photo Gallery 2016","heading_selector":"h2","use_link":"0","title_link":"","link_new_tab":"0","title_fontsize":"42","title_fontstyle":["uppercase"],"title_fontweight":"700","title_lineheight":"","title_letterspace":"0","title_margin":"0px 0px 20px 0px","title_padding":"0px 0px 0px 0px","alignment":"sppb-text-center","class":"","global_text_color":"rgba(255, 255, 255, 1)","global_link_color":"","global_link_hover_color":"","global_use_background":"0","global_background_color":"","global_background_image":"","global_background_repeat":"no-repeat","global_background_size":"cover","global_background_attachment":"inherit","global_user_border":"0","global_border_width":"","global_border_color":"","global_boder_style":"none","global_border_radius":"","global_margin":"","global_padding":"","global_use_animation":"0","global_animation":"","global_animationduration":"300","global_animationdelay":"0","hidden_md":"0","hidden_sm":"0","hidden_xs":"0","acl":null}},{"id":1494493363948,"name":"heading","visibility":true,"settings":{"admin_label":"Watch what happened to last year events","title":"Watch what happened to last year events","heading_selector":"h3","use_link":"0","title_link":"","link_new_tab":"0","title_fontsize":"18","title_fontstyle":["uppercase"],"title_fontweight":"400","title_lineheight":"","title_letterspace":"0","title_margin":"0px 0px 20px 0px","title_padding":"0px 0px 0px 0px","alignment":"sppb-text-center","class":"","global_text_color":"rgba(255, 255, 255, 1)","global_link_color":"","global_link_hover_color":"","global_use_background":"0","global_background_color":"","global_background_image":"","global_background_repeat":"no-repeat","global_background_size":"cover","global_background_attachment":"inherit","global_user_border":"0","global_border_width":"","global_border_color":"","global_boder_style":"none","global_border_radius":"","global_margin":"","global_padding":"","global_use_animation":"0","global_animation":"","global_animationduration":"300","global_animationdelay":"0","hidden_md":"0","hidden_sm":"0","hidden_xs":"0","acl":null}},{"id":1494493363953,"type":"inner_row","settings":{"admin_label":"","title":"","heading_selector":"h3","title_fontsize":"","title_fontweight":"","title_text_color":"","title_margin_top":"","title_margin_bottom":"","subtitle":"","subtitle_fontsize":"","title_position":"sppb-text-center","columns_equal_height":"0","fullscreen":"0","no_gutter":"0","id":"","class":"","padding":"35px 0px 0px 0px","margin":"0px 0px 0px 0px","color":"","background_color":"","background_image":"","overlay":"","background_repeat":"no-repeat","background_size":"cover","background_attachment":"fixed","background_position":"0 0","background_video":"0","background_video_mp4":"","background_video_ogv":"","hidden_xs":"","hidden_sm":"","hidden_md":"","animation":"","animationduration":"300","animationdelay":"0"},"layout":"3,3,3,3","visibility":true,"columns":[{"id":1494493363954,"class_name":"col-md-3","visibility":true,"settings":{},"addons":[{"id":1494497417725,"name":"image","visibility":true,"settings":{"admin_label":"","title":"","heading_selector":"h3","title_fontsize":"","title_lineheight":"","title_fontstyle":null,"title_letterspace":"0","title_fontweight":"","title_text_color":"","title_margin_top":"","title_margin_bottom":"","image":"https://sppagebuilder.com/sample-data/images/2017/05/15/event-gallery1.jpg","alt_text":"Gallery","position":"sppb-text-center","open_lightbox":"1","overlay_color":"rgba(0, 0, 0, 0.5)","link":"","target":"","class":"","global_text_color":"","global_link_color":"","global_link_hover_color":"","global_use_background":"0","global_background_color":"","global_background_image":"","global_background_repeat":"no-repeat","global_background_size":"cover","global_background_attachment":"inherit","global_user_border":"0","global_border_width":"","global_border_color":"","global_boder_style":"none","global_border_radius":"","global_margin":"0 0 30px 0","global_padding":"","global_use_animation":"0","global_animation":"","global_animationduration":"300","global_animationdelay":"0","hidden_md":"0","hidden_sm":"0","hidden_xs":"0","acl":null},"htmlContent":"<div id=\"sppb-addon-1494497417725\" class=\"clearfix\" ><div class=\"sppb-addon sppb-addon-single-image sppb-text-center \"><div class=\"sppb-addon-content\"><div class=\"sppb-addon-single-image-container\"><div class=\"sppb-addon-image-overlay\"></div><a class=\"sppb-magnific-popup sppb-addon-image-overlay-icon\" data-popup_type=\"image\" data-mainclass=\"mfp-no-margins mfp-with-zoom\" href=\"https://sppagebuilder.com/sample-data/images/2017/05/15/event-gallery1.jpg\">+</a><img class=\"sppb-img-responsive\" src=\"https://sppagebuilder.com/sample-data/images/2017/05/15/event-gallery1.jpg\" alt=\"Gallery\"></div></div></div></div>","assets":{"css":"#sppb-addon-1494497417725 {\nmargin: 0 0 30px 0;\n}\n#sppb-addon-1494497417725 .sppb-addon-image-overlay{background-color: rgba(0, 0, 0, 0.5);}"}},{"id":1494493364026,"name":"image","visibility":true,"settings":{"admin_label":"","title":"","heading_selector":"h3","title_fontsize":"","title_lineheight":"","title_fontstyle":null,"title_letterspace":"0","title_fontweight":"","title_text_color":"","title_margin_top":"","title_margin_bottom":"","image":"https://sppagebuilder.com/sample-data/images/2017/05/15/event-gallery5.jpg","alt_text":"Gallery","position":"sppb-text-center","open_lightbox":"1","overlay_color":"rgba(0, 0, 0, 0.5)","link":"","target":"","class":"","global_text_color":"","global_link_color":"","global_link_hover_color":"","global_use_background":"0","global_background_color":"","global_background_image":"","global_background_repeat":"no-repeat","global_background_size":"cover","global_background_attachment":"inherit","global_user_border":"0","global_border_width":"","global_border_color":"","global_boder_style":"none","global_border_radius":"","global_margin":"0 0 30px 0","global_padding":"","global_use_animation":"0","global_animation":"","global_animationduration":"300","global_animationdelay":"0","hidden_md":"0","hidden_sm":"0","hidden_xs":"0","acl":null},"htmlContent":"<div id=\"sppb-addon-1494493364026\" class=\"clearfix\" ><div class=\"sppb-addon sppb-addon-single-image sppb-text-center \"><div class=\"sppb-addon-content\"><div class=\"sppb-addon-single-image-container\"><div class=\"sppb-addon-image-overlay\"></div><a class=\"sppb-magnific-popup sppb-addon-image-overlay-icon\" data-popup_type=\"image\" data-mainclass=\"mfp-no-margins mfp-with-zoom\" href=\"https://sppagebuilder.com/sample-data/images/2017/05/15/event-gallery5.jpg\">+</a><img class=\"sppb-img-responsive\" src=\"https://sppagebuilder.com/sample-data/images/2017/05/15/event-gallery5.jpg\" alt=\"Gallery\"></div></div></div></div>","assets":{"css":"#sppb-addon-1494493364026 {\nmargin: 0 0 30px 0;\n}\n#sppb-addon-1494493364026 .sppb-addon-image-overlay{background-color: rgba(0, 0, 0, 0.5);}"}}]},{"id":1494493363957,"class_name":"col-md-3","visibility":true,"settings":{},"addons":[{"id":1494493364036,"name":"image","visibility":true,"settings":{"admin_label":"","title":"","heading_selector":"h3","title_fontsize":"","title_lineheight":"","title_fontstyle":null,"title_letterspace":"0","title_fontweight":"","title_text_color":"","title_margin_top":"","title_margin_bottom":"","image":"https://sppagebuilder.com/sample-data/images/2017/05/15/event-gallery2.jpg","alt_text":"Gallery","position":"sppb-text-center","open_lightbox":"1","overlay_color":"rgba(0, 0, 0, 0.5)","link":"","target":"","class":"","global_text_color":"","global_link_color":"","global_link_hover_color":"","global_use_background":"0","global_background_color":"","global_background_image":"","global_background_repeat":"no-repeat","global_background_size":"cover","global_background_attachment":"inherit","global_user_border":"0","global_border_width":"","global_border_color":"","global_boder_style":"none","global_border_radius":"","global_margin":"0 0 30px 0","global_padding":"","global_use_animation":"0","global_animation":"","global_animationduration":"300","global_animationdelay":"0","hidden_md":"0","hidden_sm":"0","hidden_xs":"0","acl":null},"htmlContent":"<div id=\"sppb-addon-1494493364036\" class=\"clearfix\" ><div class=\"sppb-addon sppb-addon-single-image sppb-text-center \"><div class=\"sppb-addon-content\"><div class=\"sppb-addon-single-image-container\"><div class=\"sppb-addon-image-overlay\"></div><a class=\"sppb-magnific-popup sppb-addon-image-overlay-icon\" data-popup_type=\"image\" data-mainclass=\"mfp-no-margins mfp-with-zoom\" href=\"https://sppagebuilder.com/sample-data/images/2017/05/15/event-gallery2.jpg\">+</a><img class=\"sppb-img-responsive\" src=\"https://sppagebuilder.com/sample-data/images/2017/05/15/event-gallery2.jpg\" alt=\"Gallery\"></div></div></div></div>","assets":{"css":"#sppb-addon-1494493364036 {\nmargin: 0 0 30px 0;\n}\n#sppb-addon-1494493364036 .sppb-addon-image-overlay{background-color: rgba(0, 0, 0, 0.5);}"}},{"id":1494493364021,"name":"image","visibility":true,"settings":{"admin_label":"","title":"","heading_selector":"h3","title_fontsize":"","title_lineheight":"","title_fontstyle":null,"title_letterspace":"0","title_fontweight":"","title_text_color":"","title_margin_top":"","title_margin_bottom":"","image":"https://sppagebuilder.com/sample-data/images/2017/05/15/event-gallery6.jpg","alt_text":"Gallery","position":"sppb-text-center","open_lightbox":"1","overlay_color":"rgba(0, 0, 0, 0.5)","link":"","target":"","class":"","global_text_color":"","global_link_color":"","global_link_hover_color":"","global_use_background":"0","global_background_color":"","global_background_image":"","global_background_repeat":"no-repeat","global_background_size":"cover","global_background_attachment":"inherit","global_user_border":"0","global_border_width":"","global_border_color":"","global_boder_style":"none","global_border_radius":"","global_margin":"0 0 30px 0","global_padding":"","global_use_animation":"0","global_animation":"","global_animationduration":"300","global_animationdelay":"0","hidden_md":"0","hidden_sm":"0","hidden_xs":"0","acl":null},"htmlContent":"<div id=\"sppb-addon-1494493364021\" class=\"clearfix\" ><div class=\"sppb-addon sppb-addon-single-image sppb-text-center \"><div class=\"sppb-addon-content\"><div class=\"sppb-addon-single-image-container\"><div class=\"sppb-addon-image-overlay\"></div><a class=\"sppb-magnific-popup sppb-addon-image-overlay-icon\" data-popup_type=\"image\" data-mainclass=\"mfp-no-margins mfp-with-zoom\" href=\"https://sppagebuilder.com/sample-data/images/2017/05/15/event-gallery6.jpg\">+</a><img class=\"sppb-img-responsive\" src=\"https://sppagebuilder.com/sample-data/images/2017/05/15/event-gallery6.jpg\" alt=\"Gallery\"></div></div></div></div>","assets":{"css":"#sppb-addon-1494493364021 {\nmargin: 0 0 30px 0;\n}\n#sppb-addon-1494493364021 .sppb-addon-image-overlay{background-color: rgba(0, 0, 0, 0.5);}"}}]},{"id":1494493363958,"class_name":"col-md-3","visibility":true,"settings":{},"addons":[{"id":1494493364031,"name":"image","visibility":true,"settings":{"admin_label":"","title":"","heading_selector":"h3","title_fontsize":"","title_lineheight":"","title_fontstyle":null,"title_letterspace":"0","title_fontweight":"","title_text_color":"","title_margin_top":"","title_margin_bottom":"","image":"https://sppagebuilder.com/sample-data/images/2017/05/15/event-gallery3.jpg","alt_text":"Gallery","position":"sppb-text-center","open_lightbox":"1","overlay_color":"rgba(0, 0, 0, 0.5)","link":"","target":"","class":"","global_text_color":"","global_link_color":"","global_link_hover_color":"","global_use_background":"0","global_background_color":"","global_background_image":"","global_background_repeat":"no-repeat","global_background_size":"cover","global_background_attachment":"inherit","global_user_border":"0","global_border_width":"","global_border_color":"","global_boder_style":"none","global_border_radius":"","global_margin":"0 0 30px 0","global_padding":"","global_use_animation":"0","global_animation":"","global_animationduration":"300","global_animationdelay":"0","hidden_md":"0","hidden_sm":"0","hidden_xs":"0","acl":null},"htmlContent":"<div id=\"sppb-addon-1494493364031\" class=\"clearfix\" ><div class=\"sppb-addon sppb-addon-single-image sppb-text-center \"><div class=\"sppb-addon-content\"><div class=\"sppb-addon-single-image-container\"><div class=\"sppb-addon-image-overlay\"></div><a class=\"sppb-magnific-popup sppb-addon-image-overlay-icon\" data-popup_type=\"image\" data-mainclass=\"mfp-no-margins mfp-with-zoom\" href=\"https://sppagebuilder.com/sample-data/images/2017/05/15/event-gallery3.jpg\">+</a><img class=\"sppb-img-responsive\" src=\"https://sppagebuilder.com/sample-data/images/2017/05/15/event-gallery3.jpg\" alt=\"Gallery\"></div></div></div></div>","assets":{"css":"#sppb-addon-1494493364031 {\nmargin: 0 0 30px 0;\n}\n#sppb-addon-1494493364031 .sppb-addon-image-overlay{background-color: rgba(0, 0, 0, 0.5);}"}},{"id":1494493364016,"name":"image","visibility":true,"settings":{"admin_label":"","title":"","heading_selector":"h3","title_fontsize":"","title_lineheight":"","title_fontstyle":null,"title_letterspace":"0","title_fontweight":"","title_text_color":"","title_margin_top":"","title_margin_bottom":"","image":"https://sppagebuilder.com/sample-data/images/2017/05/15/event-gallery7.jpg","alt_text":"Gallery","position":"sppb-text-center","open_lightbox":"1","overlay_color":"rgba(0, 0, 0, 0.5)","link":"","target":"","class":"","global_text_color":"","global_link_color":"","global_link_hover_color":"","global_use_background":"0","global_background_color":"","global_background_image":"","global_background_repeat":"no-repeat","global_background_size":"cover","global_background_attachment":"inherit","global_user_border":"0","global_border_width":"","global_border_color":"","global_boder_style":"none","global_border_radius":"","global_margin":"0 0 30px 0","global_padding":"","global_use_animation":"0","global_animation":"","global_animationduration":"300","global_animationdelay":"0","hidden_md":"0","hidden_sm":"0","hidden_xs":"0","acl":null},"htmlContent":"<div id=\"sppb-addon-1494493364016\" class=\"clearfix\" ><div class=\"sppb-addon sppb-addon-single-image sppb-text-center \"><div class=\"sppb-addon-content\"><div class=\"sppb-addon-single-image-container\"><div class=\"sppb-addon-image-overlay\"></div><a class=\"sppb-magnific-popup sppb-addon-image-overlay-icon\" data-popup_type=\"image\" data-mainclass=\"mfp-no-margins mfp-with-zoom\" href=\"https://sppagebuilder.com/sample-data/images/2017/05/15/event-gallery7.jpg\">+</a><img class=\"sppb-img-responsive\" src=\"https://sppagebuilder.com/sample-data/images/2017/05/15/event-gallery7.jpg\" alt=\"Gallery\"></div></div></div></div>","assets":{"css":"#sppb-addon-1494493364016 {\nmargin: 0 0 30px 0;\n}\n#sppb-addon-1494493364016 .sppb-addon-image-overlay{background-color: rgba(0, 0, 0, 0.5);}"}}]},{"id":1494493363959,"class_name":"col-md-3","visibility":true,"settings":{},"addons":[{"id":1494493364011,"name":"image","visibility":true,"settings":{"admin_label":"","title":"","heading_selector":"h3","title_fontsize":"","title_lineheight":"","title_fontstyle":null,"title_letterspace":"0","title_fontweight":"","title_text_color":"","title_margin_top":"","title_margin_bottom":"","image":"https://sppagebuilder.com/sample-data/images/2017/05/15/event-gallery4.jpg","alt_text":"Gallery","position":"sppb-text-center","open_lightbox":"1","overlay_color":"rgba(0, 0, 0, 0.5)","link":"","target":"","class":"","global_text_color":"","global_link_color":"","global_link_hover_color":"","global_use_background":"0","global_background_color":"","global_background_image":"","global_background_repeat":"no-repeat","global_background_size":"cover","global_background_attachment":"inherit","global_user_border":"0","global_border_width":"","global_border_color":"","global_boder_style":"none","global_border_radius":"","global_margin":"0 0 30px 0","global_padding":"","global_use_animation":"0","global_animation":"","global_animationduration":"300","global_animationdelay":"0","hidden_md":"0","hidden_sm":"0","hidden_xs":"0","acl":null},"htmlContent":"<div id=\"sppb-addon-1494493364011\" class=\"clearfix\" ><div class=\"sppb-addon sppb-addon-single-image sppb-text-center \"><div class=\"sppb-addon-content\"><div class=\"sppb-addon-single-image-container\"><div class=\"sppb-addon-image-overlay\"></div><a class=\"sppb-magnific-popup sppb-addon-image-overlay-icon\" data-popup_type=\"image\" data-mainclass=\"mfp-no-margins mfp-with-zoom\" href=\"https://sppagebuilder.com/sample-data/images/2017/05/15/event-gallery4.jpg\">+</a><img class=\"sppb-img-responsive\" src=\"https://sppagebuilder.com/sample-data/images/2017/05/15/event-gallery4.jpg\" alt=\"Gallery\"></div></div></div></div>","assets":{"css":"#sppb-addon-1494493364011 {\nmargin: 0 0 30px 0;\n}\n#sppb-addon-1494493364011 .sppb-addon-image-overlay{background-color: rgba(0, 0, 0, 0.5);}"}},{"id":1494493364041,"name":"image","visibility":true,"settings":{"admin_label":"","title":"","heading_selector":"h3","title_fontsize":"","title_lineheight":"","title_fontstyle":null,"title_letterspace":"0","title_fontweight":"","title_text_color":"","title_margin_top":"","title_margin_bottom":"","image":"https://sppagebuilder.com/sample-data/images/2017/05/15/event-gallery8.jpg","alt_text":"Gallery","position":"sppb-text-center","open_lightbox":"1","overlay_color":"rgba(0, 0, 0, 0.5)","link":"","target":"","class":"","global_text_color":"","global_link_color":"","global_link_hover_color":"","global_use_background":"0","global_background_color":"","global_background_image":"","global_background_repeat":"no-repeat","global_background_size":"cover","global_background_attachment":"inherit","global_user_border":"0","global_border_width":"","global_border_color":"","global_boder_style":"none","global_border_radius":"","global_margin":"0 0 30px 0","global_padding":"","global_use_animation":"0","global_animation":"","global_animationduration":"300","global_animationdelay":"0","hidden_md":"0","hidden_sm":"0","hidden_xs":"0","acl":null},"htmlContent":"<div id=\"sppb-addon-1494493364041\" class=\"clearfix\" ><div class=\"sppb-addon sppb-addon-single-image sppb-text-center \"><div class=\"sppb-addon-content\"><div class=\"sppb-addon-single-image-container\"><div class=\"sppb-addon-image-overlay\"></div><a class=\"sppb-magnific-popup sppb-addon-image-overlay-icon\" data-popup_type=\"image\" data-mainclass=\"mfp-no-margins mfp-with-zoom\" href=\"https://sppagebuilder.com/sample-data/images/2017/05/15/event-gallery8.jpg\">+</a><img class=\"sppb-img-responsive\" src=\"https://sppagebuilder.com/sample-data/images/2017/05/15/event-gallery8.jpg\" alt=\"Gallery\"></div></div></div></div>","assets":{"css":"#sppb-addon-1494493364041 {\nmargin: 0 0 30px 0;\n}\n#sppb-addon-1494493364041 .sppb-addon-image-overlay{background-color: rgba(0, 0, 0, 0.5);}"}}]}]}]}]},{"id":1494824668761,"visibility":true,"collapse":false,"settings":{"admin_label":"Quick Contact","title":"","heading_selector":"h3","title_fontsize":"","title_fontweight":"","title_text_color":"","title_margin_top":"","title_margin_bottom":"","subtitle":"","subtitle_fontsize":"","title_position":"sppb-text-center","columns_equal_height":"0","fullscreen":"0","no_gutter":"0","id":"","class":"","padding":"93px 0px 50px 0px","margin":"0px 0px 0px 0px","color":"","background_color":"","background_image":"","overlay":"","background_repeat":"no-repeat","background_size":"cover","background_attachment":"fixed","background_position":"0 0","background_video":"0","background_video_mp4":"","background_video_ogv":"","hidden_xs":"","hidden_sm":"","hidden_md":"","animation":"","animationduration":"300","animationdelay":"0"},"layout":"12","columns":[{"id":1494824668762,"class_name":"col-md-12","visibility":true,"settings":{},"addons":[{"id":1494824668765,"name":"heading","visibility":true,"settings":{"admin_label":"Quick Contact","title":"Quick Contact","heading_selector":"h2","use_link":"0","title_link":"","link_new_tab":"0","title_fontsize":"42","title_fontstyle":["uppercase"],"title_fontweight":"700","title_lineheight":"","title_letterspace":"0","title_margin":"0px 0px 20px 0px","title_padding":"0px 0px 0px 0px","alignment":"sppb-text-center","class":"","global_text_color":"rgba(28, 28, 28, 1)","global_link_color":"","global_link_hover_color":"","global_use_background":"0","global_background_color":"","global_background_image":"","global_background_repeat":"no-repeat","global_background_size":"cover","global_background_attachment":"inherit","global_user_border":"0","global_border_width":"","global_border_color":"","global_boder_style":"none","global_border_radius":"","global_margin":"0 0 33px 0","global_padding":"","global_use_animation":"0","global_animation":"","global_animationduration":"300","global_animationdelay":"0","hidden_md":"0","hidden_sm":"0","hidden_xs":"0","acl":null}},{"id":1494824851203,"name":"ajax_contact","visibility":true,"settings":{"admin_label":"","title":"","heading_selector":"h3","title_fontsize":"","title_lineheight":"","title_fontstyle":null,"title_letterspace":"0","title_fontweight":"","title_text_color":"","title_margin_top":"","title_margin_bottom":"","recipient_email":"email@yourdomain.com","formcaptcha":"0","captcha_question":"3 + 4 = ?","captcha_answer":"7","use_custom_button":"1","button_text":"Send Message","button_fontstyle":null,"button_letterspace":"0","button_type":"custom","button_appearance":"","button_background_color":"rgba(28, 28, 28, 1)","button_color":"#ffffff","button_background_color_hover":"#222222","button_color_hover":"#ffffff","button_size":"lg","button_shape":"rounded","button_block":"","button_icon":"","button_icon_position":"left","class":"text-center","global_text_color":"","global_link_color":"","global_link_hover_color":"","global_use_background":"0","global_background_color":"","global_background_image":"","global_background_repeat":"no-repeat","global_background_size":"cover","global_background_attachment":"inherit","global_user_border":"0","global_border_width":"","global_border_color":"","global_boder_style":"none","global_border_radius":"","global_margin":"","global_padding":"","global_use_animation":"0","global_animation":"","global_animationduration":"300","global_animationdelay":"0","hidden_md":"0","hidden_sm":"0","hidden_xs":"0","acl":null}}]}]},{"id":1494825322501,"visibility":true,"collapse":false,"settings":{"admin_label":"Google Map","title":"","heading_selector":"h3","title_fontsize":"","title_fontweight":"","title_text_color":"","title_margin_top":"","title_margin_bottom":"","subtitle":"","subtitle_fontsize":"","title_position":"sppb-text-center","columns_equal_height":"0","fullscreen":"1","no_gutter":"0","id":"","class":"","padding":"50px 0px 0px 0px","margin":"0px 0px 0px 0px","color":"","background_color":"","background_image":"","overlay":"","background_repeat":"no-repeat","background_size":"cover","background_attachment":"fixed","background_position":"0 0","background_video":"0","background_video_mp4":"","background_video_ogv":"","hidden_xs":"","hidden_sm":"","hidden_md":"","animation":"","animationduration":"300","animationdelay":"0"},"layout":"12","columns":[{"id":1494825322502,"class_name":"col-md-12","visibility":true,"settings":{},"addons":[{"id":1494825969633,"name":"gmap","visibility":true,"settings":{"admin_label":"","title":"","heading_selector":"h3","title_fontsize":"","title_lineheight":"","title_fontstyle":null,"title_letterspace":"0","title_fontweight":"","title_text_color":"","title_margin_top":"","title_margin_bottom":"","map":"40.712784, -74.005941","height":"405","type":"ROADMAP","zoom":"18","mousescroll":"false","class":"","global_text_color":"","global_link_color":"","global_link_hover_color":"","global_use_background":"0","global_background_color":"","global_background_image":"","global_background_repeat":"no-repeat","global_background_size":"cover","global_background_attachment":"inherit","global_user_border":"0","global_border_width":"","global_border_color":"","global_boder_style":"none","global_border_radius":"","global_margin":"","global_padding":"","global_use_animation":"0","global_animation":"","global_animationduration":"300","global_animationdelay":"0","hidden_md":"0","hidden_sm":"0","hidden_xs":"0","acl":null}}]}]}]
