[{"id":1494834765767,"visibility":true,"collapse":false,"settings":{"admin_label":"Hero Section","title":"","heading_selector":"h3","title_fontsize":"","title_fontweight":"","title_text_color":"","title_margin_top":"","title_margin_bottom":"","subtitle":"","subtitle_fontsize":"","title_position":"sppb-text-center","columns_equal_height":"0","fullscreen":"0","no_gutter":"0","id":"","class":"","padding":"210px 0px 230px 0px","margin":"0px 0px 0px 0px","color":"rgba(255, 255, 255, 1)","background_color":"","background_image":"https://sppagebuilder.com/sample-data/images/2017/07/10/hero-section7.jpg","overlay":"","background_repeat":"no-repeat","background_size":"cover","background_attachment":"inherit","background_position":"50% 50%","background_video":"0","background_video_mp4":"","background_video_ogv":"","hidden_xs":"","hidden_sm":"","hidden_md":"","animation":"","animationduration":"300","animationdelay":"0"},"layout":"12","columns":[{"id":1494834765768,"class_name":"col-md-12","visibility":true,"settings":{},"addons":[{"id":1494846467168,"name":"heading","visibility":true,"settings":{"admin_label":"Architecture is the reaching out for the Truth.","title":"Architecture is the reaching\nout for the Truth.","heading_selector":"h2","use_link":"0","title_link":"","link_new_tab":"0","title_fontsize":"48","title_fontstyle":["uppercase"],"title_fontweight":"700","title_lineheight":"1.45","title_letterspace":"0","title_margin":"0px 0px 22px 0px","title_padding":"0px 0px 0px 0px","alignment":"sppb-text-center","class":"","global_text_color":"","global_link_color":"","global_link_hover_color":"","global_use_background":"0","global_background_color":"","global_background_image":"","global_background_repeat":"no-repeat","global_background_size":"cover","global_background_attachment":"inherit","global_user_border":"0","global_border_width":"","global_border_color":"","global_boder_style":"none","global_border_radius":"","global_margin":"","global_padding":"","global_use_animation":"1","global_animation":"fadeInDown","global_animationduration":"700","global_animationdelay":"","hidden_md":"0","hidden_sm":"0","hidden_xs":"0","acl":null}},{"id":1499661653288,"name":"button_group","visibility":true,"settings":{"admin_label":"","alignment":"sppb-text-center","margin":"10","class":"","sp_button_group_item":[{"title":"See Our Works","fontstyle":["uppercase"],"letterspace":"0","url":"#","type":"custom","appearance":"","background_color":"rgba(255, 209, 0, 1)","color":"rgba(51, 51, 51, 1)","background_color_hover":"rgba(224, 195, 4, 1)","color_hover":"rgba(51, 51, 51, 1)","size":"","button_padding":"12px 30px 12px 30px","shape":"rounded","block":"","icon":"","icon_position":"left","target":""},{"title":"Contact Us","fontstyle":["uppercase"],"letterspace":"0","url":"#","type":"custom","appearance":"outline","background_color":"rgba(208, 208, 207, 1)","color":"rgba(255, 255, 255, 1)","background_color_hover":"rgba(255, 255, 255, 1)","color_hover":"rgba(68, 68, 68, 1)","size":"","button_padding":"11px 40px 11px 40px","shape":"rounded","block":"","icon":"","icon_position":"left","target":""}],"global_text_color":"","global_link_color":"","global_link_hover_color":"","global_use_background":"0","global_background_color":"","global_background_image":"","global_background_repeat":"no-repeat","global_background_size":"cover","global_background_attachment":"inherit","global_user_border":"0","global_border_width":"","global_border_color":"","global_boder_style":"none","global_border_radius":"","global_margin":"","global_padding":"","global_use_animation":"1","global_animation":"fadeInDown","global_animationduration":"700","global_animationdelay":"600","hidden_md":"0","hidden_sm":"0","hidden_xs":"0","acl":null}}]}]},{"id":1499666359298,"visibility":true,"collapse":false,"settings":{"admin_label":"About Us Section","title":"","heading_selector":"h3","title_fontsize":"","title_fontweight":"","title_text_color":"","title_margin_top":"","title_margin_bottom":"","subtitle":"","subtitle_fontsize":"","title_position":"sppb-text-center","columns_equal_height":"0","fullscreen":"0","no_gutter":"0","id":"","class":"","padding":"100px 0px 100px 0px","margin":"0px 0px 0px 0px","color":"","background_color":"rgba(250, 250, 250, 1)","background_image":"","overlay":"","background_repeat":"no-repeat","background_size":"cover","background_attachment":"fixed","background_position":"0 0","background_video":"0","background_video_mp4":"","background_video_ogv":"","hidden_xs":"","hidden_sm":"","hidden_md":"","animation":"","animationduration":"300","animationdelay":"0"},"layout":"7,5","columns":[{"id":1494397321380,"class_name":"col-md-7","visibility":true,"settings":{"color":"","background":"","background_image":"","overlay":"","background_repeat":"no-repeat","background_size":"cover","background_attachment":"scroll","background_position":"0 0","padding":"0 40px 0 0","class":"","sm_col":"","xs_col":"","hidden_xs":"","hidden_sm":"","hidden_md":"","animation":"","animationduration":"300","animationdelay":"0"},"addons":[{"id":1494397779869,"name":"image","visibility":true,"settings":{"admin_label":"","title":"","heading_selector":"h3","title_fontsize":"","title_lineheight":"","title_fontstyle":null,"title_letterspace":"0","title_fontweight":"","title_text_color":"","title_margin_top":"","title_margin_bottom":"","image":"https://sppagebuilder.com/sample-data/images/2017/07/10/architect-img.jpg","alt_text":"image","position":"sppb-text-center","open_lightbox":"0","overlay_color":"rgba(119, 219, 31, 0.5)","link":"","target":"","class":"","global_text_color":"","global_link_color":"","global_link_hover_color":"","global_use_background":"0","global_background_color":"","global_background_image":"","global_background_repeat":"no-repeat","global_background_size":"cover","global_background_attachment":"inherit","global_user_border":"0","global_border_width":"","global_border_color":"","global_boder_style":"none","global_border_radius":"","global_margin":"","global_padding":"","global_use_animation":"0","global_animation":"","global_animationduration":"300","global_animationdelay":"0","hidden_md":"0","hidden_sm":"0","hidden_xs":"0","acl":null}}]},{"id":1494397321381,"class_name":"col-md-5","visibility":true,"settings":{"color":"","background":"","background_image":"","overlay":"","background_repeat":"no-repeat","background_size":"cover","background_attachment":"scroll","background_position":"0 0","padding":"75px 0 0 0","class":"","sm_col":"","xs_col":"","hidden_xs":"","hidden_sm":"","hidden_md":"","animation":"","animationduration":"300","animationdelay":"0"},"addons":[{"id":1494397840378,"name":"heading","visibility":true,"settings":{"admin_label":"About Us","title":"About Us","heading_selector":"h3","use_link":"0","title_link":"","link_new_tab":"0","title_fontsize":"36","title_fontstyle":null,"title_fontweight":"700","title_lineheight":"","title_letterspace":"0","title_margin":"0 0px 13px 0px","title_padding":"0px 0px 0px 0px","alignment":"sppb-text-left","class":"","global_text_color":"rgba(28, 28, 28, 1)","global_link_color":"","global_link_hover_color":"","global_use_background":"0","global_background_color":"","global_background_image":"","global_background_repeat":"no-repeat","global_background_size":"cover","global_background_attachment":"inherit","global_user_border":"0","global_border_width":"","global_border_color":"","global_boder_style":"none","global_border_radius":"","global_margin":"","global_padding":"","global_use_animation":"0","global_animation":"","global_animationduration":"300","global_animationdelay":"0","hidden_md":"0","hidden_sm":"0","hidden_xs":"0","acl":null}},{"id":1494850019797,"name":"text_block","visibility":true,"settings":{"admin_label":"It was popularised in the 1960s.....","title":"When it comes to choosing an antiaging eye cream, the possibilities are endless. The choices range from high end department store brands, to affordable names brands.<br><br>\nThere\u2019s a new hairstyle that seems to be sweeping Hollywood: what would you be willing to do to get it for yourself?","heading_selector":"h4","title_fontsize":"17","title_lineheight":"25","title_fontstyle":null,"title_letterspace":"0","title_fontweight":"300","title_text_color":"rgba(135, 135, 135, 1)","title_margin_top":"0","title_margin_bottom":"","text":"\t\t\t\t\t\t\t\t","alignment":"sppb-text-left","class":"","global_text_color":"","global_link_color":"","global_link_hover_color":"","global_use_background":"0","global_background_color":"","global_background_image":"","global_background_repeat":"no-repeat","global_background_size":"cover","global_background_attachment":"inherit","global_user_border":"0","global_border_width":"","global_border_color":"","global_boder_style":"none","global_border_radius":"","global_margin":"0 0 20px 0","global_padding":"","global_use_animation":"0","global_animation":"","global_animationduration":"300","global_animationdelay":"0","hidden_md":"0","hidden_sm":"0","hidden_xs":"0","acl":null}},{"id":1494398059422,"name":"button","visibility":true,"settings":{"admin_label":"Learn More","text":"Learn More","alignment":"sppb-text-left","fontstyle":["uppercase","bold"],"letterspace":"0","url":"#","target":"","type":"custom","appearance":"","background_color":"rgba(255, 209, 0, 1)","color":"rgba(51, 51, 51, 1)","background_color_hover":"rgba(222, 193, 4, 1)","color_hover":"rgba(51, 51, 51, 1)","button_padding":"12px 35px 12px 35px","size":"","shape":"rounded","block":"","icon":"","icon_position":"left","class":"","global_text_color":"","global_link_color":"","global_link_hover_color":"","global_use_background":"0","global_background_color":"","global_background_image":"","global_background_repeat":"no-repeat","global_background_size":"cover","global_background_attachment":"inherit","global_user_border":"0","global_border_width":"","global_border_color":"","global_boder_style":"none","global_border_radius":"","global_margin":"","global_padding":"","global_use_animation":"0","global_animation":"","global_animationduration":"300","global_animationdelay":"0","hidden_md":"0","hidden_sm":"0","hidden_xs":"0","acl":null}}]}]},{"id":1494847035476,"visibility":true,"collapse":false,"settings":{"admin_label":"Features","title":"","heading_selector":"h3","title_fontsize":"","title_fontweight":"","title_text_color":"","title_margin_top":"","title_margin_bottom":"","subtitle":"","subtitle_fontsize":"","title_position":"sppb-text-center","columns_equal_height":"0","fullscreen":"0","no_gutter":"0","id":"","class":"","padding":"93px 0px 65px 0px","margin":"0px 0px 0px 0px","color":"","background_color":"","background_image":"","overlay":"","background_repeat":"no-repeat","background_size":"cover","background_attachment":"fixed","background_position":"0 0","background_video":"0","background_video_mp4":"","background_video_ogv":"","hidden_xs":"","hidden_sm":"","hidden_md":"","animation":"","animationduration":"300","animationdelay":"0"},"layout":"12","columns":[{"id":1494493363858,"class_name":"col-md-12","visibility":true,"settings":{},"addons":[{"id":1499661039445,"name":"heading","visibility":true,"settings":{"admin_label":"We Provide","title":"We Provide","heading_selector":"h2","use_link":"0","title_link":"","link_new_tab":"0","title_fontsize":"36","title_fontstyle":null,"title_fontweight":"700","title_lineheight":"","title_letterspace":"0","title_margin":"0px 0px 10px 0px","title_padding":"0px 0px 0px 0px","alignment":"sppb-text-center","class":"","global_text_color":"rgba(51, 51, 51, 1)","global_link_color":"","global_link_hover_color":"","global_use_background":"0","global_background_color":"","global_background_image":"","global_background_repeat":"no-repeat","global_background_size":"cover","global_background_attachment":"inherit","global_user_border":"0","global_border_width":"","global_border_color":"","global_boder_style":"none","global_border_radius":"","global_margin":"","global_padding":"","global_use_animation":"0","global_animation":"","global_animationduration":"300","global_animationdelay":"0","hidden_md":"0","hidden_sm":"0","hidden_xs":"0","acl":null}},{"id":1499666359306,"name":"heading","visibility":true,"settings":{"admin_label":"Take a look what we are offering to you","title":"Take a look what we are offering to you","heading_selector":"h3","use_link":"0","title_link":"","link_new_tab":"0","title_fontsize":"18","title_fontstyle":null,"title_fontweight":"300","title_lineheight":"1.25","title_letterspace":"0","title_margin":"0px 0px 20px 0px","title_padding":"0px 0px 0px 0px","alignment":"sppb-text-center","class":"","global_text_color":"rgba(153, 153, 153, 1)","global_link_color":"","global_link_hover_color":"","global_use_background":"0","global_background_color":"","global_background_image":"","global_background_repeat":"no-repeat","global_background_size":"cover","global_background_attachment":"inherit","global_user_border":"0","global_border_width":"","global_border_color":"","global_boder_style":"none","global_border_radius":"","global_margin":"","global_padding":"","global_use_animation":"0","global_animation":"","global_animationduration":"300","global_animationdelay":"0","hidden_md":"0","hidden_sm":"0","hidden_xs":"0","acl":null}},{"id":1494493363869,"type":"inner_row","settings":{"admin_label":"","title":"","heading_selector":"h3","title_fontsize":"","title_fontweight":"","title_text_color":"","title_margin_top":"","title_margin_bottom":"","subtitle":"","subtitle_fontsize":"","title_position":"sppb-text-center","columns_equal_height":"0","fullscreen":"0","no_gutter":"0","id":"","class":"","padding":"65px 0px 0px 0px","margin":"0px 0px 0px 0px","color":"","background_color":"","background_image":"","overlay":"","background_repeat":"no-repeat","background_size":"cover","background_attachment":"fixed","background_position":"0 0","background_video":"0","background_video_mp4":"","background_video_ogv":"","hidden_xs":"","hidden_sm":"","hidden_md":"","animation":"","animationduration":"300","animationdelay":"0"},"layout":"3,3,3,3","visibility":true,"columns":[{"id":1494493363870,"class_name":"col-md-3","visibility":true,"settings":{"color":"","background":"","background_image":"","overlay":"","background_repeat":"no-repeat","background_size":"cover","background_attachment":"scroll","background_position":"0 0","padding":"0 0 0 0","class":"","sm_col":"col-sm-6","xs_col":"","hidden_xs":"","hidden_sm":"","hidden_md":"","animation":"","animationduration":"300","animationdelay":"0"},"addons":[{"id":1494496278621,"name":"feature","visibility":true,"settings":{"admin_label":"Architecture","title":"Architecture","heading_selector":"h3","title_position":"after","title_fontsize":"20","title_lineheight":"","title_fontstyle":null,"title_letterspace":"0","title_fontweight":"700","title_text_color":"rgba(51, 51, 51, 1)","title_margin_top":"25","title_margin_bottom":"15","title_url":"","url_appear":"title","feature_type":"image","feature_image":"https://sppagebuilder.com/sample-data/images/2017/07/10/icon19.png","icon_name":"fa-tachometer","icon_size":"48","icon_color":"rgba(184, 233, 134, 1)","icon_background":"","icon_border_color":"","icon_border_width":"","icon_border_radius":"","icon_margin_top":"","icon_margin_bottom":"","icon_padding":"","text":"<div style=\"color: #878787; font-size: 16px;\">Lorem Ipsum has been the industry's standard dummy text ever since the 1500s<\/div>","alignment":"sppb-text-left","class":"","global_text_color":"","global_link_color":"","global_link_hover_color":"","global_use_background":"0","global_background_color":"","global_background_image":"","global_background_repeat":"no-repeat","global_background_size":"cover","global_background_attachment":"inherit","global_user_border":"0","global_border_width":"","global_border_color":"","global_boder_style":"none","global_border_radius":"","global_margin":"0 0 30px 0","global_padding":"","global_use_animation":"1","global_animation":"fadeInLeft","global_animationduration":"700","global_animationdelay":"900","hidden_md":"0","hidden_sm":"0","hidden_xs":"0","acl":null},"htmlContent":"<div id=\"sppb-addon-1494496278621\" class=\" sppb-wow fadeInLeft clearfix\"  data-sppb-wow-duration=\"700ms\" data-sppb-wow-delay=\"900ms\" ><div class=\"sppb-addon sppb-addon-feature sppb-text-left \"><div class=\"sppb-addon-content\"><span class=\"sppb-img-container\"><img class=\"sppb-img-responsive\" src=\"https://sppagebuilder.com/sample-data/images/2017/07/10/icon19.png\" alt=\"Architecture\"><\/span><h3 class=\"sppb-addon-title sppb-feature-box-title\">Architecture<\/h3><div class=\"sppb-addon-text\"><div style=\"color: #878787; font-size: 16px;\">Lorem Ipsum has been the industry's standard dummy text ever since the 1500s<\/div><\/div><\/div><\/div><\/div>","assets":{"css":"#sppb-addon-1494496278621 {\nmargin: 0 0 30px 0;\n}\n#sppb-addon-1494496278621 .sppb-addon-title {\nmargin-top:25px;margin-bottom:15px;color:rgba(51, 51, 51, 1);font-size:20px;line-height:20px;font-weight:700;}\n#sppb-addon-1494496278621 .sppb-img-container {display:inline-block;}"}}]},{"id":1494493363873,"class_name":"col-md-3","visibility":true,"settings":{"color":"","background":"","background_image":"","overlay":"","background_repeat":"no-repeat","background_size":"cover","background_attachment":"scroll","background_position":"0 0","padding":"0 0 0 0","class":"","sm_col":"col-sm-6","xs_col":"","hidden_xs":"","hidden_sm":"","hidden_md":"","animation":"fadeInLeft","animationduration":"300","animationdelay":"0"},"addons":[{"id":1499667001726,"name":"feature","visibility":true,"settings":{"admin_label":"Interior","title":"Interior","heading_selector":"h3","title_position":"after","title_fontsize":"20","title_lineheight":"","title_fontstyle":null,"title_letterspace":"0","title_fontweight":"700","title_text_color":"rgba(51, 51, 51, 1)","title_margin_top":"25","title_margin_bottom":"15","title_url":"","url_appear":"title","feature_type":"image","feature_image":"https://sppagebuilder.com/sample-data/images/2017/07/10/icon20.png","icon_name":"fa-tachometer","icon_size":"48","icon_color":"rgba(184, 233, 134, 1)","icon_background":"","icon_border_color":"","icon_border_width":"","icon_border_radius":"","icon_margin_top":"","icon_margin_bottom":"","icon_padding":"","text":"<div style=\"color: #878787; font-size: 16px;\">Lorem Ipsum has been the industry's standard dummy text ever since the 1500s<\/div>","alignment":"sppb-text-left","class":"","global_text_color":"","global_link_color":"","global_link_hover_color":"","global_use_background":"0","global_background_color":"","global_background_image":"","global_background_repeat":"no-repeat","global_background_size":"cover","global_background_attachment":"inherit","global_user_border":"0","global_border_width":"","global_border_color":"","global_boder_style":"none","global_border_radius":"","global_margin":"0 0 30px 0","global_padding":"","global_use_animation":"1","global_animation":"fadeInLeft","global_animationduration":"700","global_animationdelay":"600","hidden_md":"0","hidden_sm":"0","hidden_xs":"0","acl":null},"htmlContent":"<div id=\"sppb-addon-1499667001726\" class=\" sppb-wow fadeInLeft clearfix\"  data-sppb-wow-duration=\"700ms\" data-sppb-wow-delay=\"600ms\" ><div class=\"sppb-addon sppb-addon-feature sppb-text-left \"><div class=\"sppb-addon-content\"><span class=\"sppb-img-container\"><img class=\"sppb-img-responsive\" src=\"https://sppagebuilder.com/sample-data/images/2017/07/10/icon20.png\" alt=\"Interior\"><\/span><h3 class=\"sppb-addon-title sppb-feature-box-title\">Interior<\/h3><div class=\"sppb-addon-text\"><div style=\"color: #878787; font-size: 16px;\">Lorem Ipsum has been the industry's standard dummy text ever since the 1500s<\/div><\/div><\/div><\/div><\/div>","assets":{"css":"#sppb-addon-1499667001726 {\nmargin: 0 0 30px 0;\n}\n#sppb-addon-1499667001726 .sppb-addon-title {\nmargin-top:25px;margin-bottom:15px;color:rgba(51, 51, 51, 1);font-size:20px;line-height:20px;font-weight:700;}\n#sppb-addon-1499667001726 .sppb-img-container {display:inline-block;}"}}]},{"id":1494493363874,"class_name":"col-md-3","visibility":true,"settings":{"color":"","background":"","background_image":"","overlay":"","background_repeat":"no-repeat","background_size":"cover","background_attachment":"scroll","background_position":"0 0","padding":"0 0 0 0","class":"","sm_col":"col-sm-6","xs_col":"","hidden_xs":"","hidden_sm":"","hidden_md":"","animation":"","animationduration":"300","animationdelay":"0"},"addons":[{"id":1499667001731,"name":"feature","visibility":true,"settings":{"admin_label":"Engineering","title":"Engineering","heading_selector":"h3","title_position":"after","title_fontsize":"20","title_lineheight":"","title_fontstyle":null,"title_letterspace":"0","title_fontweight":"700","title_text_color":"rgba(51, 51, 51, 1)","title_margin_top":"25","title_margin_bottom":"15","title_url":"","url_appear":"title","feature_type":"image","feature_image":"https://sppagebuilder.com/sample-data/images/2017/07/10/icon21.png","icon_name":"fa-tachometer","icon_size":"48","icon_color":"rgba(184, 233, 134, 1)","icon_background":"","icon_border_color":"","icon_border_width":"","icon_border_radius":"","icon_margin_top":"","icon_margin_bottom":"","icon_padding":"","text":"<div style=\"color: #878787; font-size: 16px;\">Lorem Ipsum has been the industry's standard dummy text ever since the 1500s<\/div>","alignment":"sppb-text-left","class":"","global_text_color":"","global_link_color":"","global_link_hover_color":"","global_use_background":"0","global_background_color":"","global_background_image":"","global_background_repeat":"no-repeat","global_background_size":"cover","global_background_attachment":"inherit","global_user_border":"0","global_border_width":"","global_border_color":"","global_boder_style":"none","global_border_radius":"","global_margin":"0 0 30px 0","global_padding":"","global_use_animation":"1","global_animation":"fadeInLeft","global_animationduration":"700","global_animationdelay":"300","hidden_md":"0","hidden_sm":"0","hidden_xs":"0","acl":null},"htmlContent":"<div id=\"sppb-addon-1499667001731\" class=\" sppb-wow fadeInLeft clearfix\"  data-sppb-wow-duration=\"700ms\" data-sppb-wow-delay=\"300ms\" ><div class=\"sppb-addon sppb-addon-feature sppb-text-left \"><div class=\"sppb-addon-content\"><span class=\"sppb-img-container\"><img class=\"sppb-img-responsive\" src=\"https://sppagebuilder.com/sample-data/images/2017/07/10/icon21.png\" alt=\"Engineering\"><\/span><h3 class=\"sppb-addon-title sppb-feature-box-title\">Engineering<\/h3><div class=\"sppb-addon-text\"><div style=\"color: #878787; font-size: 16px;\">Lorem Ipsum has been the industry's standard dummy text ever since the 1500s<\/div><\/div><\/div><\/div><\/div>","assets":{"css":"#sppb-addon-1499667001731 {\nmargin: 0 0 30px 0;\n}\n#sppb-addon-1499667001731 .sppb-addon-title {\nmargin-top:25px;margin-bottom:15px;color:rgba(51, 51, 51, 1);font-size:20px;line-height:20px;font-weight:700;}\n#sppb-addon-1499667001731 .sppb-img-container {display:inline-block;}"}}]},{"id":1499667001681,"class_name":"col-md-3","visibility":true,"settings":{"color":"","background":"","background_image":"","overlay":"","background_repeat":"no-repeat","background_size":"cover","background_attachment":"scroll","background_position":"0 0","padding":"","class":"","sm_col":"col-sm-6","xs_col":"","hidden_xs":"","hidden_sm":"","hidden_md":"","animation":"","animationduration":"300","animationdelay":"0"},"addons":[{"id":1499667001736,"name":"feature","visibility":true,"settings":{"admin_label":"Landscape","title":"Landscape","heading_selector":"h3","title_position":"after","title_fontsize":"20","title_lineheight":"","title_fontstyle":null,"title_letterspace":"0","title_fontweight":"700","title_text_color":"rgba(51, 51, 51, 1)","title_margin_top":"25","title_margin_bottom":"15","title_url":"","url_appear":"title","feature_type":"image","feature_image":"https://sppagebuilder.com/sample-data/images/2017/07/10/icon22.png","icon_name":"fa-tachometer","icon_size":"48","icon_color":"rgba(184, 233, 134, 1)","icon_background":"","icon_border_color":"","icon_border_width":"","icon_border_radius":"","icon_margin_top":"","icon_margin_bottom":"","icon_padding":"","text":"<div style=\"color: #878787; font-size: 16px;\">Lorem Ipsum has been the industry's standard dummy text ever since the 1500s<\/div>","alignment":"sppb-text-left","class":"","global_text_color":"","global_link_color":"","global_link_hover_color":"","global_use_background":"0","global_background_color":"","global_background_image":"","global_background_repeat":"no-repeat","global_background_size":"cover","global_background_attachment":"inherit","global_user_border":"0","global_border_width":"","global_border_color":"","global_boder_style":"none","global_border_radius":"","global_margin":"0 0 30px 0","global_padding":"","global_use_animation":"1","global_animation":"fadeInLeft","global_animationduration":"700","global_animationdelay":"","hidden_md":"0","hidden_sm":"0","hidden_xs":"0","acl":null},"htmlContent":"<div id=\"sppb-addon-1499667001736\" class=\" sppb-wow fadeInLeft clearfix\"  data-sppb-wow-duration=\"700ms\" ><div class=\"sppb-addon sppb-addon-feature sppb-text-left \"><div class=\"sppb-addon-content\"><span class=\"sppb-img-container\"><img class=\"sppb-img-responsive\" src=\"https://sppagebuilder.com/sample-data/images/2017/07/10/icon22.png\" alt=\"Landscape\"><\/span><h3 class=\"sppb-addon-title sppb-feature-box-title\">Landscape<\/h3><div class=\"sppb-addon-text\"><div style=\"color: #878787; font-size: 16px;\">Lorem Ipsum has been the industry's standard dummy text ever since the 1500s<\/div><\/div><\/div><\/div><\/div>","assets":{"css":"#sppb-addon-1499667001736 {\nmargin: 0 0 30px 0;\n}\n#sppb-addon-1499667001736 .sppb-addon-title {\nmargin-top:25px;margin-bottom:15px;color:rgba(51, 51, 51, 1);font-size:20px;line-height:20px;font-weight:700;}\n#sppb-addon-1499667001736 .sppb-img-container {display:inline-block;}"}}]}]}]}]},{"id":1499666359299,"visibility":true,"collapse":false,"settings":{"admin_label":"Our Works","title":"","heading_selector":"h3","title_fontsize":"","title_fontweight":"","title_text_color":"","title_margin_top":"","title_margin_bottom":"","subtitle":"","subtitle_fontsize":"","title_position":"sppb-text-center","columns_equal_height":"0","fullscreen":"0","no_gutter":"0","id":"","class":"","padding":"100px 0px 100px 0px","margin":"0px 0px 0px 0px","color":"","background_color":"rgba(250, 250, 250, 1)","background_image":"","overlay":"","background_repeat":"no-repeat","background_size":"cover","background_attachment":"fixed","background_position":"0 0","background_video":"0","background_video_mp4":"","background_video_ogv":"","hidden_xs":"","hidden_sm":"","hidden_md":"","animation":"","animationduration":"300","animationdelay":"0"},"layout":"12","columns":[{"id":1499666359300,"class_name":"col-md-12","visibility":true,"settings":{},"addons":[{"id":1499666359303,"name":"heading","visibility":true,"settings":{"admin_label":"Our Works","title":"Our Works","heading_selector":"h2","use_link":"0","title_link":"","link_new_tab":"0","title_fontsize":"36","title_fontstyle":null,"title_fontweight":"700","title_lineheight":"","title_letterspace":"0","title_margin":"0px 0px 10px 0px","title_padding":"0px 0px 0px 0px","alignment":"sppb-text-center","class":"","global_text_color":"rgba(51, 51, 51, 1)","global_link_color":"","global_link_hover_color":"","global_use_background":"0","global_background_color":"","global_background_image":"","global_background_repeat":"no-repeat","global_background_size":"cover","global_background_attachment":"inherit","global_user_border":"0","global_border_width":"","global_border_color":"","global_boder_style":"none","global_border_radius":"","global_margin":"","global_padding":"","global_use_animation":"0","global_animation":"","global_animationduration":"300","global_animationdelay":"0","hidden_md":"0","hidden_sm":"0","hidden_xs":"0","acl":null}},{"id":1494493363864,"name":"heading","visibility":true,"settings":{"admin_label":"Take a look what we are offering to you","title":"Take a look what we are offering to you","heading_selector":"h3","use_link":"0","title_link":"","link_new_tab":"0","title_fontsize":"18","title_fontstyle":null,"title_fontweight":"300","title_lineheight":"1.25","title_letterspace":"0","title_margin":"0px 0px 20px 0px","title_padding":"0px 0px 0px 0px","alignment":"sppb-text-center","class":"","global_text_color":"rgba(153, 153, 153, 1)","global_link_color":"","global_link_hover_color":"","global_use_background":"0","global_background_color":"","global_background_image":"","global_background_repeat":"no-repeat","global_background_size":"cover","global_background_attachment":"inherit","global_user_border":"0","global_border_width":"","global_border_color":"","global_boder_style":"none","global_border_radius":"","global_margin":"","global_padding":"","global_use_animation":"0","global_animation":"","global_animationduration":"300","global_animationdelay":"0","hidden_md":"0","hidden_sm":"0","hidden_xs":"0","acl":null}},{"id":1499666359311,"type":"inner_row","settings":{"admin_label":"","title":"","heading_selector":"h3","title_fontsize":"","title_fontweight":"","title_text_color":"","title_margin_top":"","title_margin_bottom":"","subtitle":"","subtitle_fontsize":"","title_position":"sppb-text-center","columns_equal_height":"0","fullscreen":"0","no_gutter":"0","id":"","class":"","padding":"65px 0px 10px 0px","margin":"0px 0px 0px 0px","color":"","background_color":"","background_image":"","overlay":"","background_repeat":"no-repeat","background_size":"cover","background_attachment":"fixed","background_position":"0 0","background_video":"0","background_video_mp4":"","background_video_ogv":"","hidden_xs":"","hidden_sm":"","hidden_md":"","animation":"","animationduration":"300","animationdelay":"0"},"layout":"3,3,3,3","visibility":true,"columns":[{"id":1499247916331,"class_name":"col-md-3","visibility":true,"settings":{"color":"","background":"","background_image":"","overlay":"","background_repeat":"no-repeat","background_size":"cover","background_attachment":"scroll","background_position":"0 0","padding":"0 5px 0 5px","class":"","sm_col":"col-sm-6","xs_col":"","hidden_xs":"","hidden_sm":"","hidden_md":"","animation":"","animationduration":"300","animationdelay":"0"},"addons":[{"id":1499252017893,"name":"flip_box","visibility":true,"settings":{"admin_label":"Gallery image 1","flip_bhave":"hover","front_text":"","flip_text":"<h3 style=\"font-size: 14px;font-weight: 400;\">Architecture<\/h3>\n<h4 style=\"font-size: 20px;font-weight: 500;\">Interior Design<\/h4><br>\n<a href=\"#\" class=\"btn btn-primary\" style=\"background: #fff;color: #293340;font-size: 14px;border: none; padding: 11px 30px; border-radius: 5px;\">Live Demo<\/a>","class":"","flip_style":"slide_style","rotate":"flip_top","height":"255","text_align":"center","border_styles":null,"border_color":"","front_bgcolor":"","front_bgimg":"https://sppagebuilder.com/sample-data/images/2017/07/10/architect-gallery1.jpg","front_textcolor":"","back_bgcolor":"rgba(255, 209, 0, 1)","back_bgimg":"","back_textcolor":"rgba(51, 51, 51, 1)","global_text_color":"","global_link_color":"","global_link_hover_color":"","global_use_background":"0","global_background_color":"","global_background_image":"","global_background_repeat":"no-repeat","global_background_size":"cover","global_background_attachment":"inherit","global_user_border":"0","global_border_width":"","global_border_color":"","global_boder_style":"none","global_border_radius":"","global_margin":"0 0 40px 0","global_padding":"","global_use_animation":"0","global_animation":"","global_animationduration":"300","global_animationdelay":"0","hidden_md":"0","hidden_sm":"0","hidden_xs":"0","acl":null},"htmlContent":"<div id=\"sppb-addon-1499252017893\" class=\"clearfix\" ><div class=\"sppb-addon sppb-addon-sppb-flibox  slide-flipbox flip_top flipon-hover sppb-text-center\"><div class=\"sppb-flipbox-panel\"><div class=\"sppb-flipbox-front flip-box\"><div class=\"flip-box-inner\"><\/div><\/div><div class=\"sppb-flipbox-back flip-box\"><div class=\"flip-box-inner\"><h3 style=\"font-size: 14px;font-weight: 400;\">Architecture<\/h3>\n<h4 style=\"font-size: 20px;font-weight: 500;\">Interior Design<\/h4><br>\n<a href=\"#\" class=\"btn btn-primary\" style=\"background: #fff;color: #293340;font-size: 14px;border: none; padding: 11px 30px; border-radius: 5px;\">Live Demo<\/a><\/div><\/div><\/div><\/div><\/div>","assets":{"css":"#sppb-addon-1499252017893 {\nmargin: 0 0 40px 0;\n}\n#sppb-addon-1499252017893 .sppb-flipbox-panel {height: 255px;}#sppb-addon-1499252017893 .threeD-item {height: 255px;}#sppb-addon-1499252017893 .sppb-flipbox-front {background-image: url(https://sppagebuilder.com/sample-data/images/2017/07/10/architect-gallery1.jpg);}#sppb-addon-1499252017893 .threeD-flip-front {background-image: url(https://sppagebuilder.com/sample-data/images/2017/07/10/architect-gallery1.jpg);}#sppb-addon-1499252017893 .sppb-flipbox-back {color: rgba(51, 51, 51, 1);}#sppb-addon-1499252017893 .threeD-flip-back {color: rgba(51, 51, 51, 1);}#sppb-addon-1499252017893 .threeD-flip-back:before{background-color: rgba(255, 209, 0, 1);}#sppb-addon-1499252017893 .sppb-flipbox-back.flip-box:before{background-color: rgba(255, 209, 0, 1);}"}},{"id":1499667001813,"name":"flip_box","visibility":true,"settings":{"admin_label":"Gallery image 5","flip_bhave":"hover","front_text":"","flip_text":"<h3 style=\"font-size: 14px;font-weight: 400;\">Architecture<\/h3>\n<h4 style=\"font-size: 20px;font-weight: 500;\">Interior Design<\/h4><br>\n<a href=\"#\" class=\"btn btn-primary\" style=\"background: #fff;color: #293340;font-size: 14px;border: none; padding: 11px 30px; border-radius: 5px;\">Live Demo<\/a>","class":"","flip_style":"slide_style","rotate":"flip_top","height":"255","text_align":"center","border_styles":null,"border_color":"","front_bgcolor":"","front_bgimg":"https://sppagebuilder.com/sample-data/images/2017/07/10/architect-gallery5.png","front_textcolor":"","back_bgcolor":"rgba(255, 209, 0, 1)","back_bgimg":"","back_textcolor":"rgba(51, 51, 51, 1)","global_text_color":"","global_link_color":"","global_link_hover_color":"","global_use_background":"0","global_background_color":"","global_background_image":"","global_background_repeat":"no-repeat","global_background_size":"cover","global_background_attachment":"inherit","global_user_border":"0","global_border_width":"","global_border_color":"","global_boder_style":"none","global_border_radius":"","global_margin":"0 0 40px 0","global_padding":"","global_use_animation":"0","global_animation":"","global_animationduration":"300","global_animationdelay":"0","hidden_md":"0","hidden_sm":"0","hidden_xs":"0","acl":null},"htmlContent":"<div id=\"sppb-addon-1499667001813\" class=\"clearfix\" ><div class=\"sppb-addon sppb-addon-sppb-flibox  slide-flipbox flip_top flipon-hover sppb-text-center\"><div class=\"sppb-flipbox-panel\"><div class=\"sppb-flipbox-front flip-box\"><div class=\"flip-box-inner\"><\/div><\/div><div class=\"sppb-flipbox-back flip-box\"><div class=\"flip-box-inner\"><h3 style=\"font-size: 14px;font-weight: 400;\">Architecture<\/h3>\n<h4 style=\"font-size: 20px;font-weight: 500;\">Interior Design<\/h4><br>\n<a href=\"#\" class=\"btn btn-primary\" style=\"background: #fff;color: #293340;font-size: 14px;border: none; padding: 11px 30px; border-radius: 5px;\">Live Demo<\/a><\/div><\/div><\/div><\/div><\/div>","assets":{"css":"#sppb-addon-1499667001813 {\nmargin: 0 0 40px 0;\n}\n#sppb-addon-1499667001813 .sppb-flipbox-panel {height: 255px;}#sppb-addon-1499667001813 .threeD-item {height: 255px;}#sppb-addon-1499667001813 .sppb-flipbox-front {background-image: url(https://sppagebuilder.com/sample-data/images/2017/07/10/architect-gallery5.png);}#sppb-addon-1499667001813 .threeD-flip-front {background-image: url(https://sppagebuilder.com/sample-data/images/2017/07/10/architect-gallery5.png);}#sppb-addon-1499667001813 .sppb-flipbox-back {color: rgba(51, 51, 51, 1);}#sppb-addon-1499667001813 .threeD-flip-back {color: rgba(51, 51, 51, 1);}#sppb-addon-1499667001813 .threeD-flip-back:before{background-color: rgba(255, 209, 0, 1);}#sppb-addon-1499667001813 .sppb-flipbox-back.flip-box:before{background-color: rgba(255, 209, 0, 1);}"}}]},{"id":1499325986818,"class_name":"col-md-3","visibility":true,"settings":{"color":"","background":"","background_image":"","overlay":"","background_repeat":"no-repeat","background_size":"cover","background_attachment":"scroll","background_position":"0 0","padding":"0 5px 0 5px","class":"","sm_col":"col-sm-6","xs_col":"","hidden_xs":"","hidden_sm":"","hidden_md":"","animation":"","animationduration":"300","animationdelay":"0"},"addons":[{"id":1499667001828,"name":"flip_box","visibility":true,"settings":{"admin_label":"Gallery image 2","flip_bhave":"hover","front_text":"","flip_text":"<h3 style=\"font-size: 14px;font-weight: 400;\">Architecture<\/h3>\n<h4 style=\"font-size: 20px;font-weight: 500;\">Interior Design<\/h4><br>\n<a href=\"#\" class=\"btn btn-primary\" style=\"background: #fff;color: #293340;font-size: 14px;border: none; padding: 11px 30px; border-radius: 5px;\">Live Demo<\/a>","class":"","flip_style":"slide_style","rotate":"flip_top","height":"255","text_align":"center","border_styles":null,"border_color":"","front_bgcolor":"","front_bgimg":"https://sppagebuilder.com/sample-data/images/2017/07/10/architect-gallery2.jpg","front_textcolor":"","back_bgcolor":"rgba(255, 209, 0, 1)","back_bgimg":"","back_textcolor":"rgba(51, 51, 51, 1)","global_text_color":"","global_link_color":"","global_link_hover_color":"","global_use_background":"0","global_background_color":"","global_background_image":"","global_background_repeat":"no-repeat","global_background_size":"cover","global_background_attachment":"inherit","global_user_border":"0","global_border_width":"","global_border_color":"","global_boder_style":"none","global_border_radius":"","global_margin":"0 0 40px 0","global_padding":"","global_use_animation":"0","global_animation":"","global_animationduration":"300","global_animationdelay":"0","hidden_md":"0","hidden_sm":"0","hidden_xs":"0","acl":null},"htmlContent":"<div id=\"sppb-addon-1499667001828\" class=\"clearfix\" ><div class=\"sppb-addon sppb-addon-sppb-flibox  slide-flipbox flip_top flipon-hover sppb-text-center\"><div class=\"sppb-flipbox-panel\"><div class=\"sppb-flipbox-front flip-box\"><div class=\"flip-box-inner\"><\/div><\/div><div class=\"sppb-flipbox-back flip-box\"><div class=\"flip-box-inner\"><h3 style=\"font-size: 14px;font-weight: 400;\">Architecture<\/h3>\n<h4 style=\"font-size: 20px;font-weight: 500;\">Interior Design<\/h4><br>\n<a href=\"#\" class=\"btn btn-primary\" style=\"background: #fff;color: #293340;font-size: 14px;border: none; padding: 11px 30px; border-radius: 5px;\">Live Demo<\/a><\/div><\/div><\/div><\/div><\/div>","assets":{"css":"#sppb-addon-1499667001828 {\nmargin: 0 0 40px 0;\n}\n#sppb-addon-1499667001828 .sppb-flipbox-panel {height: 255px;}#sppb-addon-1499667001828 .threeD-item {height: 255px;}#sppb-addon-1499667001828 .sppb-flipbox-front {background-image: url(https://sppagebuilder.com/sample-data/images/2017/07/10/architect-gallery2.jpg);}#sppb-addon-1499667001828 .threeD-flip-front {background-image: url(https://sppagebuilder.com/sample-data/images/2017/07/10/architect-gallery2.jpg);}#sppb-addon-1499667001828 .sppb-flipbox-back {color: rgba(51, 51, 51, 1);}#sppb-addon-1499667001828 .threeD-flip-back {color: rgba(51, 51, 51, 1);}#sppb-addon-1499667001828 .threeD-flip-back:before{background-color: rgba(255, 209, 0, 1);}#sppb-addon-1499667001828 .sppb-flipbox-back.flip-box:before{background-color: rgba(255, 209, 0, 1);}"}},{"id":1499667001823,"name":"flip_box","visibility":true,"settings":{"admin_label":"Gallery image 6","flip_bhave":"hover","front_text":"","flip_text":"<h3 style=\"font-size: 14px;font-weight: 400;\">Architecture<\/h3>\n<h4 style=\"font-size: 20px;font-weight: 500;\">Interior Design<\/h4><br>\n<a href=\"#\" class=\"btn btn-primary\" style=\"background: #fff;color: #293340;font-size: 14px;border: none; padding: 11px 30px; border-radius: 5px;\">Live Demo<\/a>","class":"","flip_style":"slide_style","rotate":"flip_top","height":"255","text_align":"center","border_styles":null,"border_color":"","front_bgcolor":"","front_bgimg":"https://sppagebuilder.com/sample-data/images/2017/07/10/architect-gallery6.png","front_textcolor":"","back_bgcolor":"rgba(255, 209, 0, 1)","back_bgimg":"","back_textcolor":"rgba(51, 51, 51, 1)","global_text_color":"","global_link_color":"","global_link_hover_color":"","global_use_background":"0","global_background_color":"","global_background_image":"","global_background_repeat":"no-repeat","global_background_size":"cover","global_background_attachment":"inherit","global_user_border":"0","global_border_width":"","global_border_color":"","global_boder_style":"none","global_border_radius":"","global_margin":"0 0 40px 0","global_padding":"","global_use_animation":"0","global_animation":"","global_animationduration":"300","global_animationdelay":"0","hidden_md":"0","hidden_sm":"0","hidden_xs":"0","acl":null},"htmlContent":"<div id=\"sppb-addon-1499667001823\" class=\"clearfix\" ><div class=\"sppb-addon sppb-addon-sppb-flibox  slide-flipbox flip_top flipon-hover sppb-text-center\"><div class=\"sppb-flipbox-panel\"><div class=\"sppb-flipbox-front flip-box\"><div class=\"flip-box-inner\"><\/div><\/div><div class=\"sppb-flipbox-back flip-box\"><div class=\"flip-box-inner\"><h3 style=\"font-size: 14px;font-weight: 400;\">Architecture<\/h3>\n<h4 style=\"font-size: 20px;font-weight: 500;\">Interior Design<\/h4><br>\n<a href=\"#\" class=\"btn btn-primary\" style=\"background: #fff;color: #293340;font-size: 14px;border: none; padding: 11px 30px; border-radius: 5px;\">Live Demo<\/a><\/div><\/div><\/div><\/div><\/div>","assets":{"css":"#sppb-addon-1499667001823 {\nmargin: 0 0 40px 0;\n}\n#sppb-addon-1499667001823 .sppb-flipbox-panel {height: 255px;}#sppb-addon-1499667001823 .threeD-item {height: 255px;}#sppb-addon-1499667001823 .sppb-flipbox-front {background-image: url(https://sppagebuilder.com/sample-data/images/2017/07/10/architect-gallery6.png);}#sppb-addon-1499667001823 .threeD-flip-front {background-image: url(https://sppagebuilder.com/sample-data/images/2017/07/10/architect-gallery6.png);}#sppb-addon-1499667001823 .sppb-flipbox-back {color: rgba(51, 51, 51, 1);}#sppb-addon-1499667001823 .threeD-flip-back {color: rgba(51, 51, 51, 1);}#sppb-addon-1499667001823 .threeD-flip-back:before{background-color: rgba(255, 209, 0, 1);}#sppb-addon-1499667001823 .sppb-flipbox-back.flip-box:before{background-color: rgba(255, 209, 0, 1);}"}}]},{"id":1499325986819,"class_name":"col-md-3","visibility":true,"settings":{"color":"","background":"","background_image":"","overlay":"","background_repeat":"no-repeat","background_size":"cover","background_attachment":"scroll","background_position":"0 0","padding":"0 5px 0 5px","class":"","sm_col":"col-sm-6","xs_col":"","hidden_xs":"","hidden_sm":"","hidden_md":"","animation":"","animationduration":"300","animationdelay":"0"},"addons":[{"id":1499667001838,"name":"flip_box","visibility":true,"settings":{"admin_label":"Gallery image 3","flip_bhave":"hover","front_text":"","flip_text":"<h3 style=\"font-size: 14px;font-weight: 400;\">Architecture<\/h3>\n<h4 style=\"font-size: 20px;font-weight: 500;\">Interior Design<\/h4><br>\n<a href=\"#\" class=\"btn btn-primary\" style=\"background: #fff;color: #293340;font-size: 14px;border: none; padding: 11px 30px; border-radius: 5px;\">Live Demo<\/a>","class":"","flip_style":"slide_style","rotate":"flip_top","height":"255","text_align":"center","border_styles":null,"border_color":"","front_bgcolor":"","front_bgimg":"https://sppagebuilder.com/sample-data/images/2017/07/10/architect-gallery3.jpg","front_textcolor":"","back_bgcolor":"rgba(255, 209, 0, 1)","back_bgimg":"","back_textcolor":"rgba(51, 51, 51, 1)","global_text_color":"","global_link_color":"","global_link_hover_color":"","global_use_background":"0","global_background_color":"","global_background_image":"","global_background_repeat":"no-repeat","global_background_size":"cover","global_background_attachment":"inherit","global_user_border":"0","global_border_width":"","global_border_color":"","global_boder_style":"none","global_border_radius":"","global_margin":"0 0 40px 0","global_padding":"","global_use_animation":"0","global_animation":"","global_animationduration":"300","global_animationdelay":"0","hidden_md":"0","hidden_sm":"0","hidden_xs":"0","acl":null},"htmlContent":"<div id=\"sppb-addon-1499667001838\" class=\"clearfix\" ><div class=\"sppb-addon sppb-addon-sppb-flibox  slide-flipbox flip_top flipon-hover sppb-text-center\"><div class=\"sppb-flipbox-panel\"><div class=\"sppb-flipbox-front flip-box\"><div class=\"flip-box-inner\"><\/div><\/div><div class=\"sppb-flipbox-back flip-box\"><div class=\"flip-box-inner\"><h3 style=\"font-size: 14px;font-weight: 400;\">Architecture<\/h3>\n<h4 style=\"font-size: 20px;font-weight: 500;\">Interior Design<\/h4><br>\n<a href=\"#\" class=\"btn btn-primary\" style=\"background: #fff;color: #293340;font-size: 14px;border: none; padding: 11px 30px; border-radius: 5px;\">Live Demo<\/a><\/div><\/div><\/div><\/div><\/div>","assets":{"css":"#sppb-addon-1499667001838 {\nmargin: 0 0 40px 0;\n}\n#sppb-addon-1499667001838 .sppb-flipbox-panel {height: 255px;}#sppb-addon-1499667001838 .threeD-item {height: 255px;}#sppb-addon-1499667001838 .sppb-flipbox-front {background-image: url(https://sppagebuilder.com/sample-data/images/2017/07/10/architect-gallery3.jpg);}#sppb-addon-1499667001838 .threeD-flip-front {background-image: url(https://sppagebuilder.com/sample-data/images/2017/07/10/architect-gallery3.jpg);}#sppb-addon-1499667001838 .sppb-flipbox-back {color: rgba(51, 51, 51, 1);}#sppb-addon-1499667001838 .threeD-flip-back {color: rgba(51, 51, 51, 1);}#sppb-addon-1499667001838 .threeD-flip-back:before{background-color: rgba(255, 209, 0, 1);}#sppb-addon-1499667001838 .sppb-flipbox-back.flip-box:before{background-color: rgba(255, 209, 0, 1);}"}},{"id":1499667001833,"name":"flip_box","visibility":true,"settings":{"admin_label":"Gallery image 7","flip_bhave":"hover","front_text":"","flip_text":"<h3 style=\"font-size: 14px;font-weight: 400;\">Architecture<\/h3>\n<h4 style=\"font-size: 20px;font-weight: 500;\">Interior Design<\/h4><br>\n<a href=\"#\" class=\"btn btn-primary\" style=\"background: #fff;color: #293340;font-size: 14px;border: none; padding: 11px 30px; border-radius: 5px;\">Live Demo<\/a>","class":"","flip_style":"slide_style","rotate":"flip_top","height":"255","text_align":"center","border_styles":null,"border_color":"","front_bgcolor":"","front_bgimg":"https://sppagebuilder.com/sample-data/images/2017/07/10/architect-gallery7.jpg","front_textcolor":"","back_bgcolor":"rgba(255, 209, 0, 1)","back_bgimg":"","back_textcolor":"rgba(51, 51, 51, 1)","global_text_color":"","global_link_color":"","global_link_hover_color":"","global_use_background":"0","global_background_color":"","global_background_image":"","global_background_repeat":"no-repeat","global_background_size":"cover","global_background_attachment":"inherit","global_user_border":"0","global_border_width":"","global_border_color":"","global_boder_style":"none","global_border_radius":"","global_margin":"0 0 40px 0","global_padding":"","global_use_animation":"0","global_animation":"","global_animationduration":"300","global_animationdelay":"0","hidden_md":"0","hidden_sm":"0","hidden_xs":"0","acl":null},"htmlContent":"<div id=\"sppb-addon-1499667001833\" class=\"clearfix\" ><div class=\"sppb-addon sppb-addon-sppb-flibox  slide-flipbox flip_top flipon-hover sppb-text-center\"><div class=\"sppb-flipbox-panel\"><div class=\"sppb-flipbox-front flip-box\"><div class=\"flip-box-inner\"><\/div><\/div><div class=\"sppb-flipbox-back flip-box\"><div class=\"flip-box-inner\"><h3 style=\"font-size: 14px;font-weight: 400;\">Architecture<\/h3>\n<h4 style=\"font-size: 20px;font-weight: 500;\">Interior Design<\/h4><br>\n<a href=\"#\" class=\"btn btn-primary\" style=\"background: #fff;color: #293340;font-size: 14px;border: none; padding: 11px 30px; border-radius: 5px;\">Live Demo<\/a><\/div><\/div><\/div><\/div><\/div>","assets":{"css":"#sppb-addon-1499667001833 {\nmargin: 0 0 40px 0;\n}\n#sppb-addon-1499667001833 .sppb-flipbox-panel {height: 255px;}#sppb-addon-1499667001833 .threeD-item {height: 255px;}#sppb-addon-1499667001833 .sppb-flipbox-front {background-image: url(https://sppagebuilder.com/sample-data/images/2017/07/10/architect-gallery7.jpg);}#sppb-addon-1499667001833 .threeD-flip-front {background-image: url(https://sppagebuilder.com/sample-data/images/2017/07/10/architect-gallery7.jpg);}#sppb-addon-1499667001833 .sppb-flipbox-back {color: rgba(51, 51, 51, 1);}#sppb-addon-1499667001833 .threeD-flip-back {color: rgba(51, 51, 51, 1);}#sppb-addon-1499667001833 .threeD-flip-back:before{background-color: rgba(255, 209, 0, 1);}#sppb-addon-1499667001833 .sppb-flipbox-back.flip-box:before{background-color: rgba(255, 209, 0, 1);}"}}]},{"id":1499325986820,"class_name":"col-md-3","visibility":true,"settings":{"color":"","background":"","background_image":"","overlay":"","background_repeat":"no-repeat","background_size":"cover","background_attachment":"scroll","background_position":"0 0","padding":"0 5px 0 5px","class":"","sm_col":"col-sm-6","xs_col":"","hidden_xs":"","hidden_sm":"","hidden_md":"","animation":"","animationduration":"300","animationdelay":"0"},"addons":[{"id":1499667001818,"name":"flip_box","visibility":true,"settings":{"admin_label":"Gallery image 4","flip_bhave":"hover","front_text":"","flip_text":"<h3 style=\"font-size: 14px;font-weight: 400;\">Architecture<\/h3>\n<h4 style=\"font-size: 20px;font-weight: 500;\">Interior Design<\/h4><br>\n<a href=\"#\" class=\"btn btn-primary\" style=\"background: #fff;color: #293340;font-size: 14px;border: none; padding: 11px 30px; border-radius: 5px;\">Live Demo<\/a>","class":"","flip_style":"slide_style","rotate":"flip_top","height":"255","text_align":"center","border_styles":null,"border_color":"","front_bgcolor":"","front_bgimg":"https://sppagebuilder.com/sample-data/images/2017/07/10/architect-gallery4.jpg","front_textcolor":"","back_bgcolor":"rgba(255, 209, 0, 1)","back_bgimg":"","back_textcolor":"rgba(51, 51, 51, 1)","global_text_color":"","global_link_color":"","global_link_hover_color":"","global_use_background":"0","global_background_color":"","global_background_image":"","global_background_repeat":"no-repeat","global_background_size":"cover","global_background_attachment":"inherit","global_user_border":"0","global_border_width":"","global_border_color":"","global_boder_style":"none","global_border_radius":"","global_margin":"0 0 40px 0","global_padding":"","global_use_animation":"0","global_animation":"","global_animationduration":"300","global_animationdelay":"0","hidden_md":"0","hidden_sm":"0","hidden_xs":"0","acl":null},"htmlContent":"<div id=\"sppb-addon-1499667001818\" class=\"clearfix\" ><div class=\"sppb-addon sppb-addon-sppb-flibox  slide-flipbox flip_top flipon-hover sppb-text-center\"><div class=\"sppb-flipbox-panel\"><div class=\"sppb-flipbox-front flip-box\"><div class=\"flip-box-inner\"><\/div><\/div><div class=\"sppb-flipbox-back flip-box\"><div class=\"flip-box-inner\"><h3 style=\"font-size: 14px;font-weight: 400;\">Architecture<\/h3>\n<h4 style=\"font-size: 20px;font-weight: 500;\">Interior Design<\/h4><br>\n<a href=\"#\" class=\"btn btn-primary\" style=\"background: #fff;color: #293340;font-size: 14px;border: none; padding: 11px 30px; border-radius: 5px;\">Live Demo<\/a><\/div><\/div><\/div><\/div><\/div>","assets":{"css":"#sppb-addon-1499667001818 {\nmargin: 0 0 40px 0;\n}\n#sppb-addon-1499667001818 .sppb-flipbox-panel {height: 255px;}#sppb-addon-1499667001818 .threeD-item {height: 255px;}#sppb-addon-1499667001818 .sppb-flipbox-front {background-image: url(https://sppagebuilder.com/sample-data/images/2017/07/10/architect-gallery4.jpg);}#sppb-addon-1499667001818 .threeD-flip-front {background-image: url(https://sppagebuilder.com/sample-data/images/2017/07/10/architect-gallery4.jpg);}#sppb-addon-1499667001818 .sppb-flipbox-back {color: rgba(51, 51, 51, 1);}#sppb-addon-1499667001818 .threeD-flip-back {color: rgba(51, 51, 51, 1);}#sppb-addon-1499667001818 .threeD-flip-back:before{background-color: rgba(255, 209, 0, 1);}#sppb-addon-1499667001818 .sppb-flipbox-back.flip-box:before{background-color: rgba(255, 209, 0, 1);}"}},{"id":1499667001843,"name":"flip_box","visibility":true,"settings":{"admin_label":"Gallery image 1","flip_bhave":"hover","front_text":"","flip_text":"<h3 style=\"font-size: 14px;font-weight: 400;\">Architecture<\/h3>\n<h4 style=\"font-size: 20px;font-weight: 500;\">Interior Design<\/h4><br>\n<a href=\"#\" class=\"btn btn-primary\" style=\"background: #fff;color: #293340;font-size: 14px;border: none; padding: 11px 30px; border-radius: 5px;\">Live Demo<\/a>","class":"","flip_style":"slide_style","rotate":"flip_top","height":"255","text_align":"center","border_styles":null,"border_color":"","front_bgcolor":"","front_bgimg":"https://sppagebuilder.com/sample-data/images/2017/07/10/architect-gallery1.jpg","front_textcolor":"","back_bgcolor":"rgba(255, 209, 0, 1)","back_bgimg":"","back_textcolor":"rgba(51, 51, 51, 1)","global_text_color":"","global_link_color":"","global_link_hover_color":"","global_use_background":"0","global_background_color":"","global_background_image":"","global_background_repeat":"no-repeat","global_background_size":"cover","global_background_attachment":"inherit","global_user_border":"0","global_border_width":"","global_border_color":"","global_boder_style":"none","global_border_radius":"","global_margin":"0 0 40px 0","global_padding":"","global_use_animation":"0","global_animation":"","global_animationduration":"300","global_animationdelay":"0","hidden_md":"0","hidden_sm":"0","hidden_xs":"0","acl":null},"htmlContent":"<div id=\"sppb-addon-1499667001843\" class=\"clearfix\" ><div class=\"sppb-addon sppb-addon-sppb-flibox  slide-flipbox flip_top flipon-hover sppb-text-center\"><div class=\"sppb-flipbox-panel\"><div class=\"sppb-flipbox-front flip-box\"><div class=\"flip-box-inner\"><\/div><\/div><div class=\"sppb-flipbox-back flip-box\"><div class=\"flip-box-inner\"><h3 style=\"font-size: 14px;font-weight: 400;\">Architecture<\/h3>\n<h4 style=\"font-size: 20px;font-weight: 500;\">Interior Design<\/h4><br>\n<a href=\"#\" class=\"btn btn-primary\" style=\"background: #fff;color: #293340;font-size: 14px;border: none; padding: 11px 30px; border-radius: 5px;\">Live Demo<\/a><\/div><\/div><\/div><\/div><\/div>","assets":{"css":"#sppb-addon-1499667001843 {\nmargin: 0 0 40px 0;\n}\n#sppb-addon-1499667001843 .sppb-flipbox-panel {height: 255px;}#sppb-addon-1499667001843 .threeD-item {height: 255px;}#sppb-addon-1499667001843 .sppb-flipbox-front {background-image: url(https://sppagebuilder.com/sample-data/images/2017/07/10/architect-gallery1.jpg);}#sppb-addon-1499667001843 .threeD-flip-front {background-image: url(https://sppagebuilder.com/sample-data/images/2017/07/10/architect-gallery1.jpg);}#sppb-addon-1499667001843 .sppb-flipbox-back {color: rgba(51, 51, 51, 1);}#sppb-addon-1499667001843 .threeD-flip-back {color: rgba(51, 51, 51, 1);}#sppb-addon-1499667001843 .threeD-flip-back:before{background-color: rgba(255, 209, 0, 1);}#sppb-addon-1499667001843 .sppb-flipbox-back.flip-box:before{background-color: rgba(255, 209, 0, 1);}"}}]}]},{"id":1499671032844,"name":"button","visibility":true,"settings":{"admin_label":"Load More","text":"Load More","alignment":"sppb-text-center","fontstyle":["uppercase","bold"],"letterspace":"0","url":"#","target":"","type":"custom","appearance":"","background_color":"rgba(255, 209, 0, 1)","color":"rgba(51, 51, 51, 1)","background_color_hover":"rgba(224, 195, 4, 1)","color_hover":"rgba(51, 51, 51, 1)","button_padding":"12px 40px 12px 40px","size":"","shape":"rounded","block":"","icon":"","icon_position":"left","class":"","global_text_color":"","global_link_color":"","global_link_hover_color":"","global_use_background":"0","global_background_color":"","global_background_image":"","global_background_repeat":"no-repeat","global_background_size":"cover","global_background_attachment":"inherit","global_user_border":"0","global_border_width":"","global_border_color":"","global_boder_style":"none","global_border_radius":"","global_margin":"","global_padding":"","global_use_animation":"0","global_animation":"","global_animationduration":"300","global_animationdelay":"0","hidden_md":"0","hidden_sm":"0","hidden_xs":"0","acl":null}}]}]},{"id":1499332143051,"visibility":true,"collapse":false,"settings":{"admin_label":"Testimonial","title":"","heading_selector":"h3","title_fontsize":"","title_fontweight":"","title_text_color":"","title_margin_top":"","title_margin_bottom":"","subtitle":"","subtitle_fontsize":"","title_position":"sppb-text-center","columns_equal_height":"0","fullscreen":"0","no_gutter":"0","id":"","class":"","padding":"95px 0px 50px 0px","margin":"0px 0px 0px 0px","color":"","background_color":"","background_image":"","overlay":"","background_repeat":"no-repeat","background_size":"cover","background_attachment":"fixed","background_position":"0 0","background_video":"0","background_video_mp4":"","background_video_ogv":"","hidden_xs":"","hidden_sm":"","hidden_md":"","animation":"","animationduration":"300","animationdelay":"0"},"layout":"12","columns":[{"id":1499332143052,"class_name":"col-md-12","visibility":true,"settings":{},"addons":[{"id":1499665542781,"name":"heading","visibility":true,"settings":{"admin_label":"Testimonial","title":"Testimonial","heading_selector":"h2","use_link":"0","title_link":"","link_new_tab":"0","title_fontsize":"36","title_fontstyle":null,"title_fontweight":"700","title_lineheight":"","title_letterspace":"0","title_margin":"0px 0px 10px 0px","title_padding":"0px 0px 0px 0px","alignment":"sppb-text-center","class":"","global_text_color":"rgba(51, 51, 51, 1)","global_link_color":"","global_link_hover_color":"","global_use_background":"0","global_background_color":"","global_background_image":"","global_background_repeat":"no-repeat","global_background_size":"cover","global_background_attachment":"inherit","global_user_border":"0","global_border_width":"","global_border_color":"","global_boder_style":"none","global_border_radius":"","global_margin":"","global_padding":"","global_use_animation":"0","global_animation":"","global_animationduration":"300","global_animationdelay":"0","hidden_md":"0","hidden_sm":"0","hidden_xs":"0","acl":null}},{"id":1499665542784,"name":"heading","visibility":true,"settings":{"admin_label":"Take a what our customer says about us","title":"Take a what our customer says about us","heading_selector":"h3","use_link":"0","title_link":"","link_new_tab":"0","title_fontsize":"18","title_fontstyle":null,"title_fontweight":"300","title_lineheight":"1.25","title_letterspace":"0","title_margin":"0px 0px 20px 0px","title_padding":"0px 0px 0px 0px","alignment":"sppb-text-center","class":"","global_text_color":"rgba(117, 117, 117, 1)","global_link_color":"","global_link_hover_color":"","global_use_background":"0","global_background_color":"","global_background_image":"","global_background_repeat":"no-repeat","global_background_size":"cover","global_background_attachment":"inherit","global_user_border":"0","global_border_width":"","global_border_color":"","global_boder_style":"none","global_border_radius":"","global_margin":"","global_padding":"","global_use_animation":"0","global_animation":"","global_animationduration":"300","global_animationdelay":"0","hidden_md":"0","hidden_sm":"0","hidden_xs":"0","acl":null}},{"id":1499332876822,"type":"inner_row","settings":{"admin_label":"","title":"","heading_selector":"h3","title_fontsize":"","title_fontweight":"","title_text_color":"","title_margin_top":"","title_margin_bottom":"","subtitle":"","subtitle_fontsize":"","title_position":"sppb-text-center","columns_equal_height":"0","fullscreen":"0","no_gutter":"0","id":"","class":"","padding":"60px 0px 50px 0px","margin":"0px 0px 0px 0px","color":"","background_color":"","background_image":"","overlay":"","background_repeat":"no-repeat","background_size":"cover","background_attachment":"fixed","background_position":"0 0","background_video":"0","background_video_mp4":"","background_video_ogv":"","hidden_xs":"","hidden_sm":"","hidden_md":"","animation":"","animationduration":"300","animationdelay":"0"},"layout":"2,8,2","visibility":true,"columns":[{"id":1499332876823,"class_name":"col-md-2","visibility":true,"settings":{},"addons":[]},{"id":1499332876826,"class_name":"col-md-8","visibility":true,"settings":{},"addons":[{"id":1499317725401,"name":"testimonialpro","visibility":true,"settings":{"autoplay":"1","arrows":"1","class":"","sp_testimonialpro_item":[{"title":"Jon Don","avatar":"https://sppagebuilder.com/sample-data/images/2017/07/06/client1.png","avatar_style":"sppb-img-circle","message":"\tIt is a long established fact that a reader will be distracted by the readable content of a page when looking at its layout. The point of using Lorem Ipsum is that it has a more-or-less normal distribution of letters, as opposed to using 'Content here, content here', making it look like readable English.","url":""},{"title":"Selena Gomez","avatar":"https://sppagebuilder.com/sample-data/images/2017/07/06/client2.png","avatar_style":"sppb-img-circle","message":"\tIt is a long established fact that a reader will be distracted by the readable content of a page when looking at its layout. The point of using Lorem Ipsum is that it has a more-or-less normal distribution of letters, as opposed to using 'Content here, content here', making it look like readable English.","url":""}],"global_text_color":"","global_link_color":"","global_link_hover_color":"","global_use_background":"0","global_background_color":"","global_background_image":"","global_background_repeat":"no-repeat","global_background_size":"cover","global_background_attachment":"inherit","global_user_border":"0","global_border_width":"","global_border_color":"","global_boder_style":"none","global_border_radius":"","global_margin":"","global_padding":"","global_use_animation":"0","global_animation":"","global_animationduration":"300","global_animationdelay":"0","hidden_md":"0","hidden_sm":"0","hidden_xs":"0","acl":null,"dynamicId":1499317725401},"htmlContent":"<div id=\"sppb-addon-1499317725401\" class=\"clearfix\" ><div class=\"sppb-carousel sppb-testimonial-pro sppb-slide  sppb-text-center\" data-sppb-ride=\"sppb-carousel\"><div class=\"sppb-carousel-inner\"><div class=\"sppb-item\"><img class=\"sppb-img-responsive sppb-avatar sppb-img-circle\" src=\"https://sppagebuilder.com/sample-data/images/2017/07/06/client1.png\" alt=\"\"><div class=\"sppb-testimonial-message\">\tIt is a long established fact that a reader will be distracted by the readable content of a page when looking at its layout. The point of using Lorem Ipsum is that it has a more-or-less normal distribution of letters, as opposed to using 'Content here, content here', making it look like readable English.<\/div><div class=\"sppb-testimonial-client\"><strong class=\"pro-client-name\">Jon Don<\/strong><\/div><\/div><div class=\"sppb-item\"><img class=\"sppb-img-responsive sppb-avatar sppb-img-circle\" src=\"https://sppagebuilder.com/sample-data/images/2017/07/06/client2.png\" alt=\"\"><div class=\"sppb-testimonial-message\">\tIt is a long established fact that a reader will be distracted by the readable content of a page when looking at its layout. The point of using Lorem Ipsum is that it has a more-or-less normal distribution of letters, as opposed to using 'Content here, content here', making it look like readable English.<\/div><div class=\"sppb-testimonial-client\"><strong class=\"pro-client-name\">Selena Gomez<\/strong><\/div><\/div><\/div><a class=\"left sppb-carousel-control\" role=\"button\" data-slide=\"prev\"><i class=\"fa fa-angle-left\"><\/i><\/a><a class=\"right sppb-carousel-control\" role=\"button\" data-slide=\"next\"><i class=\"fa fa-angle-right\"><\/i><\/a><\/div><\/div>","assets":[]}]},{"id":1499332876827,"class_name":"col-md-2","visibility":true,"settings":{},"addons":[]}]}]}]},{"id":1499667001880,"visibility":true,"collapse":false,"settings":{"admin_label":"CTA","title":"","heading_selector":"h3","title_fontsize":"","title_fontweight":"","title_text_color":"","title_margin_top":"","title_margin_bottom":"","subtitle":"","subtitle_fontsize":"","title_position":"sppb-text-center","columns_equal_height":"0","fullscreen":"0","no_gutter":"0","id":"","class":"","padding":"70px 0px 100px 0px","margin":"0px 0px 0px 0px","color":"rgba(51, 51, 51, 1)","background_color":"rgba(255, 209, 0, 1)","background_image":"","overlay":"","background_repeat":"no-repeat","background_size":"cover","background_attachment":"fixed","background_position":"0 0","background_video":"0","background_video_mp4":"","background_video_ogv":"","hidden_xs":"","hidden_sm":"","hidden_md":"","animation":"","animationduration":"300","animationdelay":"0"},"layout":"12","columns":[{"id":1499667001881,"class_name":"col-md-12","visibility":true,"settings":{},"addons":[{"id":1499673147612,"name":"feature","visibility":true,"settings":{"admin_label":"5 Reasons To Choose Us","title":"5 Reasons To Choose Us","heading_selector":"h2","title_position":"before","title_fontsize":"36","title_lineheight":"","title_fontstyle":null,"title_letterspace":"0","title_fontweight":"700","title_text_color":"rgba(51, 51, 51, 1)","title_margin_top":"","title_margin_bottom":"30","title_url":"","url_appear":"title","feature_type":"icon","feature_image":"","icon_name":"","icon_size":"36","icon_color":"","icon_background":"","icon_border_color":"","icon_border_width":"","icon_border_radius":"","icon_margin_top":"","icon_margin_bottom":"","icon_padding":"","text":"\t\t\t\tIt is a long established fact that a reader will be distracted by the readable content of a page when<br \/> looking at its layout. The point of using Lorem Ipsum is that it has.","alignment":"sppb-text-center","class":"","global_text_color":"","global_link_color":"","global_link_hover_color":"","global_use_background":"0","global_background_color":"","global_background_image":"","global_background_repeat":"no-repeat","global_background_size":"cover","global_background_attachment":"inherit","global_user_border":"0","global_border_width":"","global_border_color":"","global_boder_style":"none","global_border_radius":"","global_margin":"0 0 25px 0","global_padding":"","global_use_animation":"0","global_animation":"","global_animationduration":"300","global_animationdelay":"0","hidden_md":"0","hidden_sm":"0","hidden_xs":"0","acl":null}},{"id":1499667001900,"name":"button","visibility":true,"settings":{"admin_label":"Contact Us","text":"Contact Us","alignment":"sppb-text-center","fontstyle":["uppercase","bold"],"letterspace":"0","url":"#","target":"","type":"custom","appearance":"","background_color":"rgba(255, 255, 255, 1)","color":"rgba(51, 51, 51, 1)","background_color_hover":"rgba(255, 255, 255, 1)","color_hover":"rgba(51, 51, 51, 1)","button_padding":"12px 40px 12px 40px","size":"","shape":"rounded","block":"","icon":"","icon_position":"left","class":"","global_text_color":"","global_link_color":"","global_link_hover_color":"","global_use_background":"0","global_background_color":"","global_background_image":"","global_background_repeat":"no-repeat","global_background_size":"cover","global_background_attachment":"inherit","global_user_border":"0","global_border_width":"","global_border_color":"","global_boder_style":"none","global_border_radius":"","global_margin":"","global_padding":"","global_use_animation":"0","global_animation":"","global_animationduration":"300","global_animationdelay":"0","hidden_md":"0","hidden_sm":"0","hidden_xs":"0","acl":null}}]}]},{"id":1499667001911,"visibility":true,"collapse":false,"settings":{"admin_label":"Contact Form","title":"","heading_selector":"h3","title_fontsize":"","title_fontweight":"","title_text_color":"","title_margin_top":"","title_margin_bottom":"","subtitle":"","subtitle_fontsize":"","title_position":"sppb-text-center","columns_equal_height":"0","fullscreen":"0","no_gutter":"0","id":"","class":"","padding":"100px 0px 100px 0px","margin":"0px 0px 0px 0px","color":"","background_color":"","background_image":"","overlay":"","background_repeat":"no-repeat","background_size":"cover","background_attachment":"fixed","background_position":"0 0","background_video":"0","background_video_mp4":"","background_video_ogv":"","hidden_xs":"","hidden_sm":"","hidden_md":"","animation":"","animationduration":"300","animationdelay":"0"},"layout":"12","columns":[{"id":1499667001912,"class_name":"col-md-12","visibility":true,"settings":{},"addons":[{"id":1499667001915,"name":"heading","visibility":true,"settings":{"admin_label":"Get in Touch","title":"Get in Touch","heading_selector":"h2","use_link":"0","title_link":"","link_new_tab":"0","title_fontsize":"36","title_fontstyle":null,"title_fontweight":"700","title_lineheight":"","title_letterspace":"0","title_margin":"0px 0px 10px 0px","title_padding":"0px 0px 0px 0px","alignment":"sppb-text-center","class":"","global_text_color":"rgba(51, 51, 51, 1)","global_link_color":"","global_link_hover_color":"","global_use_background":"0","global_background_color":"","global_background_image":"","global_background_repeat":"no-repeat","global_background_size":"cover","global_background_attachment":"inherit","global_user_border":"0","global_border_width":"","global_border_color":"","global_boder_style":"none","global_border_radius":"","global_margin":"","global_padding":"","global_use_animation":"0","global_animation":"","global_animationduration":"300","global_animationdelay":"0","hidden_md":"0","hidden_sm":"0","hidden_xs":"0","acl":null}},{"id":1499667001918,"name":"heading","visibility":true,"settings":{"admin_label":"For any query please contact us via this form","title":"For any query please contact us via this form","heading_selector":"h3","use_link":"0","title_link":"","link_new_tab":"0","title_fontsize":"18","title_fontstyle":null,"title_fontweight":"300","title_lineheight":"1.25","title_letterspace":"0","title_margin":"0px 0px 20px 0px","title_padding":"0px 0px 0px 0px","alignment":"sppb-text-center","class":"","global_text_color":"rgba(117, 117, 117, 1)","global_link_color":"","global_link_hover_color":"","global_use_background":"0","global_background_color":"","global_background_image":"","global_background_repeat":"no-repeat","global_background_size":"cover","global_background_attachment":"inherit","global_user_border":"0","global_border_width":"","global_border_color":"","global_boder_style":"none","global_border_radius":"","global_margin":"0 0 65px 0","global_padding":"","global_use_animation":"0","global_animation":"","global_animationduration":"300","global_animationdelay":"0","hidden_md":"0","hidden_sm":"0","hidden_xs":"0","acl":null}},{"id":1499677031351,"name":"ajax_contact","visibility":true,"settings":{"admin_label":"","title":"","heading_selector":"h3","title_fontsize":"","title_lineheight":"","title_fontstyle":null,"title_letterspace":"0","title_fontweight":"","title_text_color":"","title_margin_top":"","title_margin_bottom":"","recipient_email":"email@yourdomain.com","from_name":"","from_email":"","formcaptcha":"0","captcha_type":"default","captcha_question":"3 + 4 = ?","captcha_answer":"7","use_custom_button":"1","button_text":"Submit Your Text","button_fontstyle":null,"button_letterspace":"0","button_type":"custom","button_appearance":"","button_background_color":"rgba(255, 209, 0, 1)","button_color":"rgba(51, 51, 51, 1)","button_background_color_hover":"rgba(255, 209, 0, 1)","button_color_hover":"rgba(51, 51, 51, 1)","button_size":"lg","button_shape":"rounded","button_block":"","button_icon":"","button_icon_position":"left","class":"text-center","global_text_color":"","global_link_color":"","global_link_hover_color":"","global_use_background":"0","global_background_color":"","global_background_image":"","global_background_repeat":"no-repeat","global_background_size":"cover","global_background_attachment":"inherit","global_user_border":"0","global_border_width":"","global_border_color":"","global_boder_style":"none","global_border_radius":"","global_margin":"","global_padding":"","global_use_animation":"0","global_animation":"","global_animationduration":"300","global_animationdelay":"0","hidden_md":"0","hidden_sm":"0","hidden_xs":"0","acl":null}}]}]}]
