<?xml version="1.0" encoding="UTF-8" ?>
<extension type="package" version="2.5" method="upgrade">
    <name>TZ okno Template Package</name>
    <packagename>pkg_tz_logistics</packagename>
    <version>1.0</version>
    <url>https://www.templaza.com/</url>
    <creationDate>15 August 2014</creationDate>
    <copyright>(C) 2012 - 2017. All rights reserved.</copyright>
    <license>GNU General Public License version 2 or later; see LICENSE.txt</license>
    <authorEmail>info@templaza.com</authorEmail>
    <authorUrl>https://www.templaza.com/</authorUrl>
    <author>Templaza</author>
    <packager>TZ Template</packager>
    <packagerurl>https://www.templaza.com/</packagerurl>
    <description>	
	<![CDATA[
	<div align="center">
		
		<p>Copyright 2012 - 2017 <a href='http://templaza.com/' title='Visit Templaza.com'>Templaza.com</a>.</p>
		</div>
     <style>table.adminform{width: 100%;}</style>

		]]>
	</description>
    <files>
        <file type="plugin" id="plg_system_plazart" group="system">plg_system_plazart</file>
        <file type="template" id="tz_logistics" client="site">tz_logistics</file>
    </files>
    
</extension>