[{"id":1499246264043,"visibility":true,"collapse":false,"settings":{"admin_label":"Hero Section","title":"","heading_selector":"h3","title_fontsize":"","title_fontweight":"","title_text_color":"","title_margin_top":"","title_margin_bottom":"","subtitle":"","subtitle_fontsize":"","title_position":"sppb-text-center","columns_equal_height":"0","fullscreen":"0","no_gutter":"0","id":"","class":"","padding":"255px 0px 245px 0px","margin":"0px 0px 0px 0px","color":"","background_color":"","background_image":"https://sppagebuilder.com/sample-data/images/2017/07/11/hero-healthy-food.jpg","overlay":"","background_repeat":"no-repeat","background_size":"cover","background_attachment":"inherit","background_position":"50% 50%","background_video":"0","background_video_mp4":"","background_video_ogv":"","hidden_xs":"","hidden_sm":"","hidden_md":"","animation":"","animationduration":"300","animationdelay":"0"},"layout":"6,6","columns":[{"id":1499246264044,"class_name":"col-md-6","visibility":true,"settings":{},"addons":[]},{"id":1499247916203,"class_name":"col-md-6","visibility":true,"settings":{},"addons":[{"id":1499319412437,"name":"heading","visibility":true,"settings":{"admin_label":"We love food, lots of different food, just like you.","title":"We love food, lots of different food, just like you.","heading_selector":"h2","use_link":"0","title_link":"","link_new_tab":"0","title_fontsize":"20","title_fontstyle":null,"title_fontweight":"300","title_lineheight":"1.5","title_letterspace":"0","title_margin":"0px 0px 5px 0px","title_padding":"0px 0px 0px 0px","alignment":"sppb-text-left","class":"","global_text_color":"rgba(135, 135, 135, 1)","global_link_color":"","global_link_hover_color":"","global_use_background":"0","global_background_color":"","global_background_image":"","global_background_repeat":"no-repeat","global_background_size":"cover","global_background_attachment":"inherit","global_user_border":"0","global_border_width":"","global_border_color":"","global_boder_style":"none","global_border_radius":"","global_margin":"","global_padding":"","global_use_animation":"1","global_animation":"fadeInDown","global_animationduration":"","global_animationdelay":"","hidden_md":"0","hidden_sm":"0","hidden_xs":"0","acl":null}},{"id":1499319412446,"name":"heading","visibility":true,"settings":{"admin_label":"Healthy food, good life","title":"Healthy food, good life","heading_selector":"h3","use_link":"0","title_link":"","link_new_tab":"0","title_fontsize":"48","title_fontstyle":null,"title_fontweight":"400","title_lineheight":"1.5","title_letterspace":"0","title_margin":"0px 0px 22px 0px","title_padding":"0px 0px 0px 0px","alignment":"sppb-text-left","class":"","global_text_color":"rgba(41, 51, 64, 1)","global_link_color":"","global_link_hover_color":"","global_use_background":"0","global_background_color":"","global_background_image":"","global_background_repeat":"no-repeat","global_background_size":"cover","global_background_attachment":"inherit","global_user_border":"0","global_border_width":"","global_border_color":"","global_boder_style":"none","global_border_radius":"","global_margin":"","global_padding":"","global_use_animation":"1","global_animation":"fadeInDown","global_animationduration":"","global_animationdelay":"200","hidden_md":"0","hidden_sm":"0","hidden_xs":"0","acl":null}},{"id":1499248681960,"name":"button","visibility":true,"settings":{"admin_label":"Learn More","text":"Learn More","alignment":"sppb-text-left","fontstyle":null,"letterspace":"0","url":"#","target":"","type":"custom","appearance":"","background_color":"rgba(126, 211, 33, 1)","color":"#ffffff","background_color_hover":"rgba(99, 189, 21, 1)","color_hover":"#ffffff","button_padding":"12.5px 40px 12.5px 40px","size":"","shape":"round","block":"","icon":"","icon_position":"left","class":"","global_text_color":"","global_link_color":"","global_link_hover_color":"","global_use_background":"0","global_background_color":"","global_background_image":"","global_background_repeat":"no-repeat","global_background_size":"cover","global_background_attachment":"inherit","global_user_border":"0","global_border_width":"","global_border_color":"","global_boder_style":"none","global_border_radius":"","global_margin":"","global_padding":"","global_use_animation":"1","global_animation":"fadeInDown","global_animationduration":"","global_animationdelay":"400","hidden_md":"0","hidden_sm":"0","hidden_xs":"0","acl":null}}]}]},{"id":1499247916221,"visibility":true,"collapse":false,"settings":{"admin_label":"How it works","title":"","heading_selector":"h3","title_fontsize":"","title_fontweight":"","title_text_color":"","title_margin_top":"","title_margin_bottom":"","subtitle":"","subtitle_fontsize":"","title_position":"sppb-text-center","columns_equal_height":"0","fullscreen":"0","no_gutter":"0","id":"","class":"","padding":"100px 0px 30px 0px","margin":"0px 0px 0px 0px","color":"","background_color":"","background_image":"","overlay":"","background_repeat":"no-repeat","background_size":"cover","background_attachment":"fixed","background_position":"0 0","background_video":"0","background_video_mp4":"","background_video_ogv":"","hidden_xs":"","hidden_sm":"","hidden_md":"","animation":"","animationduration":"300","animationdelay":"0"},"layout":"12","columns":[{"id":1499247916222,"class_name":"col-md-12","visibility":true,"settings":{},"addons":[{"id":1499247916322,"name":"heading","visibility":true,"settings":{"admin_label":"","title":"This is title","heading_selector":"h2","use_link":"0","title_link":"","link_new_tab":"0","title_fontsize":"18","title_fontstyle":null,"title_fontweight":"300","title_lineheight":"","title_letterspace":"0","title_margin":"0px 0px 25px 0px","title_padding":"0px 0px 0px 0px","alignment":"sppb-text-center","class":"","global_text_color":"rgba(135, 135, 135, 1)","global_link_color":"","global_link_hover_color":"","global_use_background":"0","global_background_color":"","global_background_image":"","global_background_repeat":"no-repeat","global_background_size":"cover","global_background_attachment":"inherit","global_user_border":"0","global_border_width":"","global_border_color":"","global_boder_style":"none","global_border_radius":"","global_margin":"","global_padding":"","global_use_animation":"0","global_animation":"","global_animationduration":"300","global_animationdelay":"0","hidden_md":"0","hidden_sm":"0","hidden_xs":"0","acl":null}},{"id":1499247916227,"name":"heading","visibility":true,"settings":{"admin_label":"How it works","title":"How it works","heading_selector":"h2","use_link":"0","title_link":"","link_new_tab":"0","title_fontsize":"36","title_fontstyle":null,"title_fontweight":"400","title_lineheight":"","title_letterspace":"0","title_margin":"0px 0px 30px 0px","title_padding":"0px 0px 0px 0px","alignment":"sppb-text-center","class":"","global_text_color":"rgba(41, 51, 64, 1)","global_link_color":"","global_link_hover_color":"","global_use_background":"0","global_background_color":"","global_background_image":"","global_background_repeat":"no-repeat","global_background_size":"cover","global_background_attachment":"inherit","global_user_border":"0","global_border_width":"","global_border_color":"","global_boder_style":"none","global_border_radius":"","global_margin":"","global_padding":"","global_use_animation":"0","global_animation":"","global_animationduration":"300","global_animationdelay":"0","hidden_md":"0","hidden_sm":"0","hidden_xs":"0","acl":null}},{"id":1499247916230,"type":"inner_row","settings":{"admin_label":"","title":"","heading_selector":"h3","title_fontsize":"","title_fontweight":"","title_text_color":"","title_margin_top":"","title_margin_bottom":"","subtitle":"","subtitle_fontsize":"","title_position":"sppb-text-center","columns_equal_height":"0","fullscreen":"0","no_gutter":"0","id":"","class":"","padding":"65px 0px 50px 0px","margin":"0px 0px 0px 0px","color":"","background_color":"","background_image":"","overlay":"","background_repeat":"no-repeat","background_size":"cover","background_attachment":"fixed","background_position":"0 0","background_video":"0","background_video_mp4":"","background_video_ogv":"","hidden_xs":"","hidden_sm":"","hidden_md":"","animation":"","animationduration":"300","animationdelay":"0"},"layout":"4,4,4","visibility":true,"columns":[{"id":1499247916231,"class_name":"col-md-4","visibility":true,"settings":{"color":"","background":"","background_image":"","overlay":"","background_repeat":"no-repeat","background_size":"cover","background_attachment":"scroll","background_position":"0 0","padding":"0 0 30px 0","class":"","sm_col":"","xs_col":"","hidden_xs":"","hidden_sm":"","hidden_md":"","animation":"fadeInLeft","animationduration":"","animationdelay":""},"addons":[{"id":1499250332411,"name":"feature","visibility":true,"settings":{"admin_label":"Choose Your Food","title":"Choose Your Food","heading_selector":"h3","title_position":"after","title_fontsize":"20","title_lineheight":"","title_fontstyle":null,"title_letterspace":"0","title_fontweight":"","title_text_color":"rgba(41, 51, 64, 1)","title_margin_top":"30","title_margin_bottom":"17","title_url":"","url_appear":"title","feature_type":"image","feature_image":"https://sppagebuilder.com/sample-data/images/2017/07/05/icon1.png","icon_name":"","icon_size":"36","icon_color":"","icon_background":"","icon_border_color":"","icon_border_width":"","icon_border_radius":"","icon_margin_top":"","icon_margin_bottom":"","icon_padding":"","text":"\t<div style=\"color: #878787; font-size: 16px;\">Lorem Ipsum has been the<br \/> industry's standard dummy text<br \/> ever since the 1500s<\/div>","alignment":"sppb-text-center","class":"","global_text_color":"","global_link_color":"","global_link_hover_color":"","global_use_background":"0","global_background_color":"","global_background_image":"","global_background_repeat":"no-repeat","global_background_size":"cover","global_background_attachment":"inherit","global_user_border":"0","global_border_width":"","global_border_color":"","global_boder_style":"none","global_border_radius":"","global_margin":"","global_padding":"","global_use_animation":"0","global_animation":"","global_animationduration":"300","global_animationdelay":"0","hidden_md":"0","hidden_sm":"0","hidden_xs":"0","acl":null},"htmlContent":"<div id=\"sppb-addon-1499250332411\" class=\"clearfix\" ><div class=\"sppb-addon sppb-addon-feature sppb-text-center \"><div class=\"sppb-addon-content\"><span class=\"sppb-img-container\"><img class=\"sppb-img-responsive\" src=\"https://sppagebuilder.com/sample-data/images/2017/07/05/icon1.png\" alt=\"Choose Your Food\"><\/span><h3 class=\"sppb-addon-title sppb-feature-box-title\">Choose Your Food<\/h3><div class=\"sppb-addon-text\">\t<div style=\"color: #878787; font-size: 16px;\">Lorem Ipsum has been the<br \/> industry's standard dummy text<br \/> ever since the 1500s<\/div><\/div><\/div><\/div><\/div>","assets":{"css":"#sppb-addon-1499250332411 .sppb-addon-title {\nmargin-top:30px;margin-bottom:17px;color:rgba(41, 51, 64, 1);font-size:20px;line-height:20px;}\n#sppb-addon-1499250332411 .sppb-img-container {display:inline-block;}"}}]},{"id":1499247916236,"class_name":"col-md-4","visibility":true,"settings":{"color":"","background":"","background_image":"","overlay":"","background_repeat":"no-repeat","background_size":"cover","background_attachment":"scroll","background_position":"0 0","padding":"0 0 30px 0","class":"","sm_col":"","xs_col":"","hidden_xs":"","hidden_sm":"","hidden_md":"","animation":"fadeInLeft","animationduration":"","animationdelay":"300"},"addons":[{"id":1499247916289,"name":"feature","visibility":true,"settings":{"admin_label":"Delivery On Time","title":"Delivery On Time","heading_selector":"h3","title_position":"after","title_fontsize":"20","title_lineheight":"","title_fontstyle":null,"title_letterspace":"0","title_fontweight":"","title_text_color":"rgba(41, 51, 64, 1)","title_margin_top":"30","title_margin_bottom":"17","title_url":"","url_appear":"title","feature_type":"image","feature_image":"https://sppagebuilder.com/sample-data/images/2017/07/05/icon2.png","icon_name":"","icon_size":"36","icon_color":"","icon_background":"","icon_border_color":"","icon_border_width":"","icon_border_radius":"","icon_margin_top":"","icon_margin_bottom":"","icon_padding":"","text":"\t<div style=\"color: #878787; font-size: 16px;\">Lorem Ipsum has been the<br \/> industry's standard dummy text<br \/> ever since the 1500s<\/div>","alignment":"sppb-text-center","class":"","global_text_color":"","global_link_color":"","global_link_hover_color":"","global_use_background":"0","global_background_color":"","global_background_image":"","global_background_repeat":"no-repeat","global_background_size":"cover","global_background_attachment":"inherit","global_user_border":"0","global_border_width":"","global_border_color":"","global_boder_style":"none","global_border_radius":"","global_margin":"","global_padding":"","global_use_animation":"0","global_animation":"","global_animationduration":"300","global_animationdelay":"0","hidden_md":"0","hidden_sm":"0","hidden_xs":"0","acl":null},"htmlContent":"<div id=\"sppb-addon-1499247916289\" class=\"clearfix\" ><div class=\"sppb-addon sppb-addon-feature sppb-text-center \"><div class=\"sppb-addon-content\"><span class=\"sppb-img-container\"><img class=\"sppb-img-responsive\" src=\"https://sppagebuilder.com/sample-data/images/2017/07/05/icon2.png\" alt=\"Delivery On Time\"><\/span><h3 class=\"sppb-addon-title sppb-feature-box-title\">Delivery On Time<\/h3><div class=\"sppb-addon-text\">\t<div style=\"color: #878787; font-size: 16px;\">Lorem Ipsum has been the<br \/> industry's standard dummy text<br \/> ever since the 1500s<\/div><\/div><\/div><\/div><\/div>","assets":{"css":"#sppb-addon-1499247916289 .sppb-addon-title {\nmargin-top:30px;margin-bottom:17px;color:rgba(41, 51, 64, 1);font-size:20px;line-height:20px;}\n#sppb-addon-1499247916289 .sppb-img-container {display:inline-block;}"}}]},{"id":1499247916237,"class_name":"col-md-4","visibility":true,"settings":{"color":"","background":"","background_image":"","overlay":"","background_repeat":"no-repeat","background_size":"cover","background_attachment":"scroll","background_position":"0 0","padding":"0 0 30px 0","class":"","sm_col":"","xs_col":"","hidden_xs":"","hidden_sm":"","hidden_md":"","animation":"fadeInLeft","animationduration":"","animationdelay":"600"},"addons":[{"id":1499247916284,"name":"feature","visibility":true,"settings":{"admin_label":"Enjoy Your Meal","title":"Enjoy Your Meal","heading_selector":"h3","title_position":"after","title_fontsize":"20","title_lineheight":"","title_fontstyle":null,"title_letterspace":"0","title_fontweight":"","title_text_color":"rgba(41, 51, 64, 1)","title_margin_top":"30","title_margin_bottom":"17","title_url":"","url_appear":"title","feature_type":"image","feature_image":"https://sppagebuilder.com/sample-data/images/2017/07/05/icon3.png","icon_name":"","icon_size":"36","icon_color":"","icon_background":"","icon_border_color":"","icon_border_width":"","icon_border_radius":"","icon_margin_top":"","icon_margin_bottom":"","icon_padding":"","text":"\t<div style=\"color: #878787; font-size: 16px;\">Lorem Ipsum has been the<br \/> industry's standard dummy text<br \/> ever since the 1500s<\/div>","alignment":"sppb-text-center","class":"","global_text_color":"","global_link_color":"","global_link_hover_color":"","global_use_background":"0","global_background_color":"","global_background_image":"","global_background_repeat":"no-repeat","global_background_size":"cover","global_background_attachment":"inherit","global_user_border":"0","global_border_width":"","global_border_color":"","global_boder_style":"none","global_border_radius":"","global_margin":"","global_padding":"","global_use_animation":"0","global_animation":"","global_animationduration":"300","global_animationdelay":"0","hidden_md":"0","hidden_sm":"0","hidden_xs":"0","acl":null},"htmlContent":"<div id=\"sppb-addon-1499247916284\" class=\"clearfix\" ><div class=\"sppb-addon sppb-addon-feature sppb-text-center \"><div class=\"sppb-addon-content\"><span class=\"sppb-img-container\"><img class=\"sppb-img-responsive\" src=\"https://sppagebuilder.com/sample-data/images/2017/07/05/icon3.png\" alt=\"Enjoy Your Meal\"><\/span><h3 class=\"sppb-addon-title sppb-feature-box-title\">Enjoy Your Meal<\/h3><div class=\"sppb-addon-text\">\t<div style=\"color: #878787; font-size: 16px;\">Lorem Ipsum has been the<br \/> industry's standard dummy text<br \/> ever since the 1500s<\/div><\/div><\/div><\/div><\/div>","assets":{"css":"#sppb-addon-1499247916284 .sppb-addon-title {\nmargin-top:30px;margin-bottom:17px;color:rgba(41, 51, 64, 1);font-size:20px;line-height:20px;}\n#sppb-addon-1499247916284 .sppb-img-container {display:inline-block;}"}}]}]},{"id":1499251371858,"name":"divider","visibility":true,"settings":{"admin_label":"","divider_type":"border","divider_image":"","background_repeat":"no-repeat","divider_height":"10","border_style":"solid","border_width":"1","border_color":"rgba(240, 240, 240, 1)","margin_top":"15","margin_bottom":"15","class":"","global_text_color":"","global_link_color":"","global_link_hover_color":"","global_use_background":"0","global_background_color":"","global_background_image":"","global_background_repeat":"no-repeat","global_background_size":"cover","global_background_attachment":"inherit","global_user_border":"0","global_border_width":"","global_border_color":"","global_boder_style":"none","global_border_radius":"","global_margin":"","global_padding":"","global_use_animation":"0","global_animation":"","global_animationduration":"300","global_animationdelay":"0","hidden_md":"0","hidden_sm":"0","hidden_xs":"0","acl":null}}]}]},{"id":1499247916318,"visibility":true,"collapse":false,"settings":{"admin_label":"Special items","title":"","heading_selector":"h3","title_fontsize":"","title_fontweight":"","title_text_color":"","title_margin_top":"","title_margin_bottom":"","subtitle":"","subtitle_fontsize":"","title_position":"sppb-text-center","columns_equal_height":"0","fullscreen":"0","no_gutter":"0","id":"","class":"","padding":"50px 0px 50px 0px","margin":"0px 0px 0px 0px","color":"","background_color":"","background_image":"","overlay":"","background_repeat":"no-repeat","background_size":"cover","background_attachment":"fixed","background_position":"0 0","background_video":"0","background_video_mp4":"","background_video_ogv":"","hidden_xs":"","hidden_sm":"","hidden_md":"","animation":"","animationduration":"300","animationdelay":"0"},"layout":"12","columns":[{"id":1499247916319,"class_name":"col-md-12","visibility":true,"settings":{},"addons":[{"id":1499250171147,"name":"heading","visibility":true,"settings":{"admin_label":"Take A Look","title":"Take A Look","heading_selector":"h2","use_link":"0","title_link":"","link_new_tab":"0","title_fontsize":"18","title_fontstyle":null,"title_fontweight":"300","title_lineheight":"","title_letterspace":"0","title_margin":"0px 0px 25px 0px","title_padding":"0px 0px 0px 0px","alignment":"sppb-text-center","class":"","global_text_color":"rgba(135, 135, 135, 1)","global_link_color":"","global_link_hover_color":"","global_use_background":"0","global_background_color":"","global_background_image":"","global_background_repeat":"no-repeat","global_background_size":"cover","global_background_attachment":"inherit","global_user_border":"0","global_border_width":"","global_border_color":"","global_boder_style":"none","global_border_radius":"","global_margin":"","global_padding":"","global_use_animation":"0","global_animation":"","global_animationduration":"300","global_animationdelay":"0","hidden_md":"0","hidden_sm":"0","hidden_xs":"0","acl":null}},{"id":1499247916325,"name":"heading","visibility":true,"settings":{"admin_label":"Special items","title":"Special items","heading_selector":"h2","use_link":"0","title_link":"","link_new_tab":"0","title_fontsize":"36","title_fontstyle":null,"title_fontweight":"400","title_lineheight":"","title_letterspace":"0","title_margin":"0px 0px 10px 0px","title_padding":"0px 0px 0px 0px","alignment":"sppb-text-center","class":"","global_text_color":"rgba(41, 51, 64, 1)","global_link_color":"","global_link_hover_color":"","global_use_background":"0","global_background_color":"","global_background_image":"","global_background_repeat":"no-repeat","global_background_size":"cover","global_background_attachment":"inherit","global_user_border":"0","global_border_width":"","global_border_color":"","global_boder_style":"none","global_border_radius":"","global_margin":"","global_padding":"","global_use_animation":"0","global_animation":"","global_animationduration":"300","global_animationdelay":"0","hidden_md":"0","hidden_sm":"0","hidden_xs":"0","acl":null}},{"id":1499247916330,"type":"inner_row","settings":{"admin_label":"","title":"","heading_selector":"h3","title_fontsize":"","title_fontweight":"","title_text_color":"","title_margin_top":"","title_margin_bottom":"","subtitle":"","subtitle_fontsize":"","title_position":"sppb-text-center","columns_equal_height":"0","fullscreen":"0","no_gutter":"0","id":"","class":"","padding":"50px 0px 0px 0px","margin":"0px 0px 0px 0px","color":"","background_color":"","background_image":"","overlay":"","background_repeat":"no-repeat","background_size":"cover","background_attachment":"fixed","background_position":"0 0","background_video":"0","background_video_mp4":"","background_video_ogv":"","hidden_xs":"","hidden_sm":"","hidden_md":"","animation":"","animationduration":"300","animationdelay":"0"},"layout":"4,4,4","visibility":true,"columns":[{"id":1499247916331,"class_name":"col-md-4","visibility":true,"settings":{"color":"","background":"","background_image":"","overlay":"","background_repeat":"no-repeat","background_size":"cover","background_attachment":"scroll","background_position":"0 0","padding":"0 10px 0 10px","class":"","sm_col":"","xs_col":"","hidden_xs":"","hidden_sm":"","hidden_md":"","animation":"","animationduration":"300","animationdelay":"0"},"addons":[{"id":1499252017893,"name":"flip_box","visibility":true,"settings":{"admin_label":"","flip_bhave":"hover","front_text":"","flip_text":"<h3 style=\"font-size: 16px;font-weight: 700;\">Peking Roasted Duck<\/h3>\nChoosing The Perfect Charcoal Grill<br><br>\n<a href=\"#\" class=\"btn btn-primary\" style=\"background: #fff;color: #7ED321;font-size: 12px;border: none; padding: 11px 30px; border-radius: 20px;\">Add To Cart<\/a>","class":"","flip_style":"threeD_style","rotate":"flip_left","height":"390","text_align":"center","border_styles":null,"border_color":"","front_bgcolor":"","front_bgimg":"https://sppagebuilder.com/sample-data/images/2017/07/05/service1.jpg","front_textcolor":"","back_bgcolor":"rgba(126, 211, 33, 1)","back_bgimg":"","back_textcolor":"#ffffff","global_text_color":"","global_link_color":"","global_link_hover_color":"","global_use_background":"0","global_background_color":"","global_background_image":"","global_background_repeat":"no-repeat","global_background_size":"cover","global_background_attachment":"inherit","global_user_border":"0","global_border_width":"","global_border_color":"","global_boder_style":"none","global_border_radius":"","global_margin":"","global_padding":"","global_use_animation":"0","global_animation":"","global_animationduration":"300","global_animationdelay":"0","hidden_md":"0","hidden_sm":"0","hidden_xs":"0","acl":null},"htmlContent":"<div id=\"sppb-addon-1499252017893\" class=\"clearfix\" ><div class=\"sppb-addon sppb-addon-sppb-flibox  threeD-flipbox flip_left flipon-hover sppb-text-center\"><div class=\"threeD-content-wrap\"><div class=\"threeD-item\"><div class = \"threeD-flip-front\"><div class = \"threeD-content-inner\"><\/div><\/div><div class = \"threeD-flip-back\"><div class = \"threeD-content-inner\"><h3 style=\"font-size: 16px;font-weight: 700;\">Peking Roasted Duck<\/h3>\nChoosing The Perfect Charcoal Grill<br><br>\n<a href=\"#\" class=\"btn btn-primary\" style=\"background: #fff;color: #7ED321;font-size: 12px;border: none; padding: 11px 30px; border-radius: 20px;\">Add To Cart<\/a><\/div><\/div ><\/div><\/div><\/div><\/div>","assets":{"css":"#sppb-addon-1499252017893 .sppb-flipbox-panel {height: 390px;}#sppb-addon-1499252017893 .threeD-item {height: 390px;}#sppb-addon-1499252017893 .sppb-flipbox-front {background-image: url(https://sppagebuilder.com/sample-data/images/2017/07/05/service1.jpg);}#sppb-addon-1499252017893 .threeD-flip-front {background-image: url(https://sppagebuilder.com/sample-data/images/2017/07/05/service1.jpg);}#sppb-addon-1499252017893 .sppb-flipbox-back {color: #ffffff;}#sppb-addon-1499252017893 .threeD-flip-back {color: #ffffff;}#sppb-addon-1499252017893 .threeD-flip-back:before{background-color: rgba(126, 211, 33, 1);}#sppb-addon-1499252017893 .sppb-flipbox-back.flip-box:before{background-color: rgba(126, 211, 33, 1);}"}},{"id":1499253620082,"name":"heading","visibility":true,"settings":{"admin_label":"Peking Roasted Duck","title":"Peking Roasted Duck","heading_selector":"h3","use_link":"0","title_link":"","link_new_tab":"0","title_fontsize":"16","title_fontstyle":null,"title_fontweight":"700","title_lineheight":"","title_letterspace":"0","title_margin":"30px 0px 10px 0px","title_padding":"0px 0px 0px 0px","alignment":"sppb-text-left","class":"","global_text_color":"rgba(41, 51, 64, 1)","global_link_color":"","global_link_hover_color":"","global_use_background":"0","global_background_color":"","global_background_image":"","global_background_repeat":"no-repeat","global_background_size":"cover","global_background_attachment":"inherit","global_user_border":"0","global_border_width":"","global_border_color":"","global_boder_style":"none","global_border_radius":"","global_margin":"","global_padding":"","global_use_animation":"0","global_animation":"","global_animationduration":"300","global_animationdelay":"0","hidden_md":"0","hidden_sm":"0","hidden_xs":"0","acl":null},"htmlContent":"<div id=\"sppb-addon-1499253620082\" class=\"clearfix\" ><div class=\"sppb-addon sppb-addon-header sppb-text-left\"><h3 class=\"sppb-addon-title\">Peking Roasted Duck<\/h3><\/div><\/div>","assets":{"css":"#sppb-addon-1499253620082 {\n\tcolor: rgba(41, 51, 64, 1);\n}\n#sppb-addon-1499253620082 .sppb-addon-title {\nfont-size:16px;line-height:16px;font-weight:700;}\n#sppb-addon-1499253620082 h3.sppb-addon-title {margin: 30px 0px 10px 0px; padding: 0px 0px 0px 0px; }"}},{"id":1499247916354,"name":"heading","visibility":true,"settings":{"admin_label":"Choosing The Perfect Charcoal Grill","title":"Choosing The Perfect Charcoal Grill","heading_selector":"h4","use_link":"0","title_link":"","link_new_tab":"0","title_fontsize":"14","title_fontstyle":null,"title_fontweight":"","title_lineheight":"","title_letterspace":"0","title_margin":"0px 0px 30px 0px","title_padding":"0px 0px 0px 0px","alignment":"sppb-text-left","class":"","global_text_color":"rgba(135, 135, 135, 1)","global_link_color":"","global_link_hover_color":"","global_use_background":"0","global_background_color":"","global_background_image":"","global_background_repeat":"no-repeat","global_background_size":"cover","global_background_attachment":"inherit","global_user_border":"0","global_border_width":"","global_border_color":"","global_boder_style":"none","global_border_radius":"","global_margin":"","global_padding":"","global_use_animation":"0","global_animation":"","global_animationduration":"300","global_animationdelay":"0","hidden_md":"0","hidden_sm":"0","hidden_xs":"0","acl":null},"htmlContent":"<div id=\"sppb-addon-1499247916354\" class=\"clearfix\" ><div class=\"sppb-addon sppb-addon-header sppb-text-left\"><h4 class=\"sppb-addon-title\">Choosing The Perfect Charcoal Grill<\/h4><\/div><\/div>","assets":{"css":"#sppb-addon-1499247916354 {\n\tcolor: rgba(135, 135, 135, 1);\n}\n#sppb-addon-1499247916354 .sppb-addon-title {\nfont-size:14px;line-height:14px;}\n#sppb-addon-1499247916354 h4.sppb-addon-title {margin: 0px 0px 30px 0px; padding: 0px 0px 0px 0px; }"}}]},{"id":1499247916336,"class_name":"col-md-4","visibility":true,"settings":{"color":"","background":"","background_image":"","overlay":"","background_repeat":"no-repeat","background_size":"cover","background_attachment":"scroll","background_position":"0 0","padding":"0 10px 0 10px","class":"","sm_col":"","xs_col":"","hidden_xs":"","hidden_sm":"","hidden_md":"","animation":"","animationduration":"300","animationdelay":"0"},"addons":[{"id":1499247916406,"name":"flip_box","visibility":true,"settings":{"admin_label":"","flip_bhave":"hover","front_text":"","flip_text":"<h3 style=\"font-size: 16px;font-weight: 700;\">Peking Roasted Duck<\/h3>\nChoosing The Perfect Charcoal Grill<br><br>\n<a href=\"#\" class=\"btn btn-primary\" style=\"background: #fff;color: #7ED321;font-size: 12px;border: none; padding: 11px 30px; border-radius: 20px;\">Add To Cart<\/a>","class":"","flip_style":"threeD_style","rotate":"flip_left","height":"390","text_align":"center","border_styles":null,"border_color":"","front_bgcolor":"","front_bgimg":"https://sppagebuilder.com/sample-data/images/2017/07/05/service2.jpg","front_textcolor":"","back_bgcolor":"rgba(126, 211, 33, 1)","back_bgimg":"","back_textcolor":"#ffffff","global_text_color":"","global_link_color":"","global_link_hover_color":"","global_use_background":"0","global_background_color":"","global_background_image":"","global_background_repeat":"no-repeat","global_background_size":"cover","global_background_attachment":"inherit","global_user_border":"0","global_border_width":"","global_border_color":"","global_boder_style":"none","global_border_radius":"","global_margin":"","global_padding":"","global_use_animation":"0","global_animation":"","global_animationduration":"300","global_animationdelay":"0","hidden_md":"0","hidden_sm":"0","hidden_xs":"0","acl":null},"htmlContent":"<div id=\"sppb-addon-1499247916406\" class=\"clearfix\" ><div class=\"sppb-addon sppb-addon-sppb-flibox  threeD-flipbox flip_left flipon-hover sppb-text-center\"><div class=\"threeD-content-wrap\"><div class=\"threeD-item\"><div class = \"threeD-flip-front\"><div class = \"threeD-content-inner\"><\/div><\/div><div class = \"threeD-flip-back\"><div class = \"threeD-content-inner\"><h3 style=\"font-size: 16px;font-weight: 700;\">Peking Roasted Duck<\/h3>\nChoosing The Perfect Charcoal Grill<br><br>\n<a href=\"#\" class=\"btn btn-primary\" style=\"background: #fff;color: #7ED321;font-size: 12px;border: none; padding: 11px 30px; border-radius: 20px;\">Add To Cart<\/a><\/div><\/div ><\/div><\/div><\/div><\/div>","assets":{"css":"#sppb-addon-1499247916406 .sppb-flipbox-panel {height: 390px;}#sppb-addon-1499247916406 .threeD-item {height: 390px;}#sppb-addon-1499247916406 .sppb-flipbox-front {background-image: url(https://sppagebuilder.com/sample-data/images/2017/07/05/service2.jpg);}#sppb-addon-1499247916406 .threeD-flip-front {background-image: url(https://sppagebuilder.com/sample-data/images/2017/07/05/service2.jpg);}#sppb-addon-1499247916406 .sppb-flipbox-back {color: #ffffff;}#sppb-addon-1499247916406 .threeD-flip-back {color: #ffffff;}#sppb-addon-1499247916406 .threeD-flip-back:before{background-color: rgba(126, 211, 33, 1);}#sppb-addon-1499247916406 .sppb-flipbox-back.flip-box:before{background-color: rgba(126, 211, 33, 1);}"}},{"id":1499247916416,"name":"heading","visibility":true,"settings":{"admin_label":"Salad With Chicken","title":"Salad With Chicken","heading_selector":"h3","use_link":"0","title_link":"","link_new_tab":"0","title_fontsize":"16","title_fontstyle":null,"title_fontweight":"700","title_lineheight":"","title_letterspace":"0","title_margin":"30px 0px 10px 0px","title_padding":"0px 0px 0px 0px","alignment":"sppb-text-left","class":"","global_text_color":"rgba(41, 51, 64, 1)","global_link_color":"","global_link_hover_color":"","global_use_background":"0","global_background_color":"","global_background_image":"","global_background_repeat":"no-repeat","global_background_size":"cover","global_background_attachment":"inherit","global_user_border":"0","global_border_width":"","global_border_color":"","global_boder_style":"none","global_border_radius":"","global_margin":"","global_padding":"","global_use_animation":"0","global_animation":"","global_animationduration":"300","global_animationdelay":"0","hidden_md":"0","hidden_sm":"0","hidden_xs":"0","acl":null},"htmlContent":"<div id=\"sppb-addon-1499247916416\" class=\"clearfix\" ><div class=\"sppb-addon sppb-addon-header sppb-text-left\"><h3 class=\"sppb-addon-title\">Salad With Chicken<\/h3><\/div><\/div>","assets":{"css":"#sppb-addon-1499247916416 {\n\tcolor: rgba(41, 51, 64, 1);\n}\n#sppb-addon-1499247916416 .sppb-addon-title {\nfont-size:16px;line-height:16px;font-weight:700;}\n#sppb-addon-1499247916416 h3.sppb-addon-title {margin: 30px 0px 10px 0px; padding: 0px 0px 0px 0px; }"}},{"id":1499247916436,"name":"heading","visibility":true,"settings":{"admin_label":"Smarter Food Choices 101 Tips","title":"Smarter Food Choices 101 Tips","heading_selector":"h4","use_link":"0","title_link":"","link_new_tab":"0","title_fontsize":"14","title_fontstyle":null,"title_fontweight":"","title_lineheight":"","title_letterspace":"0","title_margin":"0px 0px 30px 0px","title_padding":"0px 0px 0px 0px","alignment":"sppb-text-left","class":"","global_text_color":"rgba(135, 135, 135, 1)","global_link_color":"","global_link_hover_color":"","global_use_background":"0","global_background_color":"","global_background_image":"","global_background_repeat":"no-repeat","global_background_size":"cover","global_background_attachment":"inherit","global_user_border":"0","global_border_width":"","global_border_color":"","global_boder_style":"none","global_border_radius":"","global_margin":"","global_padding":"","global_use_animation":"0","global_animation":"","global_animationduration":"300","global_animationdelay":"0","hidden_md":"0","hidden_sm":"0","hidden_xs":"0","acl":null},"htmlContent":"<div id=\"sppb-addon-1499247916436\" class=\"clearfix\" ><div class=\"sppb-addon sppb-addon-header sppb-text-left\"><h4 class=\"sppb-addon-title\">Smarter Food Choices 101 Tips<\/h4><\/div><\/div>","assets":{"css":"#sppb-addon-1499247916436 {\n\tcolor: rgba(135, 135, 135, 1);\n}\n#sppb-addon-1499247916436 .sppb-addon-title {\nfont-size:14px;line-height:14px;}\n#sppb-addon-1499247916436 h4.sppb-addon-title {margin: 0px 0px 30px 0px; padding: 0px 0px 0px 0px; }"}}]},{"id":1499247916337,"class_name":"col-md-4","visibility":true,"settings":{"color":"","background":"","background_image":"","overlay":"","background_repeat":"no-repeat","background_size":"cover","background_attachment":"scroll","background_position":"0 0","padding":"0 10px 0 10px","class":"","sm_col":"","xs_col":"","hidden_xs":"","hidden_sm":"","hidden_md":"","animation":"","animationduration":"300","animationdelay":"0"},"addons":[{"id":1499247916401,"name":"flip_box","visibility":true,"settings":{"admin_label":"","flip_bhave":"hover","front_text":"","flip_text":"<h3 style=\"font-size: 16px;font-weight: 700;\">Peking Roasted Duck<\/h3>\nChoosing The Perfect Charcoal Grill<br><br>\n<a href=\"#\" class=\"btn btn-primary\" style=\"background: #fff;color: #7ED321;font-size: 12px;border: none; padding: 11px 30px; border-radius: 20px;\">Add To Cart<\/a>","class":"","flip_style":"threeD_style","rotate":"flip_left","height":"390","text_align":"center","border_styles":null,"border_color":"","front_bgcolor":"","front_bgimg":"https://sppagebuilder.com/sample-data/images/2017/07/05/service3.jpg","front_textcolor":"","back_bgcolor":"rgba(126, 211, 33, 1)","back_bgimg":"","back_textcolor":"#ffffff","global_text_color":"","global_link_color":"","global_link_hover_color":"","global_use_background":"0","global_background_color":"","global_background_image":"","global_background_repeat":"no-repeat","global_background_size":"cover","global_background_attachment":"inherit","global_user_border":"0","global_border_width":"","global_border_color":"","global_boder_style":"none","global_border_radius":"","global_margin":"","global_padding":"","global_use_animation":"0","global_animation":"","global_animationduration":"300","global_animationdelay":"0","hidden_md":"0","hidden_sm":"0","hidden_xs":"0","acl":null},"htmlContent":"<div id=\"sppb-addon-1499247916401\" class=\"clearfix\" ><div class=\"sppb-addon sppb-addon-sppb-flibox  threeD-flipbox flip_left flipon-hover sppb-text-center\"><div class=\"threeD-content-wrap\"><div class=\"threeD-item\"><div class = \"threeD-flip-front\"><div class = \"threeD-content-inner\"><\/div><\/div><div class = \"threeD-flip-back\"><div class = \"threeD-content-inner\"><h3 style=\"font-size: 16px;font-weight: 700;\">Peking Roasted Duck<\/h3>\nChoosing The Perfect Charcoal Grill<br><br>\n<a href=\"#\" class=\"btn btn-primary\" style=\"background: #fff;color: #7ED321;font-size: 12px;border: none; padding: 11px 30px; border-radius: 20px;\">Add To Cart<\/a><\/div><\/div ><\/div><\/div><\/div><\/div>","assets":{"css":"#sppb-addon-1499247916401 .sppb-flipbox-panel {height: 390px;}#sppb-addon-1499247916401 .threeD-item {height: 390px;}#sppb-addon-1499247916401 .sppb-flipbox-front {background-image: url(https://sppagebuilder.com/sample-data/images/2017/07/05/service3.jpg);}#sppb-addon-1499247916401 .threeD-flip-front {background-image: url(https://sppagebuilder.com/sample-data/images/2017/07/05/service3.jpg);}#sppb-addon-1499247916401 .sppb-flipbox-back {color: #ffffff;}#sppb-addon-1499247916401 .threeD-flip-back {color: #ffffff;}#sppb-addon-1499247916401 .threeD-flip-back:before{background-color: rgba(126, 211, 33, 1);}#sppb-addon-1499247916401 .sppb-flipbox-back.flip-box:before{background-color: rgba(126, 211, 33, 1);}"}},{"id":1499247916411,"name":"heading","visibility":true,"settings":{"admin_label":"Gong Bao Chicken","title":"Gong Bao Chicken","heading_selector":"h3","use_link":"0","title_link":"","link_new_tab":"0","title_fontsize":"16","title_fontstyle":null,"title_fontweight":"700","title_lineheight":"","title_letterspace":"0","title_margin":"30px 0px 10px 0px","title_padding":"0px 0px 0px 0px","alignment":"sppb-text-left","class":"","global_text_color":"rgba(41, 51, 64, 1)","global_link_color":"","global_link_hover_color":"","global_use_background":"0","global_background_color":"","global_background_image":"","global_background_repeat":"no-repeat","global_background_size":"cover","global_background_attachment":"inherit","global_user_border":"0","global_border_width":"","global_border_color":"","global_boder_style":"none","global_border_radius":"","global_margin":"","global_padding":"","global_use_animation":"0","global_animation":"","global_animationduration":"300","global_animationdelay":"0","hidden_md":"0","hidden_sm":"0","hidden_xs":"0","acl":null},"htmlContent":"<div id=\"sppb-addon-1499247916411\" class=\"clearfix\" ><div class=\"sppb-addon sppb-addon-header sppb-text-left\"><h3 class=\"sppb-addon-title\">Gong Bao Chicken<\/h3><\/div><\/div>","assets":{"css":"#sppb-addon-1499247916411 {\n\tcolor: rgba(41, 51, 64, 1);\n}\n#sppb-addon-1499247916411 .sppb-addon-title {\nfont-size:16px;line-height:16px;font-weight:700;}\n#sppb-addon-1499247916411 h3.sppb-addon-title {margin: 30px 0px 10px 0px; padding: 0px 0px 0px 0px; }"}},{"id":1499247916431,"name":"heading","visibility":true,"settings":{"admin_label":"Cooking On A George Foreman Grill","title":"Cooking On A George Foreman Grill","heading_selector":"h4","use_link":"0","title_link":"","link_new_tab":"0","title_fontsize":"14","title_fontstyle":null,"title_fontweight":"","title_lineheight":"","title_letterspace":"0","title_margin":"0px 0px 30px 0px","title_padding":"0px 0px 0px 0px","alignment":"sppb-text-left","class":"","global_text_color":"rgba(135, 135, 135, 1)","global_link_color":"","global_link_hover_color":"","global_use_background":"0","global_background_color":"","global_background_image":"","global_background_repeat":"no-repeat","global_background_size":"cover","global_background_attachment":"inherit","global_user_border":"0","global_border_width":"","global_border_color":"","global_boder_style":"none","global_border_radius":"","global_margin":"","global_padding":"","global_use_animation":"0","global_animation":"","global_animationduration":"300","global_animationdelay":"0","hidden_md":"0","hidden_sm":"0","hidden_xs":"0","acl":null},"htmlContent":"<div id=\"sppb-addon-1499247916431\" class=\"clearfix\" ><div class=\"sppb-addon sppb-addon-header sppb-text-left\"><h4 class=\"sppb-addon-title\">Cooking On A George Foreman Grill<\/h4><\/div><\/div>","assets":{"css":"#sppb-addon-1499247916431 {\n\tcolor: rgba(135, 135, 135, 1);\n}\n#sppb-addon-1499247916431 .sppb-addon-title {\nfont-size:14px;line-height:14px;}\n#sppb-addon-1499247916431 h4.sppb-addon-title {margin: 0px 0px 30px 0px; padding: 0px 0px 0px 0px; }"}}]}]},{"id":1499256854562,"type":"inner_row","settings":{"padding":"50px 0px 50px 0px","margin":"0px 0px 0px 0px"},"layout":"4,4,4","visibility":true,"columns":[{"id":1499256854563,"class_name":"col-md-4","visibility":true,"settings":{"color":"","background":"","background_image":"","overlay":"","background_repeat":"no-repeat","background_size":"cover","background_attachment":"scroll","background_position":"0 0","padding":"0 10px 0 10px","class":"","sm_col":"","xs_col":"","hidden_xs":"","hidden_sm":"","hidden_md":"","animation":"","animationduration":"300","animationdelay":"0"},"addons":[{"id":1499256854564,"name":"flip_box","visibility":true,"settings":{"admin_label":"","flip_bhave":"hover","front_text":"","flip_text":"<h3 style=\"font-size: 16px;font-weight: 700;\">Peking Roasted Duck<\/h3>\nChoosing The Perfect Charcoal Grill<br><br>\n<a href=\"#\" class=\"btn btn-primary\" style=\"background: #fff;color: #7ED321;font-size: 12px;border: none; padding: 11px 30px; border-radius: 20px;\">Add To Cart<\/a>","class":"","flip_style":"threeD_style","rotate":"flip_left","height":"390","text_align":"center","border_styles":null,"border_color":"","front_bgcolor":"","front_bgimg":"https://sppagebuilder.com/sample-data/images/2017/07/05/service4.jpg","front_textcolor":"","back_bgcolor":"rgba(126, 211, 33, 1)","back_bgimg":"","back_textcolor":"#ffffff","global_text_color":"","global_link_color":"","global_link_hover_color":"","global_use_background":"0","global_background_color":"","global_background_image":"","global_background_repeat":"no-repeat","global_background_size":"cover","global_background_attachment":"inherit","global_user_border":"0","global_border_width":"","global_border_color":"","global_boder_style":"none","global_border_radius":"","global_margin":"","global_padding":"","global_use_animation":"0","global_animation":"","global_animationduration":"300","global_animationdelay":"0","hidden_md":"0","hidden_sm":"0","hidden_xs":"0","acl":null},"htmlContent":"<div id=\"sppb-addon-1499256854564\" class=\"clearfix\" ><div class=\"sppb-addon sppb-addon-sppb-flibox  threeD-flipbox flip_left flipon-hover sppb-text-center\"><div class=\"threeD-content-wrap\"><div class=\"threeD-item\"><div class = \"threeD-flip-front\"><div class = \"threeD-content-inner\"><\/div><\/div><div class = \"threeD-flip-back\"><div class = \"threeD-content-inner\"><h3 style=\"font-size: 16px;font-weight: 700;\">Peking Roasted Duck<\/h3>\nChoosing The Perfect Charcoal Grill<br><br>\n<a href=\"#\" class=\"btn btn-primary\" style=\"background: #fff;color: #7ED321;font-size: 12px;border: none; padding: 11px 30px; border-radius: 20px;\">Add To Cart<\/a><\/div><\/div ><\/div><\/div><\/div><\/div>","assets":{"css":"#sppb-addon-1499256854564 .sppb-flipbox-panel {height: 390px;}#sppb-addon-1499256854564 .threeD-item {height: 390px;}#sppb-addon-1499256854564 .sppb-flipbox-front {background-image: url(https://sppagebuilder.com/sample-data/images/2017/07/05/service4.jpg);}#sppb-addon-1499256854564 .threeD-flip-front {background-image: url(https://sppagebuilder.com/sample-data/images/2017/07/05/service4.jpg);}#sppb-addon-1499256854564 .sppb-flipbox-back {color: #ffffff;}#sppb-addon-1499256854564 .threeD-flip-back {color: #ffffff;}#sppb-addon-1499256854564 .threeD-flip-back:before{background-color: rgba(126, 211, 33, 1);}#sppb-addon-1499256854564 .sppb-flipbox-back.flip-box:before{background-color: rgba(126, 211, 33, 1);}"}},{"id":1499256854565,"name":"heading","visibility":true,"settings":{"admin_label":"Peking Roasted Duck","title":"Peking Roasted Duck","heading_selector":"h3","use_link":"0","title_link":"","link_new_tab":"0","title_fontsize":"16","title_fontstyle":null,"title_fontweight":"700","title_lineheight":"","title_letterspace":"0","title_margin":"30px 0px 10px 0px","title_padding":"0px 0px 0px 0px","alignment":"sppb-text-left","class":"","global_text_color":"rgba(41, 51, 64, 1)","global_link_color":"","global_link_hover_color":"","global_use_background":"0","global_background_color":"","global_background_image":"","global_background_repeat":"no-repeat","global_background_size":"cover","global_background_attachment":"inherit","global_user_border":"0","global_border_width":"","global_border_color":"","global_boder_style":"none","global_border_radius":"","global_margin":"","global_padding":"","global_use_animation":"0","global_animation":"","global_animationduration":"300","global_animationdelay":"0","hidden_md":"0","hidden_sm":"0","hidden_xs":"0","acl":null},"htmlContent":"<div id=\"sppb-addon-1499256854565\" class=\"clearfix\" ><div class=\"sppb-addon sppb-addon-header sppb-text-left\"><h3 class=\"sppb-addon-title\">Peking Roasted Duck<\/h3><\/div><\/div>","assets":{"css":"#sppb-addon-1499256854565 {\n\tcolor: rgba(41, 51, 64, 1);\n}\n#sppb-addon-1499256854565 .sppb-addon-title {\nfont-size:16px;line-height:16px;font-weight:700;}\n#sppb-addon-1499256854565 h3.sppb-addon-title {margin: 30px 0px 10px 0px; padding: 0px 0px 0px 0px; }"}},{"id":1499256854566,"name":"heading","visibility":true,"settings":{"admin_label":"Choosing The Perfect Charcoal Grill","title":"Choosing The Perfect Charcoal Grill","heading_selector":"h4","use_link":"0","title_link":"","link_new_tab":"0","title_fontsize":"14","title_fontstyle":null,"title_fontweight":"","title_lineheight":"","title_letterspace":"0","title_margin":"0px 0px 30px 0px","title_padding":"0px 0px 0px 0px","alignment":"sppb-text-left","class":"","global_text_color":"rgba(135, 135, 135, 1)","global_link_color":"","global_link_hover_color":"","global_use_background":"0","global_background_color":"","global_background_image":"","global_background_repeat":"no-repeat","global_background_size":"cover","global_background_attachment":"inherit","global_user_border":"0","global_border_width":"","global_border_color":"","global_boder_style":"none","global_border_radius":"","global_margin":"","global_padding":"","global_use_animation":"0","global_animation":"","global_animationduration":"300","global_animationdelay":"0","hidden_md":"0","hidden_sm":"0","hidden_xs":"0","acl":null},"htmlContent":"<div id=\"sppb-addon-1499256854566\" class=\"clearfix\" ><div class=\"sppb-addon sppb-addon-header sppb-text-left\"><h4 class=\"sppb-addon-title\">Choosing The Perfect Charcoal Grill<\/h4><\/div><\/div>","assets":{"css":"#sppb-addon-1499256854566 {\n\tcolor: rgba(135, 135, 135, 1);\n}\n#sppb-addon-1499256854566 .sppb-addon-title {\nfont-size:14px;line-height:14px;}\n#sppb-addon-1499256854566 h4.sppb-addon-title {margin: 0px 0px 30px 0px; padding: 0px 0px 0px 0px; }"}}]},{"id":1499256854567,"class_name":"col-md-4","visibility":true,"settings":{"color":"","background":"","background_image":"","overlay":"","background_repeat":"no-repeat","background_size":"cover","background_attachment":"scroll","background_position":"0 0","padding":"0 10px 0 10px","class":"","sm_col":"","xs_col":"","hidden_xs":"","hidden_sm":"","hidden_md":"","animation":"","animationduration":"300","animationdelay":"0"},"addons":[{"id":1499256854568,"name":"flip_box","visibility":true,"settings":{"admin_label":"","flip_bhave":"hover","front_text":"","flip_text":"<h3 style=\"font-size: 16px;font-weight: 700;\">Peking Roasted Duck<\/h3>\nChoosing The Perfect Charcoal Grill<br><br>\n<a href=\"#\" class=\"btn btn-primary\" style=\"background: #fff;color: #7ED321;font-size: 12px;border: none; padding: 11px 30px; border-radius: 20px;\">Add To Cart<\/a>","class":"","flip_style":"threeD_style","rotate":"flip_left","height":"390","text_align":"center","border_styles":null,"border_color":"","front_bgcolor":"","front_bgimg":"https://sppagebuilder.com/sample-data/images/2017/07/05/service5.jpg","front_textcolor":"","back_bgcolor":"rgba(126, 211, 33, 1)","back_bgimg":"","back_textcolor":"#ffffff","global_text_color":"","global_link_color":"","global_link_hover_color":"","global_use_background":"0","global_background_color":"","global_background_image":"","global_background_repeat":"no-repeat","global_background_size":"cover","global_background_attachment":"inherit","global_user_border":"0","global_border_width":"","global_border_color":"","global_boder_style":"none","global_border_radius":"","global_margin":"","global_padding":"","global_use_animation":"0","global_animation":"","global_animationduration":"300","global_animationdelay":"0","hidden_md":"0","hidden_sm":"0","hidden_xs":"0","acl":null},"htmlContent":"<div id=\"sppb-addon-1499256854568\" class=\"clearfix\" ><div class=\"sppb-addon sppb-addon-sppb-flibox  threeD-flipbox flip_left flipon-hover sppb-text-center\"><div class=\"threeD-content-wrap\"><div class=\"threeD-item\"><div class = \"threeD-flip-front\"><div class = \"threeD-content-inner\"><\/div><\/div><div class = \"threeD-flip-back\"><div class = \"threeD-content-inner\"><h3 style=\"font-size: 16px;font-weight: 700;\">Peking Roasted Duck<\/h3>\nChoosing The Perfect Charcoal Grill<br><br>\n<a href=\"#\" class=\"btn btn-primary\" style=\"background: #fff;color: #7ED321;font-size: 12px;border: none; padding: 11px 30px; border-radius: 20px;\">Add To Cart<\/a><\/div><\/div ><\/div><\/div><\/div><\/div>","assets":{"css":"#sppb-addon-1499256854568 .sppb-flipbox-panel {height: 390px;}#sppb-addon-1499256854568 .threeD-item {height: 390px;}#sppb-addon-1499256854568 .sppb-flipbox-front {background-image: url(https://sppagebuilder.com/sample-data/images/2017/07/05/service5.jpg);}#sppb-addon-1499256854568 .threeD-flip-front {background-image: url(https://sppagebuilder.com/sample-data/images/2017/07/05/service5.jpg);}#sppb-addon-1499256854568 .sppb-flipbox-back {color: #ffffff;}#sppb-addon-1499256854568 .threeD-flip-back {color: #ffffff;}#sppb-addon-1499256854568 .threeD-flip-back:before{background-color: rgba(126, 211, 33, 1);}#sppb-addon-1499256854568 .sppb-flipbox-back.flip-box:before{background-color: rgba(126, 211, 33, 1);}"}},{"id":1499256854569,"name":"heading","visibility":true,"settings":{"admin_label":"Salad With Chicken","title":"Salad With Chicken","heading_selector":"h3","use_link":"0","title_link":"","link_new_tab":"0","title_fontsize":"16","title_fontstyle":null,"title_fontweight":"700","title_lineheight":"","title_letterspace":"0","title_margin":"30px 0px 10px 0px","title_padding":"0px 0px 0px 0px","alignment":"sppb-text-left","class":"","global_text_color":"rgba(41, 51, 64, 1)","global_link_color":"","global_link_hover_color":"","global_use_background":"0","global_background_color":"","global_background_image":"","global_background_repeat":"no-repeat","global_background_size":"cover","global_background_attachment":"inherit","global_user_border":"0","global_border_width":"","global_border_color":"","global_boder_style":"none","global_border_radius":"","global_margin":"","global_padding":"","global_use_animation":"0","global_animation":"","global_animationduration":"300","global_animationdelay":"0","hidden_md":"0","hidden_sm":"0","hidden_xs":"0","acl":null},"htmlContent":"<div id=\"sppb-addon-1499256854569\" class=\"clearfix\" ><div class=\"sppb-addon sppb-addon-header sppb-text-left\"><h3 class=\"sppb-addon-title\">Salad With Chicken<\/h3><\/div><\/div>","assets":{"css":"#sppb-addon-1499256854569 {\n\tcolor: rgba(41, 51, 64, 1);\n}\n#sppb-addon-1499256854569 .sppb-addon-title {\nfont-size:16px;line-height:16px;font-weight:700;}\n#sppb-addon-1499256854569 h3.sppb-addon-title {margin: 30px 0px 10px 0px; padding: 0px 0px 0px 0px; }"}},{"id":1499256854570,"name":"heading","visibility":true,"settings":{"admin_label":"Smarter Food Choices 101 Tips","title":"Smarter Food Choices 101 Tips","heading_selector":"h4","use_link":"0","title_link":"","link_new_tab":"0","title_fontsize":"14","title_fontstyle":null,"title_fontweight":"","title_lineheight":"","title_letterspace":"0","title_margin":"0px 0px 30px 0px","title_padding":"0px 0px 0px 0px","alignment":"sppb-text-left","class":"","global_text_color":"rgba(135, 135, 135, 1)","global_link_color":"","global_link_hover_color":"","global_use_background":"0","global_background_color":"","global_background_image":"","global_background_repeat":"no-repeat","global_background_size":"cover","global_background_attachment":"inherit","global_user_border":"0","global_border_width":"","global_border_color":"","global_boder_style":"none","global_border_radius":"","global_margin":"","global_padding":"","global_use_animation":"0","global_animation":"","global_animationduration":"300","global_animationdelay":"0","hidden_md":"0","hidden_sm":"0","hidden_xs":"0","acl":null},"htmlContent":"<div id=\"sppb-addon-1499256854570\" class=\"clearfix\" ><div class=\"sppb-addon sppb-addon-header sppb-text-left\"><h4 class=\"sppb-addon-title\">Smarter Food Choices 101 Tips<\/h4><\/div><\/div>","assets":{"css":"#sppb-addon-1499256854570 {\n\tcolor: rgba(135, 135, 135, 1);\n}\n#sppb-addon-1499256854570 .sppb-addon-title {\nfont-size:14px;line-height:14px;}\n#sppb-addon-1499256854570 h4.sppb-addon-title {margin: 0px 0px 30px 0px; padding: 0px 0px 0px 0px; }"}}]},{"id":1499256854571,"class_name":"col-md-4","visibility":true,"settings":{"color":"","background":"","background_image":"","overlay":"","background_repeat":"no-repeat","background_size":"cover","background_attachment":"scroll","background_position":"0 0","padding":"0 10px 0 10px","class":"","sm_col":"","xs_col":"","hidden_xs":"","hidden_sm":"","hidden_md":"","animation":"","animationduration":"300","animationdelay":"0"},"addons":[{"id":1499256854572,"name":"flip_box","visibility":true,"settings":{"admin_label":"","flip_bhave":"hover","front_text":"","flip_text":"<h3 style=\"font-size: 16px;font-weight: 700;\">Peking Roasted Duck<\/h3>\nChoosing The Perfect Charcoal Grill<br><br>\n<a href=\"#\" class=\"btn btn-primary\" style=\"background: #fff;color: #7ED321;font-size: 12px;border: none; padding: 11px 30px; border-radius: 20px;\">Add To Cart<\/a>","class":"","flip_style":"threeD_style","rotate":"flip_left","height":"390","text_align":"center","border_styles":null,"border_color":"","front_bgcolor":"","front_bgimg":"https://sppagebuilder.com/sample-data/images/2017/07/06/service6.jpg","front_textcolor":"","back_bgcolor":"rgba(126, 211, 33, 1)","back_bgimg":"","back_textcolor":"#ffffff","global_text_color":"","global_link_color":"","global_link_hover_color":"","global_use_background":"0","global_background_color":"","global_background_image":"","global_background_repeat":"no-repeat","global_background_size":"cover","global_background_attachment":"inherit","global_user_border":"0","global_border_width":"","global_border_color":"","global_boder_style":"none","global_border_radius":"","global_margin":"","global_padding":"","global_use_animation":"0","global_animation":"","global_animationduration":"300","global_animationdelay":"0","hidden_md":"0","hidden_sm":"0","hidden_xs":"0","acl":null},"htmlContent":"<div id=\"sppb-addon-1499256854572\" class=\"clearfix\" ><div class=\"sppb-addon sppb-addon-sppb-flibox  threeD-flipbox flip_left flipon-hover sppb-text-center\"><div class=\"threeD-content-wrap\"><div class=\"threeD-item\"><div class = \"threeD-flip-front\"><div class = \"threeD-content-inner\"><\/div><\/div><div class = \"threeD-flip-back\"><div class = \"threeD-content-inner\"><h3 style=\"font-size: 16px;font-weight: 700;\">Peking Roasted Duck<\/h3>\nChoosing The Perfect Charcoal Grill<br><br>\n<a href=\"#\" class=\"btn btn-primary\" style=\"background: #fff;color: #7ED321;font-size: 12px;border: none; padding: 11px 30px; border-radius: 20px;\">Add To Cart<\/a><\/div><\/div ><\/div><\/div><\/div><\/div>","assets":{"css":"#sppb-addon-1499256854572 .sppb-flipbox-panel {height: 390px;}#sppb-addon-1499256854572 .threeD-item {height: 390px;}#sppb-addon-1499256854572 .sppb-flipbox-front {background-image: url(https://sppagebuilder.com/sample-data/images/2017/07/06/service6.jpg);}#sppb-addon-1499256854572 .threeD-flip-front {background-image: url(https://sppagebuilder.com/sample-data/images/2017/07/06/service6.jpg);}#sppb-addon-1499256854572 .sppb-flipbox-back {color: #ffffff;}#sppb-addon-1499256854572 .threeD-flip-back {color: #ffffff;}#sppb-addon-1499256854572 .threeD-flip-back:before{background-color: rgba(126, 211, 33, 1);}#sppb-addon-1499256854572 .sppb-flipbox-back.flip-box:before{background-color: rgba(126, 211, 33, 1);}"}},{"id":1499256854573,"name":"heading","visibility":true,"settings":{"admin_label":"Gong Bao Chicken","title":"Gong Bao Chicken","heading_selector":"h3","use_link":"0","title_link":"","link_new_tab":"0","title_fontsize":"16","title_fontstyle":null,"title_fontweight":"700","title_lineheight":"","title_letterspace":"0","title_margin":"30px 0px 10px 0px","title_padding":"0px 0px 0px 0px","alignment":"sppb-text-left","class":"","global_text_color":"rgba(41, 51, 64, 1)","global_link_color":"","global_link_hover_color":"","global_use_background":"0","global_background_color":"","global_background_image":"","global_background_repeat":"no-repeat","global_background_size":"cover","global_background_attachment":"inherit","global_user_border":"0","global_border_width":"","global_border_color":"","global_boder_style":"none","global_border_radius":"","global_margin":"","global_padding":"","global_use_animation":"0","global_animation":"","global_animationduration":"300","global_animationdelay":"0","hidden_md":"0","hidden_sm":"0","hidden_xs":"0","acl":null},"htmlContent":"<div id=\"sppb-addon-1499256854573\" class=\"clearfix\" ><div class=\"sppb-addon sppb-addon-header sppb-text-left\"><h3 class=\"sppb-addon-title\">Gong Bao Chicken<\/h3><\/div><\/div>","assets":{"css":"#sppb-addon-1499256854573 {\n\tcolor: rgba(41, 51, 64, 1);\n}\n#sppb-addon-1499256854573 .sppb-addon-title {\nfont-size:16px;line-height:16px;font-weight:700;}\n#sppb-addon-1499256854573 h3.sppb-addon-title {margin: 30px 0px 10px 0px; padding: 0px 0px 0px 0px; }"}},{"id":1499256854574,"name":"heading","visibility":true,"settings":{"admin_label":"Cooking On A George Foreman Grill","title":"Cooking On A George Foreman Grill","heading_selector":"h4","use_link":"0","title_link":"","link_new_tab":"0","title_fontsize":"14","title_fontstyle":null,"title_fontweight":"","title_lineheight":"","title_letterspace":"0","title_margin":"0px 0px 30px 0px","title_padding":"0px 0px 0px 0px","alignment":"sppb-text-left","class":"","global_text_color":"rgba(135, 135, 135, 1)","global_link_color":"","global_link_hover_color":"","global_use_background":"0","global_background_color":"","global_background_image":"","global_background_repeat":"no-repeat","global_background_size":"cover","global_background_attachment":"inherit","global_user_border":"0","global_border_width":"","global_border_color":"","global_boder_style":"none","global_border_radius":"","global_margin":"","global_padding":"","global_use_animation":"0","global_animation":"","global_animationduration":"300","global_animationdelay":"0","hidden_md":"0","hidden_sm":"0","hidden_xs":"0","acl":null},"htmlContent":"<div id=\"sppb-addon-1499256854574\" class=\"clearfix\" ><div class=\"sppb-addon sppb-addon-header sppb-text-left\"><h4 class=\"sppb-addon-title\">Cooking On A George Foreman Grill<\/h4><\/div><\/div>","assets":{"css":"#sppb-addon-1499256854574 {\n\tcolor: rgba(135, 135, 135, 1);\n}\n#sppb-addon-1499256854574 .sppb-addon-title {\nfont-size:14px;line-height:14px;}\n#sppb-addon-1499256854574 h4.sppb-addon-title {margin: 0px 0px 30px 0px; padding: 0px 0px 0px 0px; }"}}]}]},{"id":1499315442071,"name":"button","visibility":true,"settings":{"admin_label":"View More","text":"View More","alignment":"sppb-text-center","fontstyle":null,"letterspace":"0","url":"#","target":"","type":"custom","appearance":"","background_color":"rgba(126, 211, 33, 1)","color":"#ffffff","background_color_hover":"rgba(99, 189, 21, 1)","color_hover":"#ffffff","button_padding":"12.5px 40px 12.5px 40px","size":"","shape":"round","block":"","icon":"","icon_position":"left","class":"","global_text_color":"","global_link_color":"","global_link_hover_color":"","global_use_background":"0","global_background_color":"","global_background_image":"","global_background_repeat":"no-repeat","global_background_size":"cover","global_background_attachment":"inherit","global_user_border":"0","global_border_width":"","global_border_color":"","global_boder_style":"none","global_border_radius":"","global_margin":"0 0 100px 0","global_padding":"","global_use_animation":"0","global_animation":"","global_animationduration":"300","global_animationdelay":"0","hidden_md":"0","hidden_sm":"0","hidden_xs":"0","acl":null}},{"id":1499316112721,"name":"divider","visibility":true,"settings":{"admin_label":"","divider_type":"border","divider_image":"","background_repeat":"no-repeat","divider_height":"10","border_style":"solid","border_width":"1","border_color":"rgba(240, 240, 240, 1)","margin_top":"15","margin_bottom":"15","class":"","global_text_color":"","global_link_color":"","global_link_hover_color":"","global_use_background":"0","global_background_color":"","global_background_image":"","global_background_repeat":"no-repeat","global_background_size":"cover","global_background_attachment":"inherit","global_user_border":"0","global_border_width":"","global_border_color":"","global_boder_style":"none","global_border_radius":"","global_margin":"","global_padding":"","global_use_animation":"0","global_animation":"","global_animationduration":"300","global_animationdelay":"0","hidden_md":"0","hidden_sm":"0","hidden_xs":"0","acl":null}}]}]},{"id":1499315442055,"visibility":true,"collapse":false,"settings":{"admin_label":"New habits","title":"","heading_selector":"h3","title_fontsize":"","title_fontweight":"","title_text_color":"","title_margin_top":"","title_margin_bottom":"","subtitle":"","subtitle_fontsize":"","title_position":"sppb-text-center","columns_equal_height":"0","fullscreen":"0","no_gutter":"0","id":"","class":"","padding":"30px 0px 115px 0px","margin":"0px 0px 0px 0px","color":"","background_color":"","background_image":"","overlay":"","background_repeat":"no-repeat","background_size":"cover","background_attachment":"fixed","background_position":"0 0","background_video":"0","background_video_mp4":"","background_video_ogv":"","hidden_xs":"","hidden_sm":"","hidden_md":"","animation":"","animationduration":"300","animationdelay":"0"},"layout":"12","columns":[{"id":1499315442056,"class_name":"col-md-12","visibility":true,"settings":{},"addons":[{"id":1499316112726,"name":"heading","visibility":true,"settings":{"admin_label":"It Really Works","title":"It Really Works","heading_selector":"h2","use_link":"0","title_link":"","link_new_tab":"0","title_fontsize":"18","title_fontstyle":null,"title_fontweight":"300","title_lineheight":"","title_letterspace":"0","title_margin":"0px 0px 25px 0px","title_padding":"0px 0px 0px 0px","alignment":"sppb-text-center","class":"","global_text_color":"rgba(135, 135, 135, 1)","global_link_color":"","global_link_hover_color":"","global_use_background":"0","global_background_color":"","global_background_image":"","global_background_repeat":"no-repeat","global_background_size":"cover","global_background_attachment":"inherit","global_user_border":"0","global_border_width":"","global_border_color":"","global_boder_style":"none","global_border_radius":"","global_margin":"","global_padding":"","global_use_animation":"0","global_animation":"","global_animationduration":"300","global_animationdelay":"0","hidden_md":"0","hidden_sm":"0","hidden_xs":"0","acl":null}},{"id":1499316112729,"name":"heading","visibility":true,"settings":{"admin_label":"New habits","title":"New habits","heading_selector":"h2","use_link":"0","title_link":"","link_new_tab":"0","title_fontsize":"36","title_fontstyle":null,"title_fontweight":"400","title_lineheight":"","title_letterspace":"0","title_margin":"0px 0px 10px 0px","title_padding":"0px 0px 0px 0px","alignment":"sppb-text-center","class":"","global_text_color":"rgba(41, 51, 64, 1)","global_link_color":"","global_link_hover_color":"","global_use_background":"0","global_background_color":"","global_background_image":"","global_background_repeat":"no-repeat","global_background_size":"cover","global_background_attachment":"inherit","global_user_border":"0","global_border_width":"","global_border_color":"","global_boder_style":"none","global_border_radius":"","global_margin":"0 0 100px 0","global_padding":"","global_use_animation":"0","global_animation":"","global_animationduration":"300","global_animationdelay":"0","hidden_md":"0","hidden_sm":"0","hidden_xs":"0","acl":null}},{"id":1499316724894,"name":"timeline","visibility":true,"settings":{"admin_label":"","title":"","heading_selector":"h3","title_fontsize":"","title_lineheight":"","title_fontstyle":null,"title_letterspace":"0","title_fontweight":"","title_text_color":"","title_margin_top":"","title_margin_bottom":"","bar_color":"rgba(126, 211, 33, 1)","class":"","sp_timeline_items":[{"title":"Is It Good To Hire A Personal Chef","content":"\tChoosing The Perfect Charcoal Grill","date":"Week 1 : Get Motivated"},{"title":"Top 3 Reasons Why You Need","content":"The Wonderful Tools Of Cooking","date":"Week 2 : Plan Your Time"},{"title":"Grilled Roast Vegetables","content":"Love Food Read All About It With A Cooking","date":"Week 3 : Maintaining Yourself"},{"title":"Sweet and Sour Pork","content":"The Wonderful Tools Of Cooking","date":"Week 4 : See Your Habits"},{"title":"Peking Roasted Duck","content":"Smarter Food Choices 101 Tips","date":"Week 1-4 : Got New Habits"}],"global_text_color":"","global_link_color":"","global_link_hover_color":"","global_use_background":"0","global_background_color":"","global_background_image":"","global_background_repeat":"no-repeat","global_background_size":"cover","global_background_attachment":"inherit","global_user_border":"0","global_border_width":"","global_border_color":"","global_boder_style":"none","global_border_radius":"","global_margin":"","global_padding":"","global_use_animation":"0","global_animation":"","global_animationduration":"300","global_animationdelay":"0","hidden_md":"0","hidden_sm":"0","hidden_xs":"0","acl":null}}]}]},{"id":1499317093316,"visibility":true,"collapse":false,"settings":{"admin_label":"Call to action","title":"","heading_selector":"h3","title_fontsize":"","title_fontweight":"","title_text_color":"","title_margin_top":"","title_margin_bottom":"","subtitle":"","subtitle_fontsize":"","title_position":"sppb-text-center","columns_equal_height":"0","fullscreen":"0","no_gutter":"0","id":"","class":"","padding":"175px 0px 180px 0px","margin":"0px 0px 0px 0px","color":"","background_color":"","background_image":"https://sppagebuilder.com/sample-data/images/2017/07/10/hero-section2.jpg","overlay":"","background_repeat":"no-repeat","background_size":"cover","background_attachment":"inherit","background_position":"50% 50%","background_video":"0","background_video_mp4":"","background_video_ogv":"","hidden_xs":"","hidden_sm":"","hidden_md":"","animation":"","animationduration":"300","animationdelay":"0"},"layout":"12","columns":[{"id":1499247916203,"class_name":"col-md-12","visibility":true,"settings":{},"addons":[{"id":1499248472707,"name":"heading","visibility":true,"settings":{"admin_label":"We love food, lots of different food, just like you.","title":"We love food, lots of different food, just like you.","heading_selector":"h2","use_link":"0","title_link":"","link_new_tab":"0","title_fontsize":"18","title_fontstyle":null,"title_fontweight":"300","title_lineheight":"1.5","title_letterspace":"0","title_margin":"0px 0px 17px 0px","title_padding":"0px 0px 0px 0px","alignment":"sppb-text-left","class":"","global_text_color":"rgba(135, 135, 135, 1)","global_link_color":"","global_link_hover_color":"","global_use_background":"0","global_background_color":"","global_background_image":"","global_background_repeat":"no-repeat","global_background_size":"cover","global_background_attachment":"inherit","global_user_border":"0","global_border_width":"","global_border_color":"","global_boder_style":"none","global_border_radius":"","global_margin":"","global_padding":"","global_use_animation":"0","global_animation":"","global_animationduration":"300","global_animationdelay":"0","hidden_md":"0","hidden_sm":"0","hidden_xs":"0","acl":null}},{"id":1499247916208,"name":"heading","visibility":true,"settings":{"admin_label":"The Principles Of Scientific Cooking","title":"The Principles Of Scientific Cooking","heading_selector":"h2","use_link":"0","title_link":"","link_new_tab":"0","title_fontsize":"36","title_fontstyle":null,"title_fontweight":"400","title_lineheight":"1.5","title_letterspace":"0","title_margin":"0px 0px 30px 0px","title_padding":"0px 0px 0px 0px","alignment":"sppb-text-left","class":"","global_text_color":"rgba(41, 51, 64, 1)","global_link_color":"","global_link_hover_color":"","global_use_background":"0","global_background_color":"","global_background_image":"","global_background_repeat":"no-repeat","global_background_size":"cover","global_background_attachment":"inherit","global_user_border":"0","global_border_width":"","global_border_color":"","global_boder_style":"none","global_border_radius":"","global_margin":"","global_padding":"","global_use_animation":"0","global_animation":"","global_animationduration":"300","global_animationdelay":"0","hidden_md":"0","hidden_sm":"0","hidden_xs":"0","acl":null}},{"id":1499248681960,"name":"button","visibility":true,"settings":{"admin_label":"Learn More","text":"Learn More","alignment":"sppb-text-left","fontstyle":null,"letterspace":"0","url":"#","target":"","type":"custom","appearance":"","background_color":"rgba(126, 211, 33, 1)","color":"#ffffff","background_color_hover":"rgba(99, 189, 21, 1)","color_hover":"#ffffff","button_padding":"12.5px 40px 12.5px 40px","size":"","shape":"round","block":"","icon":"","icon_position":"left","class":"","global_text_color":"","global_link_color":"","global_link_hover_color":"","global_use_background":"0","global_background_color":"","global_background_image":"","global_background_repeat":"no-repeat","global_background_size":"cover","global_background_attachment":"inherit","global_user_border":"0","global_border_width":"","global_border_color":"","global_boder_style":"none","global_border_radius":"","global_margin":"","global_padding":"","global_use_animation":"0","global_animation":"","global_animationduration":"300","global_animationdelay":"0","hidden_md":"0","hidden_sm":"0","hidden_xs":"0","acl":null}}]}]},{"id":1499317147784,"visibility":true,"collapse":false,"settings":{"admin_label":"Happy peoples","title":"","heading_selector":"h3","title_fontsize":"","title_fontweight":"","title_text_color":"","title_margin_top":"","title_margin_bottom":"","subtitle":"","subtitle_fontsize":"","title_position":"sppb-text-center","columns_equal_height":"0","fullscreen":"0","no_gutter":"0","id":"","class":"","padding":"100px 0px 100px 0px","margin":"0px 0px 0px 0px","color":"","background_color":"","background_image":"","overlay":"","background_repeat":"no-repeat","background_size":"cover","background_attachment":"fixed","background_position":"0 0","background_video":"0","background_video_mp4":"","background_video_ogv":"","hidden_xs":"","hidden_sm":"","hidden_md":"","animation":"","animationduration":"300","animationdelay":"0"},"layout":"12","columns":[{"id":1499317147785,"class_name":"col-md-12","visibility":true,"settings":{},"addons":[{"id":1499317147786,"name":"heading","visibility":true,"settings":{"admin_label":"Customer Reviews","title":"Customer Reviews","heading_selector":"h2","use_link":"0","title_link":"","link_new_tab":"0","title_fontsize":"18","title_fontstyle":null,"title_fontweight":"300","title_lineheight":"","title_letterspace":"0","title_margin":"0px 0px 25px 0px","title_padding":"0px 0px 0px 0px","alignment":"sppb-text-center","class":"","global_text_color":"rgba(135, 135, 135, 1)","global_link_color":"","global_link_hover_color":"","global_use_background":"0","global_background_color":"","global_background_image":"","global_background_repeat":"no-repeat","global_background_size":"cover","global_background_attachment":"inherit","global_user_border":"0","global_border_width":"","global_border_color":"","global_boder_style":"none","global_border_radius":"","global_margin":"","global_padding":"","global_use_animation":"0","global_animation":"","global_animationduration":"300","global_animationdelay":"0","hidden_md":"0","hidden_sm":"0","hidden_xs":"0","acl":null}},{"id":1499317147787,"name":"heading","visibility":true,"settings":{"admin_label":"Happy peoples","title":"Happy peoples","heading_selector":"h2","use_link":"0","title_link":"","link_new_tab":"0","title_fontsize":"36","title_fontstyle":null,"title_fontweight":"400","title_lineheight":"","title_letterspace":"0","title_margin":"0px 0px 10px 0px","title_padding":"0px 0px 0px 0px","alignment":"sppb-text-center","class":"","global_text_color":"rgba(41, 51, 64, 1)","global_link_color":"","global_link_hover_color":"","global_use_background":"0","global_background_color":"","global_background_image":"","global_background_repeat":"no-repeat","global_background_size":"cover","global_background_attachment":"inherit","global_user_border":"0","global_border_width":"","global_border_color":"","global_boder_style":"none","global_border_radius":"","global_margin":"0 0 55px 0","global_padding":"","global_use_animation":"0","global_animation":"","global_animationduration":"300","global_animationdelay":"0","hidden_md":"0","hidden_sm":"0","hidden_xs":"0","acl":null}},{"id":1499317147799,"type":"inner_row","settings":{"admin_label":"","title":"","heading_selector":"h3","title_fontsize":"","title_fontweight":"","title_text_color":"","title_margin_top":"","title_margin_bottom":"","subtitle":"","subtitle_fontsize":"","title_position":"sppb-text-center","columns_equal_height":"0","fullscreen":"0","no_gutter":"0","id":"","class":"","padding":"0px 0px 50px 0px","margin":"0px 0px 0px 0px","color":"","background_color":"","background_image":"","overlay":"","background_repeat":"no-repeat","background_size":"cover","background_attachment":"fixed","background_position":"0 0","background_video":"0","background_video_mp4":"","background_video_ogv":"","hidden_xs":"","hidden_sm":"","hidden_md":"","animation":"","animationduration":"300","animationdelay":"0"},"layout":"2,8,2","visibility":true,"columns":[{"id":1499317147800,"class_name":"col-md-2","visibility":true,"settings":{},"addons":[]},{"id":1499317147803,"class_name":"col-md-8","visibility":true,"settings":{},"addons":[{"id":1499317725401,"name":"testimonialpro","visibility":true,"settings":{"autoplay":"1","arrows":"1","class":"","sp_testimonialpro_item":[{"title":"Jon Don","avatar":"https://sppagebuilder.com/sample-data/images/2017/07/06/client1.png","avatar_style":"sppb-img-circle","message":"\tIt is a long established fact that a reader will be distracted by the readable content of a page when looking at its layout. The point of using Lorem Ipsum is that it has a more-or-less normal distribution of letters, as opposed to using 'Content here, content here', making it look like readable English.","url":""},{"title":"Selena Gomez","avatar":"https://sppagebuilder.com/sample-data/images/2017/07/06/client2.png","avatar_style":"sppb-img-circle","message":"\tIt is a long established fact that a reader will be distracted by the readable content of a page when looking at its layout. The point of using Lorem Ipsum is that it has a more-or-less normal distribution of letters, as opposed to using 'Content here, content here', making it look like readable English.","url":""}],"global_text_color":"","global_link_color":"","global_link_hover_color":"","global_use_background":"0","global_background_color":"","global_background_image":"","global_background_repeat":"no-repeat","global_background_size":"cover","global_background_attachment":"inherit","global_user_border":"0","global_border_width":"","global_border_color":"","global_boder_style":"none","global_border_radius":"","global_margin":"","global_padding":"","global_use_animation":"0","global_animation":"","global_animationduration":"300","global_animationdelay":"0","hidden_md":"0","hidden_sm":"0","hidden_xs":"0","acl":null,"dynamicId":1499317725401},"htmlContent":"<div id=\"sppb-addon-1499317725401\" class=\"clearfix\" ><div class=\"sppb-carousel sppb-testimonial-pro sppb-slide  sppb-text-center\" data-sppb-ride=\"sppb-carousel\"><div class=\"sppb-carousel-inner\"><div class=\"sppb-item\"><img class=\"sppb-img-responsive sppb-avatar sppb-img-circle\" src=\"https://sppagebuilder.com/sample-data/images/2017/07/06/client1.png\" alt=\"\"><div class=\"sppb-testimonial-message\">\tIt is a long established fact that a reader will be distracted by the readable content of a page when looking at its layout. The point of using Lorem Ipsum is that it has a more-or-less normal distribution of letters, as opposed to using 'Content here, content here', making it look like readable English.<\/div><div class=\"sppb-testimonial-client\"><strong class=\"pro-client-name\">Jon Don<\/strong><\/div><\/div><div class=\"sppb-item\"><img class=\"sppb-img-responsive sppb-avatar sppb-img-circle\" src=\"https://sppagebuilder.com/sample-data/images/2017/07/06/client2.png\" alt=\"\"><div class=\"sppb-testimonial-message\">\tIt is a long established fact that a reader will be distracted by the readable content of a page when looking at its layout. The point of using Lorem Ipsum is that it has a more-or-less normal distribution of letters, as opposed to using 'Content here, content here', making it look like readable English.<\/div><div class=\"sppb-testimonial-client\"><strong class=\"pro-client-name\">Selena Gomez<\/strong><\/div><\/div><\/div><a class=\"left sppb-carousel-control\" role=\"button\" data-slide=\"prev\"><i class=\"fa fa-angle-left\"><\/i><\/a><a class=\"right sppb-carousel-control\" role=\"button\" data-slide=\"next\"><i class=\"fa fa-angle-right\"><\/i><\/a><\/div><\/div>","assets":[]}]},{"id":1499317147804,"class_name":"col-md-2","visibility":true,"settings":{},"addons":[]}]}]}]}]
