<?xml version="1.0" encoding="utf-8"?>
<form>
	<fields name="params" addfieldpath="/plugins/system/plazart/includes/depend">
        <fieldset name="preset_params" label="PLAZART_PRESET_LABEL" description="PLAZART_PRESET_DESC">

            <field name="presetimage" type="media" />
            <field name="preset" type="plazartpreset" default="default"
                   label="PLAZART_PRESETS_LABEL"
                   description="PLAZART_PRESETS_DESC"
                    />
        </fieldset>
		<fieldset name="theme_params" label="PLAZART_THEME_LABEL" description="PLAZART_THEME_DESC">
			<field name="theme" type="plazartfolderlist" default="default"
				label="PLAZART_THEME_THEME_LABEL"
				description="PLAZART_THEME_THEME_DESC"
				filter=".*"
				directory="css/themes"
				stripext="true"
                hide_default="1"
                hide_none="1" />
		</fieldset>

        <fieldset name="layout_params" description="PLAZART_LAYOUT_DESC">
            <field name="layoutbuilder_group_default" type="plazartdepend" function="@group">
                <option for="layout_enable" value="1">
                    generate,hide_component_area
                </option>
            </field>
            <field name="layout" type="plazartfilelist" default=""
                   label="TZ_THEME_LAYOUT_LABEL"
                   description="TZ_THEME_LAYOUT_DESC"
                   filter=".php"
                   directory="layouts"
                   stripext="true"
                   hide_none="true" hide_default="true" />
            <field name="layout_enable" type="radio" class="btn-group" default="1"
                   label="PLAZART_LAYOUT_ENABLE_LABEL"
                   description="PLAZART_LAYOUT_ENABLE_DESC">
                <option value="0">JNO</option>
                <option value="1">JYES</option>
            </field>
            <field name="hide_component_area" type="radio" class="btn-group" default="0"
                   label="PLAZART_HIDE_COMPONENT_AREA_LABEL"
                   description="PLAZART_HIDE_COMPONENT_AREA_DESC">
                <option value="0">JNO</option>
                <option value="1">JYES</option>
            </field>
            <field name="generate" type="hidden" value="" />

        </fieldset>

		<fieldset name="navigation_params" label="PLAZART_NAVIGATION_LABEL" description="PLAZART_NAVIGATION_DESC">
			<field name="navigation_group_default" type="plazartdepend" function="@group">
				<option for="navigation_type" value="megamenu">
                    mm_type,navigation_animation,navigation_animation_duration
				</option>
                <option for="navigation_trigger" value="hover">
                    navigation_animation,navigation_animation_duration
                </option>
			</field>
			<field name="navigation_ajax_default" type="plazartdepend" function="@ajax">
				<option 
					for="mm_type" 
					query="plazartaction=megamenu&amp;plazarttask=display"
					func="PlazartAdminMegamenu.plazartmegamenu">
				</option>
			</field>

            <field name="access_ajax_default" type="plazartdepend" function="@ajax">
                <option
                        for="mm_access"
                        query="plazartaction=megamenu&amp;plazarttask=display"
                        func="PlazartAdminMegamenu.plazartmegamenu">
                </option>
            </field>

			<field name="navigation_trigger" type="list" default="hover"
				global="1"
				label="PLAZART_NAVIGATION_TRIGGER_LABEL"
				description="PLAZART_NAVIGATION_TRIGGER_DESC">
				<option value="hover">Mouse Hover</option>
				<option value="click">Mouse Click</option>
			</field>

			<field name="navigation_collapse_offcanvas" type="radio" class="btn-group" default="0"
				global="1"
				label="PLAZART_NAVIGATION_COLLAPSE_OFFCANVAS"
				description="PLAZART_NAVIGATION_COLLAPSE_OFFCANVAS_DESC">
				<option value="0">JNO</option>
				<option value="1">JYES</option>
			</field>

			<field name="navigation_collapse_showsub" type="radio" class="btn-group" default="0"
				global="1"
				label="PLAZART_NAVIGATION_COLLAPSE_LABEL"
				description="PLAZART_NAVIGATION_COLLAPSE_DESC">
				<option value="0">JNO</option>
				<option value="1">JYES</option>
			</field>

			<field name="navigation_type" type="list" class="btn-group" default="megamenu"
				label="PLAZART_NAVIGATION_TYPE_LABEL"
				description="PLAZART_NAVIGATION_TYPE_DESC">
				<option value="none">None</option>
				<option value="megamenu">Megamenu</option>
			</field>

            <field name="navigation_animation" type="list" default=""
                   global="1"
                   label="PLAZART_NAVIGATION_ANIMATION_LABEL"
                   description="PLAZART_NAVIGATION_ANIMATION_DESC">
                <option value="">None</option>
                <option value="fading">Fading</option>
                <option value="slide">Slide</option>
                <option value="zoom">Zoom</option>
                <option value="elastic">Elastic</option>
            </field>

            <field name="navigation_animation_duration" type="text" default="400"
                   global="1"
                   label="PLAZART_NAVIGATION_ANIMATION_DURATION_LABEL"
                   description="PLAZART_NAVIGATION_ANIMATION_DURATION_DESC" />

            <field name="mm_access" type="accesslevel"
                   label="JFIELD_ACCESS_LABEL"
                   description="JFIELD_ACCESS_DESC"
                   class="span12 small" />

			<field name="mm_type" type="plazartmenu" default="mainmenu"
				label="PLAZART_NAVIGATION_MM_TYPE_LABEL"
				description="PLAZART_NAVIGATION_MM_TYPE_DESC"
				 />

			<field name="mm_config" type="plazartmegamenu" hide="true" global="1"
				label=""
				description=""
				 />
			
		</fieldset>

        <!-- Font settings -->
        <fieldset name="font_params" addfieldpath="/plugins/system/plazart/includes/depend">
            <field name="font_link1" type="plazarturl" label="PLAZART_GOOGLE_FONTS_URL"
                   description="PLAZART_GOOGLE_FONTS_URL_DESC" url="https://www.google.com/fonts"
                   text="PLAZART_CLICK_HERE"/>
            <field name="font_link2" type="plazarturl" label="PLAZART_SQUIRREL_FONTS_URL"
                   description="PLAZART_SQUIRREL_FONTS_URL_DESC" url="http://www.fontsquirrel.com/fontface"
                   text="PLAZART_CLICK_HERE"/>
            <field name="font_link3" type="plazarturl" label="PLAZART_EDGE_FONTS_URL"
                   description="PLAZART_EDGE_FONTS_URL_DESC" url="http://html.adobe.com/edge/webfonts/"
                   text="PLAZART_CLICK_HERE"/>
        </fieldset>

        <!-- Font settings -->
        <fieldset name="color_params" addfieldpath="/plugins/system/plazart/includes/depend">
            <field name="color_code_group1" type="plazartcolor"
                   label="PLAZART_COLOR_CODE_G1" description="PLAZART_FONT_NAME_G1_DESC"/>
            <field name="color_rules_group1" type="textarea" rows="6" cols="40" label="PLAZART_COLOR_RULES_G1"
                   description="PLAZART_COLOR_RULES_G1_DESC"/>
            <field name="color_code_group2" type="plazartcolor"
                   label="PLAZART_COLOR_CODE_G2" description="PLAZART_COLOR_CODE_G2_DESC"/>
            <field name="color_rules_group2" type="textarea" rows="6" cols="40" label="PLAZART_COLOR_RULES_G2"
                   description="PLAZART_COLOR_RULES_G2_DESC"/>
            <field name="color_code_group3" type="plazartcolor"
                   label="PLAZART_COLOR_CODE_G3" description="PLAZART_COLOR_CODE_G3_DESC"/>
            <field name="color_rules_group3" type="textarea" rows="6" cols="40" label="PLAZART_COLOR_RULES_G3"
                   description="PLAZART_COLOR_RULES_G3_DESC"/>
            <field name="color_code_group4" type="plazartcolor"
                   label="PLAZART_COLOR_CODE_G4" description="PLAZART_COLOR_CODE_G4_DESC"/>
            <field name="color_rules_group4" type="textarea" rows="6" cols="40" label="PLAZART_COLOR_RULES_G4"
                   description="PLAZART_COLOR_RULES_G4_DESC"/>
        </fieldset>

        <fieldset name="dev_params">
            <field name="requiredmode" type="radio" class="btn-group" default="1"
                   global="1"
                   label="PLAZART_REQUIRE_EXT_LABEL"
                   description="PLAZART_REQUIRE_EXT_DESC">
                <option value="0">JNO</option>
                <option value="1">JYES</option>
            </field>
            <field name="devmode" type="radio" class="btn-group" default="0"
                   global="1"
                   label="PLAZART_GENERAL_DEVELOPMENT_LABEL"
                   description="PLAZART_GENERAL_DEVELOPMENT_DESC">
                <option value="0">JNO</option>
                <option value="1">JYES</option>
            </field>
            <field name="layoutsave" type="radio" class="btn-group" default="0" label="PLAZART_GENERAL_SAVE_LAYOUT_AJAX_LABEL" global="1">
                <option value="0">JNO</option>
                <option value="1">JYES</option>
            </field>
            <field name="bootstrapversion" type="radio" class="btn-group" default="3"
                   global="1"
                   label="PLAZART_GENERAL_BOOTSTRAP_VERSION_LABEL"
                   description="PLAZART_GENERAL_BOOTSTRAP_VERSION_DESC" >
                <option value="2">PLAZART_GENERAL_BOOTSTRAP_VERSION_2</option>
                <option value="3">PLAZART_GENERAL_BOOTSTRAP_VERSION_3</option>
            </field>
            <field name="bootstraplegacy" type="radio" class="btn-group" default="0"
                   global="1"
                   label="PLAZART_GENERAL_LEGACY_LABEL"
                   description="PLAZART_GENERAL_LEGACY_DESC" >
                <option value="0">JNO</option>
                <option value="1">JYES</option>
            </field>
            <field name="minify" type="radio" class="btn-group" default="0"
                   global="1"
                   label="PLAZART_GENERAL_ASSETS_MINIFY_LABEL"
                   description="PLAZART_GENERAL_ASSETS_MINIFY_DESC" >
                <option value="0">JNO</option>
                <option value="1">JYES</option>
            </field>
            <field name="minify_js" type="radio" class="btn-group" default="0"
                   global="1"
                   label="PLAZART_GENERAL_ASSETS_MINIFYJS_LABEL"
                   description="PLAZART_GENERAL_ASSETS_MINIFYJS_DESC">
                <option value="0" class="off">JNO</option>
                <option value="1" class="on">JYES</option>
            </field>
            <field name="minify_js_tool" type="list" default="jsmin"
                   global="1"
                   label="PLAZART_GENERAL_ASSETS_MINIFYJS_TOOL_LABEL"
                   description="PLAZART_GENERAL_ASSETS_MINIFYJS_TOOL_DESC">
                <option value="jsmin">PLAZART_GENERAL_ASSETS_MINIFYJS_TOOL_JSMIN</option>
                <option value="closurecompiler">PLAZART_GENERAL_ASSETS_MINIFYJS_TOOL_CLOSURE</option>
            </field>

            <field name="minify_exclude" type="text" default=""
                   global="1"
                   label="PLAZART_GENERAL_ASSETS_MINIFYJS_EXCLUDE_LABEL"
                   description="PLAZART_GENERAL_ASSETS_MINIFYJS_EXCLUDE_DESC"/>
            <field name="animate" type="radio" class="btn-group" default="0"
                   global="1"
                   label="PLAZART_GENERAL_ANIMATE_LABEL"
                   description="PLAZART_GENERAL_ANIMATE_DESC" >
                <option value="0">JNO</option>
                <option value="1">JYES</option>
            </field>

            <field name="ov_clr_file" type="text" label="TPL_CLR_FILE_CHILD" default="plz_child_" description="TPL_CLR_FILE_CHILD_DESC" />

        </fieldset>

        <fieldset name="injection_params" label="PLAZART_INJECTION_LABEL" description="PLAZART_INJECTION_DESC">

            <field name="snippet_open_head" type="textarea"
                   class="plazart-admin-textarea"
                   global="1"
                   filter="raw"
                   default=""
                   label="PLAZART_INJECTION_OPEN_HEAD_LABEL"
                   description="PLAZART_INJECTION_OPEN_HEAD_DESC"
                    />

            <field name="snippet_close_head" type="textarea"
                   class="plazart-admin-textarea"
                   global="1"
                   filter="raw"
                   default=""
                   label="PLAZART_INJECTION_CLOSE_HEAD_LABEL"
                   description="PLAZART_INJECTION_CLOSE_HEAD_DESC"
                    />

            <field name="snippet_open_body" type="textarea"
                   class="plazart-admin-textarea"
                   global="1"
                   filter="raw"
                   default=""
                   label="PLAZART_INJECTION_OPEN_BODY_LABEL"
                   description="PLAZART_INJECTION_OPEN_BODY_DESC"
                    />

            <field name="snippet_close_body" type="textarea"
                   class="plazart-admin-textarea"
                   global="1"
                   filter="raw"
                   default=""
                   label="PLAZART_INJECTION_CLOSE_BODY_LABEL"
                   description="PLAZART_INJECTION_CLOSE_BODY_DESC"
                    />

        </fieldset>

	</fields>
</form>