[{"id":1489559361547,"visibility":true,"collapse":false,"settings":{"admin_label":"Product Design & Development Studio.","title":"Product Design & <br>Development Studio.","heading_selector":"h3","title_fontsize":"100","title_fontweight":"900","title_text_color":"","title_margin_top":"","title_margin_bottom":"40","subtitle":"Top Tech Companies From Bangladesh.","subtitle_fontsize":"34","title_position":"sppb-text-center","columns_equal_height":"0","fullscreen":"0","no_gutter":"0","id":"","class":"","padding":"215px 0px 225px 0px","margin":"0px 0px 0px 0px","color":"rgba(255, 255, 255, 1)","background_color":"","background_image":"https://sppagebuilder.com/sample-data/images/2017/02/01/hero-bg.jpg","overlay":"","background_repeat":"no-repeat","background_size":"cover","background_attachment":"inherit","background_position":"50% 50%","background_video":"0","background_video_mp4":"","background_video_ogv":"","hidden_xs":"","hidden_sm":"","hidden_md":"","animation":"","animationduration":"300","animationdelay":"0"},"layout":"3,3,3,3","columns":[{"id":1489559361548,"class_name":"col-md-3","visibility":true,"settings":{},"addons":[]},{"id":1489559361549,"class_name":"col-md-3","visibility":true,"settings":{},"addons":[{"id":1489559361550,"name":"button","visibility":true,"settings":{"admin_label":"VIEW CASE STUDIES","text":"VIEW CASE STUDIES","alignment":"sppb-text-center","fontstyle":null,"letterspace":"1px","url":"","target":"","type":"custom","appearance":"","background_color":"rgba(255, 255, 255, 1)","color":"rgba(212, 2, 2, 1)","background_color_hover":"#222222","color_hover":"#ffffff","size":"lg","shape":"rounded","block":"","icon":"fa-caret-right","icon_position":"right","class":"","global_text_color":"","global_link_color":"","global_link_hover_color":"","global_use_background":"0","global_background_color":"","global_background_image":"","global_background_repeat":"no-repeat","global_background_size":"cover","global_background_attachment":"inherit","global_user_border":"0","global_border_width":"","global_border_color":"","global_boder_style":"none","global_border_radius":"","global_margin":"","global_padding":"","global_use_animation":"0","global_animation":"","global_animationduration":"300","global_animationdelay":"0","hidden_md":"0","hidden_sm":"0","hidden_xs":"0","acl":null}}]},{"id":1489559361551,"class_name":"col-md-3","visibility":true,"settings":{"color":"rgba(255, 255, 255, 1)","background":"","background_image":"","overlay":"","background_repeat":"no-repeat","background_size":"cover","background_attachment":"scroll","background_position":"0 0","padding":"","class":"","sm_col":"","xs_col":"","hidden_xs":"","hidden_sm":"","hidden_md":"","animation":"","animationduration":"300","animationdelay":"0"},"addons":[{"id":1489559361552,"name":"modal","visibility":true,"settings":{"admin_label":"Watch Video","modal_selector":"button","button_text":"Watch Video","button_fontstyle":null,"button_letterspace":"0","button_type":"link","button_appearance":"","button_background_color":"#444444","button_color":"#ffffff","button_background_color_hover":"#222222","button_color_hover":"#ffffff","button_size":"","button_shape":"rounded","button_block":"","button_icon":"fa-play-circle","button_icon_position":"left","selector_image":"","selector_icon_name":"","selector_icon_size":"36","selector_icon_color":"","selector_icon_background":"","selector_icon_border_color":"","selector_icon_border_width":"","selector_icon_border_radius":"","selector_icon_padding":"","modal_content_type":"video","modal_content_text":"\t\t\t\t\t\t\t\t\t\t\t\t\tKevin chicken fatback sirloin ball tip, flank meatloaf t-bone. Meatloaf shankle swine pancetta biltong capicola ham hock meatball. Shoulder bacon andouille ground round pancetta pastrami. Sirloin beef ribs tenderloin rump corned beef filet mignon capicola kielbasa drumstick chuck turducken beef t-bone ribeye. Pork loin ground round t-bone chuck beef ribs swine pastrami cow. Venison tenderloin drumstick, filet mignon salami jowl sausage shank hamburger meatball ribeye kevin tri-tip. Swine kielbasa tenderloin fatback pork shankle andouille, flank frankfurter jerky chicken tri-tip jowl leberkas.&lt;br&gt;&lt;br&gt;Pancetta chicken pork belly beef cow kielbasa fatback sirloin biltong andouille bacon. Sirloin beef tenderloin porchetta, jerky tri-tip andouille sausage landjaeger shank bresaola short ribs tongue meatloaf fatback. Kielbasa pancetta shoulder tri-tip pastrami filet mignon ham corned beef prosciutto doner beef ribs. Doner sausage ham hock, shoulder sirloin pancetta boudin filet mignon chuck. Meatball ham hock beef, filet mignon tri-tip andouille venison ground round chuck turducken drumstick.","modal_content_image":"","modal_content_video_url":"https://www.youtube.com/watch?v=fDlDl5IEaB8","modal_popup_width":"760","modal_popup_height":"440","alignment":"sppb-text-left","class":"","global_text_color":"rgba(255, 255, 255, 1)","global_link_color":"rgba(255, 255, 255, 1)","global_link_hover_color":"","global_use_background":"0","global_background_color":"","global_background_image":"","global_background_repeat":"no-repeat","global_background_size":"cover","global_background_attachment":"inherit","global_user_border":"0","global_border_width":"","global_border_color":"","global_boder_style":"none","global_border_radius":"","global_margin":"7px 0 0 0","global_padding":"","global_use_animation":"0","global_animation":"","global_animationduration":"300","global_animationdelay":"0","hidden_md":"0","hidden_sm":"0","hidden_xs":"0","acl":null}}]},{"id":1489559361553,"class_name":"col-md-3","visibility":true,"settings":{},"addons":[]}]},{"id":1485944590880,"visibility":true,"collapse":false,"settings":{"admin_label":"Our Clients","title":"","heading_selector":"h3","title_fontsize":"","title_fontweight":"","title_text_color":"","title_margin_top":"","title_margin_bottom":"","subtitle":"","subtitle_fontsize":"","title_position":"sppb-text-center","columns_equal_height":"0","fullscreen":"0","no_gutter":"0","id":"","class":"","padding":"50px 0px 50px 0px","margin":"0px 0px 0px 0px","color":"","background_color":"rgba(250, 250, 250, 1)","background_image":"","overlay":"","background_repeat":"no-repeat","background_size":"cover","background_attachment":"fixed","background_position":"0 0","background_video":"0","background_video_mp4":"","background_video_ogv":"","hidden_xs":"","hidden_sm":"","hidden_md":"","animation":"","animationduration":"300","animationdelay":"0"},"layout":"12","columns":[{"id":1485944590881,"class_name":"col-md-12","visibility":true,"settings":{},"addons":[{"id":1485944590884,"name":"clients","visibility":true,"settings":{"admin_label":"Our clients","title":"","heading_selector":"h3","title_fontsize":"","title_lineheight":"","title_fontstyle":null,"title_letterspace":"0","title_fontweight":"","title_text_color":"","title_margin_top":"","title_margin_bottom":"","count":"sppb-col-sm-2","alignment":"sppb-text-center","class":"","sp_clients_item":[{"title":"Client 1","image":"https://sppagebuilder.com/sample-data/images/2017/02/02/1.jpg","url":"#"},{"title":"Client 1","image":"https://sppagebuilder.com/sample-data/images/2017/02/02/2.png","url":"#"},{"title":"Client 1","image":"https://sppagebuilder.com/sample-data/images/2017/02/02/4.png","url":"#"},{"title":"Client 1","image":"https://sppagebuilder.com/sample-data/images/2017/02/02/6.png","url":"#"},{"title":"Client 1","image":"https://sppagebuilder.com/sample-data/images/2017/02/02/5.png","url":"#"},{"title":"Client 1","image":"https://sppagebuilder.com/sample-data/images/2017/02/02/3.png","url":"#"}],"global_text_color":"","global_link_color":"","global_link_hover_color":"","global_use_background":"0","global_background_color":"","global_background_image":"","global_background_repeat":"no-repeat","global_background_size":"cover","global_background_attachment":"inherit","global_user_border":"0","global_border_width":"","global_border_color":"","global_boder_style":"none","global_border_radius":"","global_margin":"","global_padding":"","global_use_animation":"0","global_animation":"","global_animationduration":"300","global_animationdelay":"0","hidden_md":"0","hidden_sm":"0","hidden_xs":"0","acl":null}}]}]},{"id":1485944590885,"visibility":true,"collapse":false,"settings":{"admin_label":"Award-Winning Design","title":"","heading_selector":"h3","title_fontsize":"","title_fontweight":"","title_text_color":"","title_margin_top":"","title_margin_bottom":"","subtitle":"","subtitle_fontsize":"","title_position":"sppb-text-center","columns_equal_height":"0","fullscreen":"0","no_gutter":"0","id":"","class":"","padding":"130px 0px 30px 0px","margin":"0px 0px 0px 0px","color":"","background_color":"","background_image":"","overlay":"","background_repeat":"no-repeat","background_size":"cover","background_attachment":"fixed","background_position":"0 0","background_video":"0","background_video_mp4":"","background_video_ogv":"","hidden_xs":"","hidden_sm":"","hidden_md":"","animation":"fadeIn","animationduration":"","animationdelay":""},"layout":"6,6","columns":[{"id":1485944590886,"class_name":"col-md-6","visibility":true,"settings":{},"addons":[{"id":1485944590890,"name":"image","visibility":true,"settings":{"admin_label":"","title":"","heading_selector":"h3","title_fontsize":"","title_lineheight":"","title_fontstyle":null,"title_letterspace":"0","title_fontweight":"","title_text_color":"","title_margin_top":"","title_margin_bottom":"","image":"https://sppagebuilder.com/sample-data/images/2017/02/01/single-img.jpg","alt_text":"single image","position":"sppb-text-center","open_lightbox":"0","overlay_color":"rgba(119, 219, 31, 0.5)","link":"","target":"","class":"","global_text_color":"","global_link_color":"","global_link_hover_color":"","global_use_background":"0","global_background_color":"","global_background_image":"","global_background_repeat":"no-repeat","global_background_size":"cover","global_background_attachment":"inherit","global_user_border":"0","global_border_width":"","global_border_color":"","global_boder_style":"none","global_border_radius":"","global_margin":"","global_padding":"","global_use_animation":"0","global_animation":"","global_animationduration":"300","global_animationdelay":"0","hidden_md":"0","hidden_sm":"0","hidden_xs":"0","acl":null}}]},{"id":1485944590887,"class_name":"col-md-6","visibility":true,"settings":{"color":"","background":"","background_image":"","overlay":"","background_repeat":"no-repeat","background_size":"cover","background_attachment":"scroll","background_position":"0 0","padding":"0 0 0 70px","class":"","sm_col":"","xs_col":"","hidden_xs":"","hidden_sm":"","hidden_md":"","animation":"","animationduration":"300","animationdelay":"0"},"addons":[{"id":1485944590893,"name":"feature","visibility":true,"settings":{"admin_label":"","title":"Award-Winning Design","heading_selector":"h3","title_position":"before","title_fontsize":"16","title_lineheight":"","title_fontstyle":null,"title_letterspace":"1px","title_fontweight":"700","title_text_color":"rgba(226, 52, 52, 1)","title_margin_top":"","title_margin_bottom":"-8","title_url":"","url_appear":"title","feature_type":"icon","feature_image":"","icon_name":"","icon_size":"36","icon_color":"","icon_background":"","icon_border_color":"","icon_border_width":"","icon_border_radius":"","icon_margin_top":"","icon_margin_bottom":"","icon_padding":"","text":"\t<h3 style=\"font-size: 46px; font-weight: bold;\">Look Like An Expert Right From The <br />Start</h3>","alignment":"sppb-text-left","class":"","global_text_color":"","global_link_color":"","global_link_hover_color":"","global_use_background":"0","global_background_color":"","global_background_image":"","global_background_repeat":"no-repeat","global_background_size":"cover","global_background_attachment":"inherit","global_user_border":"0","global_border_width":"","global_border_color":"","global_boder_style":"none","global_border_radius":"","global_margin":"10px 0 0 0","global_padding":"","global_use_animation":"0","global_animation":"","global_animationduration":"300","global_animationdelay":"0","hidden_md":"0","hidden_sm":"0","hidden_xs":"0","acl":null}},{"id":1485944590896,"name":"text_block","visibility":true,"settings":{"admin_label":"Some info","title":"","heading_selector":"h3","title_fontsize":"","title_lineheight":"","title_fontstyle":null,"title_letterspace":"0","title_fontweight":"","title_text_color":"","title_margin_top":"","title_margin_bottom":"","text":"\t\tLorem ipsum dolor sit amet, consectetur adipisicing elit, sed do eiusmod tempor incididunt ut labore et dolore magna aliqua. Ut enim ad minim veniam.","alignment":"sppb-text-left","class":"","global_text_color":"","global_link_color":"","global_link_hover_color":"","global_use_background":"0","global_background_color":"","global_background_image":"","global_background_repeat":"no-repeat","global_background_size":"cover","global_background_attachment":"inherit","global_user_border":"0","global_border_width":"","global_border_color":"","global_boder_style":"none","global_border_radius":"","global_margin":"15px 0 0 0","global_padding":"","global_use_animation":"0","global_animation":"","global_animationduration":"300","global_animationdelay":"0","hidden_md":"0","hidden_sm":"0","hidden_xs":"0","acl":null}},{"id":1485944590899,"name":"button","visibility":true,"settings":{"admin_label":"VIEW CASE STUDIES","text":"VIEW CASE STUDIES","alignment":"sppb-text-left","fontstyle":["bold"],"letterspace":"1px","url":"#","target":"","type":"custom","appearance":"","background_color":"","color":"rgba(226, 52, 52, 1)","background_color_hover":"","color_hover":"rgba(254, 64, 64, 1)","size":"","shape":"rounded","block":"","icon":"fa-caret-right","icon_position":"right","class":"","global_text_color":"","global_link_color":"","global_link_hover_color":"","global_use_background":"0","global_background_color":"","global_background_image":"","global_background_repeat":"no-repeat","global_background_size":"cover","global_background_attachment":"inherit","global_user_border":"0","global_border_width":"","global_border_color":"","global_boder_style":"none","global_border_radius":"","global_margin":"40px 0 0 -15px","global_padding":"","global_use_animation":"0","global_animation":"","global_animationduration":"300","global_animationdelay":"0","hidden_md":"0","hidden_sm":"0","hidden_xs":"0","acl":null}}]}]},{"id":1485952347900,"visibility":true,"collapse":false,"settings":{"admin_label":"divider","title":"","heading_selector":"h3","title_fontsize":"","title_fontweight":"","title_text_color":"","title_margin_top":"","title_margin_bottom":"","subtitle":"","subtitle_fontsize":"","title_position":"sppb-text-center","columns_equal_height":"0","fullscreen":"1","no_gutter":"0","id":"","class":"","padding":"70px 0px 0px 0px","margin":"0px 0px 0px 0px","color":"","background_color":"","background_image":"","overlay":"","background_repeat":"no-repeat","background_size":"cover","background_attachment":"fixed","background_position":"0 0","background_video":"0","background_video_mp4":"","background_video_ogv":"","hidden_xs":"","hidden_sm":"","hidden_md":"","animation":"","animationduration":"300","animationdelay":"0"},"layout":"12","columns":[{"id":1485952347901,"class_name":"col-md-12","visibility":true,"settings":{},"addons":[{"id":1485952347897,"name":"divider","visibility":true,"settings":{"admin_label":"","divider_type":"border","divider_image":"","background_repeat":"no-repeat","divider_height":"10","border_style":"solid","border_width":"1","border_color":"rgba(229, 229, 229, 1)","margin_top":"30","margin_bottom":"30","class":"","global_text_color":"","global_link_color":"","global_link_hover_color":"","global_use_background":"0","global_background_color":"","global_background_image":"","global_background_repeat":"no-repeat","global_background_size":"cover","global_background_attachment":"inherit","global_user_border":"0","global_border_width":"","global_border_color":"","global_boder_style":"none","global_border_radius":"","global_margin":"","global_padding":"","global_use_animation":"0","global_animation":"","global_animationduration":"300","global_animationdelay":"0","hidden_md":"0","hidden_sm":"0","hidden_xs":"0","acl":null}}]}]},{"id":1485949473588,"visibility":true,"collapse":false,"settings":{"admin_label":"Our Awesome work","title":"","heading_selector":"h3","title_fontsize":"16","title_fontweight":"700","title_text_color":"rgba(226, 52, 52, 1)","title_margin_top":"","title_margin_bottom":"","subtitle":"","subtitle_fontsize":"46","title_position":"sppb-text-left","columns_equal_height":"0","fullscreen":"0","no_gutter":"0","id":"","class":"","padding":"75px 0px 100px 0px","margin":"0px 0px 0px 0px","color":"","background_color":"","background_image":"","overlay":"","background_repeat":"no-repeat","background_size":"cover","background_attachment":"fixed","background_position":"0 0","background_video":"0","background_video_mp4":"","background_video_ogv":"","hidden_xs":"","hidden_sm":"","hidden_md":"","animation":"","animationduration":"300","animationdelay":"0"},"layout":"12,4,4,4","columns":[{"id":1485949473589,"class_name":"col-md-12","visibility":true,"settings":{},"addons":[{"id":1485952347879,"name":"feature","visibility":true,"settings":{"admin_label":"","title":"Some of Our Awesome work","heading_selector":"h3","title_position":"before","title_fontsize":"16","title_lineheight":"","title_fontstyle":null,"title_letterspace":"1px","title_fontweight":"700","title_text_color":"rgba(226, 52, 52, 1)","title_margin_top":"","title_margin_bottom":"0","title_url":"","url_appear":"title","feature_type":"icon","feature_image":"","icon_name":"","icon_size":"36","icon_color":"","icon_background":"","icon_border_color":"","icon_border_width":"","icon_border_radius":"","icon_margin_top":"","icon_margin_bottom":"","icon_padding":"","text":"\t\t\t<h3 style=\"font-size: 46px; font-weight: bold;\">OUR FEATURED WORK</h3>","alignment":"sppb-text-left","class":"","global_text_color":"","global_link_color":"","global_link_hover_color":"","global_use_background":"0","global_background_color":"","global_background_image":"","global_background_repeat":"no-repeat","global_background_size":"cover","global_background_attachment":"inherit","global_user_border":"0","global_border_width":"","global_border_color":"","global_boder_style":"none","global_border_radius":"","global_margin":"0 0 40px 0","global_padding":"","global_use_animation":"0","global_animation":"","global_animationduration":"300","global_animationdelay":"0","hidden_md":"0","hidden_sm":"0","hidden_xs":"0","acl":null}},{"id":1486022176072,"name":"button_group","visibility":true,"settings":{"admin_label":"Category Filter","alignment":"sppb-text-left","margin":"20","class":"","sp_button_group_item":[{"title":"All","fontstyle":null,"letterspace":"0","url":"#","type":"link","appearance":"","background_color":"#444444","color":"#ffffff","background_color_hover":"#222222","color_hover":"#ffffff","size":"","shape":"rounded","block":"","icon":"","icon_position":"left","target":""},{"title":"Product UI","fontstyle":null,"letterspace":"0","url":"#","type":"link","appearance":"","background_color":"#444444","color":"#ffffff","background_color_hover":"#222222","color_hover":"#ffffff","size":"","shape":"rounded","block":"","icon":"","icon_position":"left","target":""},{"title":"Graphic Design","fontstyle":null,"letterspace":"0","url":"#","type":"link","appearance":"","background_color":"#444444","color":"#ffffff","background_color_hover":"#222222","color_hover":"#ffffff","size":"","shape":"rounded","block":"","icon":"","icon_position":"left","target":""},{"title":"Branding","fontstyle":null,"letterspace":"0","url":"#","type":"link","appearance":"","background_color":"#444444","color":"#ffffff","background_color_hover":"#222222","color_hover":"#ffffff","size":"","shape":"rounded","block":"","icon":"","icon_position":"left","target":""},{"title":"Web","fontstyle":null,"letterspace":"0","url":"#","type":"link","appearance":"","background_color":"#444444","color":"#ffffff","background_color_hover":"#222222","color_hover":"#ffffff","size":"","shape":"rounded","block":"","icon":"","icon_position":"left","target":""},{"title":"Apps","fontstyle":null,"letterspace":"0","url":"#","type":"link","appearance":"","background_color":"#444444","color":"#ffffff","background_color_hover":"#222222","color_hover":"#ffffff","size":"","shape":"rounded","block":"","icon":"","icon_position":"left","target":""}],"global_text_color":"","global_link_color":"rgba(189, 189, 189, 1)","global_link_hover_color":"rgba(226, 52, 52, 1)","global_use_background":"0","global_background_color":"","global_background_image":"","global_background_repeat":"no-repeat","global_background_size":"cover","global_background_attachment":"inherit","global_user_border":"0","global_border_width":"","global_border_color":"","global_boder_style":"none","global_border_radius":"","global_margin":"0 0 30px 0","global_padding":"","global_use_animation":"0","global_animation":"","global_animationduration":"300","global_animationdelay":"0","hidden_md":"0","hidden_sm":"0","hidden_xs":"0","acl":null}}]},{"id":1485949473596,"class_name":"col-md-4","visibility":true,"settings":{},"addons":[{"id":1485949473603,"name":"image","visibility":true,"settings":{"admin_label":"Portfolio","title":"","heading_selector":"h3","title_fontsize":"","title_lineheight":"","title_fontstyle":null,"title_letterspace":"0","title_fontweight":"","title_text_color":"","title_margin_top":"","title_margin_bottom":"","image":"https://sppagebuilder.com/sample-data/images/2017/02/02/gallery1.jpg","alt_text":"imag","position":"sppb-text-center","open_lightbox":"1","overlay_color":"rgba(212, 2, 2, 0.8)","link":"","target":"","class":"","global_text_color":"","global_link_color":"","global_link_hover_color":"","global_use_background":"0","global_background_color":"","global_background_image":"","global_background_repeat":"no-repeat","global_background_size":"cover","global_background_attachment":"inherit","global_user_border":"0","global_border_width":"","global_border_color":"","global_boder_style":"none","global_border_radius":"","global_margin":"0 0 30px 0","global_padding":"","global_use_animation":"0","global_animation":"","global_animationduration":"300","global_animationdelay":"0","hidden_md":"0","hidden_sm":"0","hidden_xs":"0","acl":null}},{"id":1485949473609,"name":"image","visibility":true,"settings":{"admin_label":"Portfolio","title":"","heading_selector":"h3","title_fontsize":"","title_lineheight":"","title_fontstyle":null,"title_letterspace":"0","title_fontweight":"","title_text_color":"","title_margin_top":"","title_margin_bottom":"","image":"https://sppagebuilder.com/sample-data/images/2017/02/02/gallery4.jpg","alt_text":"imag","position":"sppb-text-center","open_lightbox":"1","overlay_color":"rgba(212, 2, 2, 0.8)","link":"","target":"","class":"","global_text_color":"","global_link_color":"","global_link_hover_color":"","global_use_background":"0","global_background_color":"","global_background_image":"","global_background_repeat":"no-repeat","global_background_size":"cover","global_background_attachment":"inherit","global_user_border":"0","global_border_width":"","global_border_color":"","global_boder_style":"none","global_border_radius":"","global_margin":"","global_padding":"","global_use_animation":"0","global_animation":"","global_animationduration":"300","global_animationdelay":"0","hidden_md":"0","hidden_sm":"0","hidden_xs":"0","acl":null}}]},{"id":1485949473597,"class_name":"col-md-4","visibility":true,"settings":{},"addons":[{"id":1485949473600,"name":"image","visibility":true,"settings":{"admin_label":"Portfolio","title":"","heading_selector":"h3","title_fontsize":"","title_lineheight":"","title_fontstyle":null,"title_letterspace":"0","title_fontweight":"","title_text_color":"","title_margin_top":"","title_margin_bottom":"","image":"https://sppagebuilder.com/sample-data/images/2017/02/02/gallery2.jpg","alt_text":"imag","position":"sppb-text-center","open_lightbox":"1","overlay_color":"rgba(212, 2, 2, 0.8)","link":"","target":"","class":"","global_text_color":"","global_link_color":"","global_link_hover_color":"","global_use_background":"0","global_background_color":"","global_background_image":"","global_background_repeat":"no-repeat","global_background_size":"cover","global_background_attachment":"inherit","global_user_border":"0","global_border_width":"","global_border_color":"","global_boder_style":"none","global_border_radius":"","global_margin":"0 0 30px 0","global_padding":"","global_use_animation":"0","global_animation":"","global_animationduration":"300","global_animationdelay":"0","hidden_md":"0","hidden_sm":"0","hidden_xs":"0","acl":null}},{"id":1485949473612,"name":"image","visibility":true,"settings":{"admin_label":"Portfolio","title":"","heading_selector":"h3","title_fontsize":"","title_lineheight":"","title_fontstyle":null,"title_letterspace":"0","title_fontweight":"","title_text_color":"","title_margin_top":"","title_margin_bottom":"","image":"https://sppagebuilder.com/sample-data/images/2017/02/02/gallery5.jpg","alt_text":"imag","position":"sppb-text-center","open_lightbox":"1","overlay_color":"rgba(212, 2, 2, 0.8)","link":"","target":"","class":"","global_text_color":"","global_link_color":"","global_link_hover_color":"","global_use_background":"0","global_background_color":"","global_background_image":"","global_background_repeat":"no-repeat","global_background_size":"cover","global_background_attachment":"inherit","global_user_border":"0","global_border_width":"","global_border_color":"","global_boder_style":"none","global_border_radius":"","global_margin":"","global_padding":"","global_use_animation":"0","global_animation":"","global_animationduration":"300","global_animationdelay":"0","hidden_md":"0","hidden_sm":"0","hidden_xs":"0","acl":null}}]},{"id":1485952347876,"class_name":"col-md-4","visibility":true,"settings":{},"addons":[{"id":1485949473606,"name":"image","visibility":true,"settings":{"admin_label":"Portfolio","title":"","heading_selector":"h3","title_fontsize":"","title_lineheight":"","title_fontstyle":null,"title_letterspace":"0","title_fontweight":"","title_text_color":"","title_margin_top":"","title_margin_bottom":"","image":"https://sppagebuilder.com/sample-data/images/2017/02/02/gallery3.jpg","alt_text":"imag","position":"sppb-text-center","open_lightbox":"1","overlay_color":"rgba(212, 2, 2, 0.8)","link":"","target":"","class":"","global_text_color":"","global_link_color":"","global_link_hover_color":"","global_use_background":"0","global_background_color":"","global_background_image":"","global_background_repeat":"no-repeat","global_background_size":"cover","global_background_attachment":"inherit","global_user_border":"0","global_border_width":"","global_border_color":"","global_boder_style":"none","global_border_radius":"","global_margin":"0 0 30px 0","global_padding":"","global_use_animation":"0","global_animation":"","global_animationduration":"300","global_animationdelay":"0","hidden_md":"0","hidden_sm":"0","hidden_xs":"0","acl":null}},{"id":1485949473595,"name":"image","visibility":true,"settings":{"admin_label":"Portfolio","title":"","heading_selector":"h3","title_fontsize":"","title_lineheight":"","title_fontstyle":null,"title_letterspace":"0","title_fontweight":"","title_text_color":"","title_margin_top":"","title_margin_bottom":"","image":"https://sppagebuilder.com/sample-data/images/2017/02/02/gallery6.jpg","alt_text":"imag","position":"sppb-text-center","open_lightbox":"1","overlay_color":"rgba(212, 2, 2, 0.8)","link":"","target":"","class":"","global_text_color":"","global_link_color":"","global_link_hover_color":"","global_use_background":"0","global_background_color":"","global_background_image":"","global_background_repeat":"no-repeat","global_background_size":"cover","global_background_attachment":"inherit","global_user_border":"0","global_border_width":"","global_border_color":"","global_boder_style":"none","global_border_radius":"","global_margin":"0 0 30px 0","global_padding":"","global_use_animation":"0","global_animation":"","global_animationduration":"300","global_animationdelay":"0","hidden_md":"0","hidden_sm":"0","hidden_xs":"0","acl":null}}]}]},{"id":1485953090159,"visibility":true,"collapse":false,"settings":{"admin_label":"About Us & Services","title":"","heading_selector":"h3","title_fontsize":"","title_fontweight":"","title_text_color":"","title_margin_top":"","title_margin_bottom":"","subtitle":"","subtitle_fontsize":"","title_position":"sppb-text-center","columns_equal_height":"0","fullscreen":"0","no_gutter":"0","id":"","class":"","padding":"105px 0px 130px 0px","margin":"0px 0px 0px 0px","color":"","background_color":"","background_image":"https://sppagebuilder.com/sample-data/images/2017/02/01/sec-bg.jpg","overlay":"","background_repeat":"no-repeat","background_size":"cover","background_attachment":"inherit","background_position":"0 0","background_video":"0","background_video_mp4":"","background_video_ogv":"","hidden_xs":"","hidden_sm":"","hidden_md":"","animation":"","animationduration":"300","animationdelay":"0"},"layout":"6,6","columns":[{"id":1485953090160,"class_name":"col-md-6","visibility":true,"settings":{"color":"","background":"","background_image":"","overlay":"","background_repeat":"no-repeat","background_size":"cover","background_attachment":"scroll","background_position":"0 0","padding":"0 90px 0 0","class":"","sm_col":"","xs_col":"","hidden_xs":"","hidden_sm":"","hidden_md":"","animation":"","animationduration":"300","animationdelay":"0"},"addons":[{"id":1485954393855,"name":"feature","visibility":true,"settings":{"admin_label":"","title":"About Us & Services","heading_selector":"h3","title_position":"before","title_fontsize":"16","title_lineheight":"","title_fontstyle":null,"title_letterspace":"1px","title_fontweight":"700","title_text_color":"rgba(226, 52, 52, 1)","title_margin_top":"","title_margin_bottom":"-15","title_url":"","url_appear":"title","feature_type":"icon","feature_image":"","icon_name":"","icon_size":"36","icon_color":"","icon_background":"","icon_border_color":"","icon_border_width":"","icon_border_radius":"","icon_margin_top":"","icon_margin_bottom":"","icon_padding":"","text":"\t\t\t<h3 style=\"font-size: 46px; font-weight: bold;\">OUR STORY</h3>","alignment":"sppb-text-left","class":"","global_text_color":"","global_link_color":"","global_link_hover_color":"","global_use_background":"0","global_background_color":"","global_background_image":"","global_background_repeat":"no-repeat","global_background_size":"cover","global_background_attachment":"inherit","global_user_border":"0","global_border_width":"","global_border_color":"","global_boder_style":"none","global_border_radius":"","global_margin":"0 0 10px 0","global_padding":"","global_use_animation":"0","global_animation":"","global_animationduration":"300","global_animationdelay":"0","hidden_md":"0","hidden_sm":"0","hidden_xs":"0","acl":null}},{"id":1485954393858,"name":"text_block","visibility":true,"settings":{"admin_label":"Some info","title":"","heading_selector":"h3","title_fontsize":"","title_lineheight":"","title_fontstyle":null,"title_letterspace":"0","title_fontweight":"","title_text_color":"","title_margin_top":"","title_margin_bottom":"","text":"\t\t\t\t\tLorem ipsum dolor sit amet, consectetur adipisicing elit, sed do eiusmod tempor incididunt ut labore et dolore magna aliqua. Ut enim ad minim veniam.","alignment":"sppb-text-left","class":"","global_text_color":"","global_link_color":"","global_link_hover_color":"","global_use_background":"0","global_background_color":"","global_background_image":"","global_background_repeat":"no-repeat","global_background_size":"cover","global_background_attachment":"inherit","global_user_border":"0","global_border_width":"","global_border_color":"","global_boder_style":"none","global_border_radius":"","global_margin":"15px 0 15px 0","global_padding":"","global_use_animation":"0","global_animation":"","global_animationduration":"300","global_animationdelay":"0","hidden_md":"0","hidden_sm":"0","hidden_xs":"0","acl":null}},{"id":1485954485583,"type":"inner_row","settings":{},"layout":"6,6","visibility":true,"columns":[{"id":1485954485584,"class_name":"col-md-6","visibility":true,"settings":{},"addons":[{"id":1485954485592,"name":"feature","visibility":true,"settings":{"admin_label":"","title":" Product Design","heading_selector":"h3","title_position":"left","title_fontsize":"22","title_lineheight":"","title_fontstyle":null,"title_letterspace":"0","title_fontweight":"300","title_text_color":"","title_margin_top":"","title_margin_bottom":"","title_url":"","url_appear":"title","feature_type":"icon","feature_image":"","icon_name":"fa-arrow-circle-right","icon_size":"22","icon_color":"","icon_background":"","icon_border_color":"","icon_border_width":"","icon_border_radius":"","icon_margin_top":"","icon_margin_bottom":"","icon_padding":"","text":"\t\t","alignment":"sppb-text-left","class":"","global_text_color":"","global_link_color":"","global_link_hover_color":"","global_use_background":"0","global_background_color":"","global_background_image":"","global_background_repeat":"no-repeat","global_background_size":"cover","global_background_attachment":"inherit","global_user_border":"0","global_border_width":"","global_border_color":"","global_boder_style":"none","global_border_radius":"","global_margin":"0 0 30px 0","global_padding":"","global_use_animation":"0","global_animation":"","global_animationduration":"300","global_animationdelay":"0","hidden_md":"0","hidden_sm":"0","hidden_xs":"0","acl":null},"htmlContent":"<div id=\"sppb-addon-1485954485592\" class=\"clearfix\" ><div class=\"sppb-addon sppb-addon-feature sppb-text-left \"><div class=\"sppb-addon-content\"><div class=\"sppb-media\"><div class=\"pull-left\"><div class=\"sppb-icon\"><span class=\"sppb-icon-container\"><i class=\"fa fa-arrow-circle-right\"></i></span></div></div><div class=\"sppb-media-body\"><h3 class=\"sppb-addon-title sppb-feature-box-title sppb-media-heading\"> Product Design</h3><div class=\"sppb-addon-text\">\t\t</div></div></div></div></div></div>","assets":{"css":"#sppb-addon-1485954485592 {\nmargin: 0 0 30px 0;\n}\n#sppb-addon-1485954485592 .sppb-addon-title {\nfont-size:22px;line-height:22px;font-weight:300;}\n#sppb-addon-1485954485592 .sppb-icon .sppb-icon-container {display:inline-block;text-align:center;padding:px;}#sppb-addon-1485954485592 .sppb-icon .sppb-icon-container > i {font-size:22px;width:22px;height:22px;line-height:22px;}"}},{"id":1485954485620,"name":"feature","visibility":true,"settings":{"admin_label":"","title":"Branding","heading_selector":"h3","title_position":"left","title_fontsize":"22","title_lineheight":"","title_fontstyle":null,"title_letterspace":"0","title_fontweight":"300","title_text_color":"","title_margin_top":"","title_margin_bottom":"","title_url":"","url_appear":"title","feature_type":"icon","feature_image":"","icon_name":"fa-arrow-circle-right","icon_size":"22","icon_color":"","icon_background":"","icon_border_color":"","icon_border_width":"","icon_border_radius":"","icon_margin_top":"","icon_margin_bottom":"","icon_padding":"","text":"\t\t\t","alignment":"sppb-text-left","class":"","global_text_color":"","global_link_color":"","global_link_hover_color":"","global_use_background":"0","global_background_color":"","global_background_image":"","global_background_repeat":"no-repeat","global_background_size":"cover","global_background_attachment":"inherit","global_user_border":"0","global_border_width":"","global_border_color":"","global_boder_style":"none","global_border_radius":"","global_margin":"0 0 30px 0","global_padding":"","global_use_animation":"0","global_animation":"","global_animationduration":"300","global_animationdelay":"0","hidden_md":"0","hidden_sm":"0","hidden_xs":"0","acl":null},"htmlContent":"<div id=\"sppb-addon-1485954485620\" class=\"clearfix\" ><div class=\"sppb-addon sppb-addon-feature sppb-text-left \"><div class=\"sppb-addon-content\"><div class=\"sppb-media\"><div class=\"pull-left\"><div class=\"sppb-icon\"><span class=\"sppb-icon-container\"><i class=\"fa fa-arrow-circle-right\"></i></span></div></div><div class=\"sppb-media-body\"><h3 class=\"sppb-addon-title sppb-feature-box-title sppb-media-heading\">Branding</h3><div class=\"sppb-addon-text\">\t\t\t</div></div></div></div></div></div>","assets":{"css":"#sppb-addon-1485954485620 {\nmargin: 0 0 30px 0;\n}\n#sppb-addon-1485954485620 .sppb-addon-title {\nfont-size:22px;line-height:22px;font-weight:300;}\n#sppb-addon-1485954485620 .sppb-icon .sppb-icon-container {display:inline-block;text-align:center;padding:px;}#sppb-addon-1485954485620 .sppb-icon .sppb-icon-container > i {font-size:22px;width:22px;height:22px;line-height:22px;}"}},{"id":1485954485630,"name":"feature","visibility":true,"settings":{"admin_label":"","title":"User Testing","heading_selector":"h3","title_position":"left","title_fontsize":"22","title_lineheight":"","title_fontstyle":null,"title_letterspace":"0","title_fontweight":"300","title_text_color":"","title_margin_top":"","title_margin_bottom":"","title_url":"","url_appear":"title","feature_type":"icon","feature_image":"","icon_name":"fa-arrow-circle-right","icon_size":"22","icon_color":"","icon_background":"","icon_border_color":"","icon_border_width":"","icon_border_radius":"","icon_margin_top":"","icon_margin_bottom":"","icon_padding":"","text":"\t\t\t","alignment":"sppb-text-left","class":"","global_text_color":"","global_link_color":"","global_link_hover_color":"","global_use_background":"0","global_background_color":"","global_background_image":"","global_background_repeat":"no-repeat","global_background_size":"cover","global_background_attachment":"inherit","global_user_border":"0","global_border_width":"","global_border_color":"","global_boder_style":"none","global_border_radius":"","global_margin":"0 0 30px 0","global_padding":"","global_use_animation":"0","global_animation":"","global_animationduration":"300","global_animationdelay":"0","hidden_md":"0","hidden_sm":"0","hidden_xs":"0","acl":null},"htmlContent":"<div id=\"sppb-addon-1485954485630\" class=\"clearfix\" ><div class=\"sppb-addon sppb-addon-feature sppb-text-left \"><div class=\"sppb-addon-content\"><div class=\"sppb-media\"><div class=\"pull-left\"><div class=\"sppb-icon\"><span class=\"sppb-icon-container\"><i class=\"fa fa-arrow-circle-right\"></i></span></div></div><div class=\"sppb-media-body\"><h3 class=\"sppb-addon-title sppb-feature-box-title sppb-media-heading\">User Testing</h3><div class=\"sppb-addon-text\">\t\t\t</div></div></div></div></div></div>","assets":{"css":"#sppb-addon-1485954485630 {\nmargin: 0 0 30px 0;\n}\n#sppb-addon-1485954485630 .sppb-addon-title {\nfont-size:22px;line-height:22px;font-weight:300;}\n#sppb-addon-1485954485630 .sppb-icon .sppb-icon-container {display:inline-block;text-align:center;padding:px;}#sppb-addon-1485954485630 .sppb-icon .sppb-icon-container > i {font-size:22px;width:22px;height:22px;line-height:22px;}"}},{"id":1485954485625,"name":"feature","visibility":true,"settings":{"admin_label":"","title":"Prototyping","heading_selector":"h3","title_position":"left","title_fontsize":"22","title_lineheight":"","title_fontstyle":null,"title_letterspace":"0","title_fontweight":"300","title_text_color":"","title_margin_top":"","title_margin_bottom":"","title_url":"","url_appear":"title","feature_type":"icon","feature_image":"","icon_name":"fa-arrow-circle-right","icon_size":"22","icon_color":"","icon_background":"","icon_border_color":"","icon_border_width":"","icon_border_radius":"","icon_margin_top":"","icon_margin_bottom":"","icon_padding":"","text":"\t\t","alignment":"sppb-text-left","class":"","global_text_color":"","global_link_color":"","global_link_hover_color":"","global_use_background":"0","global_background_color":"","global_background_image":"","global_background_repeat":"no-repeat","global_background_size":"cover","global_background_attachment":"inherit","global_user_border":"0","global_border_width":"","global_border_color":"","global_boder_style":"none","global_border_radius":"","global_margin":"","global_padding":"","global_use_animation":"0","global_animation":"","global_animationduration":"300","global_animationdelay":"0","hidden_md":"0","hidden_sm":"0","hidden_xs":"0","acl":null},"htmlContent":"<div id=\"sppb-addon-1485954485625\" class=\"clearfix\" ><div class=\"sppb-addon sppb-addon-feature sppb-text-left \"><div class=\"sppb-addon-content\"><div class=\"sppb-media\"><div class=\"pull-left\"><div class=\"sppb-icon\"><span class=\"sppb-icon-container\"><i class=\"fa fa-arrow-circle-right\"></i></span></div></div><div class=\"sppb-media-body\"><h3 class=\"sppb-addon-title sppb-feature-box-title sppb-media-heading\">Prototyping</h3><div class=\"sppb-addon-text\">\t\t</div></div></div></div></div></div>","assets":{"css":"#sppb-addon-1485954485625 .sppb-addon-title {\nfont-size:22px;line-height:22px;font-weight:300;}\n#sppb-addon-1485954485625 .sppb-icon .sppb-icon-container {display:inline-block;text-align:center;padding:px;}#sppb-addon-1485954485625 .sppb-icon .sppb-icon-container > i {font-size:22px;width:22px;height:22px;line-height:22px;}"}}]},{"id":1485954485587,"class_name":"col-md-6","visibility":true,"settings":{},"addons":[{"id":1485954485615,"name":"feature","visibility":true,"settings":{"admin_label":"","title":"Ui & Ux Design","heading_selector":"h3","title_position":"left","title_fontsize":"22","title_lineheight":"","title_fontstyle":null,"title_letterspace":"0","title_fontweight":"300","title_text_color":"","title_margin_top":"","title_margin_bottom":"","title_url":"","url_appear":"title","feature_type":"icon","feature_image":"","icon_name":"fa-arrow-circle-right","icon_size":"22","icon_color":"","icon_background":"","icon_border_color":"","icon_border_width":"","icon_border_radius":"","icon_margin_top":"","icon_margin_bottom":"","icon_padding":"","text":"\t\t\t","alignment":"sppb-text-left","class":"","global_text_color":"","global_link_color":"","global_link_hover_color":"","global_use_background":"0","global_background_color":"","global_background_image":"","global_background_repeat":"no-repeat","global_background_size":"cover","global_background_attachment":"inherit","global_user_border":"0","global_border_width":"","global_border_color":"","global_boder_style":"none","global_border_radius":"","global_margin":"0 0 30px 0","global_padding":"","global_use_animation":"0","global_animation":"","global_animationduration":"300","global_animationdelay":"0","hidden_md":"0","hidden_sm":"0","hidden_xs":"0","acl":null},"htmlContent":"<div id=\"sppb-addon-1485954485615\" class=\"clearfix\" ><div class=\"sppb-addon sppb-addon-feature sppb-text-left \"><div class=\"sppb-addon-content\"><div class=\"sppb-media\"><div class=\"pull-left\"><div class=\"sppb-icon\"><span class=\"sppb-icon-container\"><i class=\"fa fa-arrow-circle-right\"></i></span></div></div><div class=\"sppb-media-body\"><h3 class=\"sppb-addon-title sppb-feature-box-title sppb-media-heading\">Ui & Ux Design</h3><div class=\"sppb-addon-text\">\t\t\t</div></div></div></div></div></div>","assets":{"css":"#sppb-addon-1485954485615 {\nmargin: 0 0 30px 0;\n}\n#sppb-addon-1485954485615 .sppb-addon-title {\nfont-size:22px;line-height:22px;font-weight:300;}\n#sppb-addon-1485954485615 .sppb-icon .sppb-icon-container {display:inline-block;text-align:center;padding:px;}#sppb-addon-1485954485615 .sppb-icon .sppb-icon-container > i {font-size:22px;width:22px;height:22px;line-height:22px;}"}},{"id":1485954485610,"name":"feature","visibility":true,"settings":{"admin_label":"","title":"App Development","heading_selector":"h3","title_position":"left","title_fontsize":"22","title_lineheight":"","title_fontstyle":null,"title_letterspace":"0","title_fontweight":"300","title_text_color":"","title_margin_top":"","title_margin_bottom":"","title_url":"","url_appear":"title","feature_type":"icon","feature_image":"","icon_name":"fa-arrow-circle-right","icon_size":"22","icon_color":"","icon_background":"","icon_border_color":"","icon_border_width":"","icon_border_radius":"","icon_margin_top":"","icon_margin_bottom":"","icon_padding":"","text":"\t\t\t","alignment":"sppb-text-left","class":"","global_text_color":"","global_link_color":"","global_link_hover_color":"","global_use_background":"0","global_background_color":"","global_background_image":"","global_background_repeat":"no-repeat","global_background_size":"cover","global_background_attachment":"inherit","global_user_border":"0","global_border_width":"","global_border_color":"","global_boder_style":"none","global_border_radius":"","global_margin":"0 0 30px 0","global_padding":"","global_use_animation":"0","global_animation":"","global_animationduration":"300","global_animationdelay":"0","hidden_md":"0","hidden_sm":"0","hidden_xs":"0","acl":null},"htmlContent":"<div id=\"sppb-addon-1485954485610\" class=\"clearfix\" ><div class=\"sppb-addon sppb-addon-feature sppb-text-left \"><div class=\"sppb-addon-content\"><div class=\"sppb-media\"><div class=\"pull-left\"><div class=\"sppb-icon\"><span class=\"sppb-icon-container\"><i class=\"fa fa-arrow-circle-right\"></i></span></div></div><div class=\"sppb-media-body\"><h3 class=\"sppb-addon-title sppb-feature-box-title sppb-media-heading\">App Development</h3><div class=\"sppb-addon-text\">\t\t\t</div></div></div></div></div></div>","assets":{"css":"#sppb-addon-1485954485610 {\nmargin: 0 0 30px 0;\n}\n#sppb-addon-1485954485610 .sppb-addon-title {\nfont-size:22px;line-height:22px;font-weight:300;}\n#sppb-addon-1485954485610 .sppb-icon .sppb-icon-container {display:inline-block;text-align:center;padding:px;}#sppb-addon-1485954485610 .sppb-icon .sppb-icon-container > i {font-size:22px;width:22px;height:22px;line-height:22px;}"}},{"id":1485954485640,"name":"feature","visibility":true,"settings":{"admin_label":"","title":"Interaction Design","heading_selector":"h3","title_position":"left","title_fontsize":"22","title_lineheight":"","title_fontstyle":null,"title_letterspace":"0","title_fontweight":"300","title_text_color":"","title_margin_top":"","title_margin_bottom":"","title_url":"","url_appear":"title","feature_type":"icon","feature_image":"","icon_name":"fa-arrow-circle-right","icon_size":"22","icon_color":"","icon_background":"","icon_border_color":"","icon_border_width":"","icon_border_radius":"","icon_margin_top":"","icon_margin_bottom":"","icon_padding":"","text":"\t\t\t","alignment":"sppb-text-left","class":"","global_text_color":"","global_link_color":"","global_link_hover_color":"","global_use_background":"0","global_background_color":"","global_background_image":"","global_background_repeat":"no-repeat","global_background_size":"cover","global_background_attachment":"inherit","global_user_border":"0","global_border_width":"","global_border_color":"","global_boder_style":"none","global_border_radius":"","global_margin":"0 0 30px 0","global_padding":"","global_use_animation":"0","global_animation":"","global_animationduration":"300","global_animationdelay":"0","hidden_md":"0","hidden_sm":"0","hidden_xs":"0","acl":null},"htmlContent":"<div id=\"sppb-addon-1485954485640\" class=\"clearfix\" ><div class=\"sppb-addon sppb-addon-feature sppb-text-left \"><div class=\"sppb-addon-content\"><div class=\"sppb-media\"><div class=\"pull-left\"><div class=\"sppb-icon\"><span class=\"sppb-icon-container\"><i class=\"fa fa-arrow-circle-right\"></i></span></div></div><div class=\"sppb-media-body\"><h3 class=\"sppb-addon-title sppb-feature-box-title sppb-media-heading\">Interaction Design</h3><div class=\"sppb-addon-text\">\t\t\t</div></div></div></div></div></div>","assets":{"css":"#sppb-addon-1485954485640 {\nmargin: 0 0 30px 0;\n}\n#sppb-addon-1485954485640 .sppb-addon-title {\nfont-size:22px;line-height:22px;font-weight:300;}\n#sppb-addon-1485954485640 .sppb-icon .sppb-icon-container {display:inline-block;text-align:center;padding:px;}#sppb-addon-1485954485640 .sppb-icon .sppb-icon-container > i {font-size:22px;width:22px;height:22px;line-height:22px;}"}},{"id":1485954485635,"name":"feature","visibility":true,"settings":{"admin_label":"","title":"Development","heading_selector":"h3","title_position":"left","title_fontsize":"22","title_lineheight":"","title_fontstyle":null,"title_letterspace":"0","title_fontweight":"300","title_text_color":"","title_margin_top":"","title_margin_bottom":"","title_url":"","url_appear":"title","feature_type":"icon","feature_image":"","icon_name":"fa-arrow-circle-right","icon_size":"22","icon_color":"","icon_background":"","icon_border_color":"","icon_border_width":"","icon_border_radius":"","icon_margin_top":"","icon_margin_bottom":"","icon_padding":"","text":"\t\t","alignment":"sppb-text-left","class":"","global_text_color":"","global_link_color":"","global_link_hover_color":"","global_use_background":"0","global_background_color":"","global_background_image":"","global_background_repeat":"no-repeat","global_background_size":"cover","global_background_attachment":"inherit","global_user_border":"0","global_border_width":"","global_border_color":"","global_boder_style":"none","global_border_radius":"","global_margin":"","global_padding":"","global_use_animation":"0","global_animation":"","global_animationduration":"300","global_animationdelay":"0","hidden_md":"0","hidden_sm":"0","hidden_xs":"0","acl":null},"htmlContent":"<div id=\"sppb-addon-1485954485635\" class=\"clearfix\" ><div class=\"sppb-addon sppb-addon-feature sppb-text-left \"><div class=\"sppb-addon-content\"><div class=\"sppb-media\"><div class=\"pull-left\"><div class=\"sppb-icon\"><span class=\"sppb-icon-container\"><i class=\"fa fa-arrow-circle-right\"></i></span></div></div><div class=\"sppb-media-body\"><h3 class=\"sppb-addon-title sppb-feature-box-title sppb-media-heading\">Development</h3><div class=\"sppb-addon-text\">\t\t</div></div></div></div></div></div>","assets":{"css":"#sppb-addon-1485954485635 .sppb-addon-title {\nfont-size:22px;line-height:22px;font-weight:300;}\n#sppb-addon-1485954485635 .sppb-icon .sppb-icon-container {display:inline-block;text-align:center;padding:px;}#sppb-addon-1485954485635 .sppb-icon .sppb-icon-container > i {font-size:22px;width:22px;height:22px;line-height:22px;}"}}]}]},{"id":1486011967968,"type":"inner_row","settings":{"admin_label":"","title":"","heading_selector":"h3","title_fontsize":"","title_fontweight":"","title_text_color":"","title_margin_top":"","title_margin_bottom":"","subtitle":"","subtitle_fontsize":"","title_position":"sppb-text-center","columns_equal_height":"0","fullscreen":"0","no_gutter":"0","id":"","class":"","padding":"0 0 0 0","margin":"60px 0px 0px 0px","color":"","background_color":"","background_image":"","overlay":"","background_repeat":"no-repeat","background_size":"cover","background_attachment":"fixed","background_position":"0 0","background_video":"0","background_video_mp4":"","background_video_ogv":"","hidden_xs":"","hidden_sm":"","hidden_md":"","animation":"","animationduration":"300","animationdelay":"0"},"layout":"12","visibility":true,"columns":[{"id":1486011967969,"class_name":"col-md-12","visibility":true,"settings":{},"addons":[{"id":1486011967974,"name":"button","visibility":true,"settings":{"admin_label":"Learn more","text":"Learn more","alignment":"sppb-text-left","fontstyle":null,"letterspace":"0","url":"#","target":"","type":"custom","appearance":"","background_color":"rgba(51, 51, 51, 1)","color":"rgba(255, 255, 255, 1)","background_color_hover":"rgba(226, 52, 52, 1)","color_hover":"#ffffff","size":"lg","shape":"rounded","block":"","icon":"fa-caret-right","icon_position":"right","class":"","global_text_color":"","global_link_color":"","global_link_hover_color":"","global_use_background":"0","global_background_color":"","global_background_image":"","global_background_repeat":"no-repeat","global_background_size":"cover","global_background_attachment":"inherit","global_user_border":"0","global_border_width":"","global_border_color":"","global_boder_style":"none","global_border_radius":"","global_margin":"","global_padding":"","global_use_animation":"0","global_animation":"","global_animationduration":"300","global_animationdelay":"0","hidden_md":"0","hidden_sm":"0","hidden_xs":"0","acl":null},"htmlContent":"<div id=\"sppb-addon-1486011967974\" class=\"clearfix\" ><div class=\"sppb-text-left\"><a href=\"#\" id=\"btn-1486011967974\" class=\"sppb-btn  sppb-btn-custom sppb-btn-lg sppb-btn-rounded\">Learn more <i class=\"fa fa-caret-right\"></i></a></div></div>","assets":{"css":"#sppb-addon-1486011967974 #btn-1486011967974.sppb-btn-custom { background-color: rgba(51, 51, 51, 1); color: rgba(255, 255, 255, 1);}#sppb-addon-1486011967974 #btn-1486011967974.sppb-btn-custom:hover { background-color: rgba(226, 52, 52, 1); color: #ffffff;}"}}]}]}]},{"id":1485954393859,"class_name":"col-md-6","visibility":true,"settings":{},"addons":[]}]},{"id":1486012313100,"visibility":true,"collapse":false,"settings":{"admin_label":"Latest blog","title":"","heading_selector":"h3","title_fontsize":"","title_fontweight":"","title_text_color":"","title_margin_top":"","title_margin_bottom":"","subtitle":"","subtitle_fontsize":"","title_position":"sppb-text-center","columns_equal_height":"0","fullscreen":"0","no_gutter":"0","id":"","class":"","padding":"55px 0px 55px 0px","margin":"0px 0px 0px 0px","color":"","background_color":"","background_image":"","overlay":"","background_repeat":"no-repeat","background_size":"cover","background_attachment":"fixed","background_position":"0 0","background_video":"0","background_video_mp4":"","background_video_ogv":"","hidden_xs":"","hidden_sm":"","hidden_md":"","animation":"fadeIn","animationduration":"","animationdelay":""},"layout":"6,6","columns":[{"id":1486012313101,"class_name":"col-md-6","visibility":true,"settings":{"color":"","background":"","background_image":"https://sppagebuilder.com/sample-data/images/2017/02/02/bg-border1.jpg","overlay":"","background_repeat":"no-repeat","background_size":"inherit","background_attachment":"inherit","background_position":"100% 50%","padding":"75px 75px 72px 0","class":"","sm_col":"","xs_col":"","hidden_xs":"","hidden_sm":"","hidden_md":"","animation":"","animationduration":"300","animationdelay":"0"},"addons":[{"id":1485944590893,"name":"feature","visibility":true,"settings":{"admin_label":"","title":"OCTOBER 25, 2017","heading_selector":"h3","title_position":"before","title_fontsize":"16","title_lineheight":"","title_fontstyle":null,"title_letterspace":"1px","title_fontweight":"700","title_text_color":"rgba(226, 52, 52, 1)","title_margin_top":"","title_margin_bottom":"0","title_url":"","url_appear":"title","feature_type":"icon","feature_image":"","icon_name":"","icon_size":"36","icon_color":"","icon_background":"","icon_border_color":"","icon_border_width":"","icon_border_radius":"","icon_margin_top":"","icon_margin_bottom":"","icon_padding":"","text":"<h3 style=\"font-size: 36px;\">Wales sees 26% drop in new businesses over five years</h3>","alignment":"sppb-text-left","class":"","global_text_color":"","global_link_color":"","global_link_hover_color":"","global_use_background":"0","global_background_color":"","global_background_image":"","global_background_repeat":"no-repeat","global_background_size":"cover","global_background_attachment":"inherit","global_user_border":"0","global_border_width":"","global_border_color":"","global_boder_style":"none","global_border_radius":"","global_margin":"10px 0 0 0","global_padding":"","global_use_animation":"0","global_animation":"","global_animationduration":"300","global_animationdelay":"0","hidden_md":"0","hidden_sm":"0","hidden_xs":"0","acl":null}},{"id":1485944590896,"name":"text_block","visibility":true,"settings":{"admin_label":"Article info","title":"","heading_selector":"h3","title_fontsize":"","title_lineheight":"","title_fontstyle":null,"title_letterspace":"0","title_fontweight":"","title_text_color":"","title_margin_top":"","title_margin_bottom":"","text":"\tLorem ipsum dolor sit amet, consectetur adipisicing elit, sed do eiusmod tempor incididunt ut labore.","alignment":"sppb-text-left","class":"","global_text_color":"","global_link_color":"","global_link_hover_color":"","global_use_background":"0","global_background_color":"","global_background_image":"","global_background_repeat":"no-repeat","global_background_size":"cover","global_background_attachment":"inherit","global_user_border":"0","global_border_width":"","global_border_color":"","global_boder_style":"none","global_border_radius":"","global_margin":"15px 0 0 0","global_padding":"","global_use_animation":"0","global_animation":"","global_animationduration":"300","global_animationdelay":"0","hidden_md":"0","hidden_sm":"0","hidden_xs":"0","acl":null}},{"id":1485944590899,"name":"button","visibility":true,"settings":{"admin_label":"Read More","text":"Read More","alignment":"sppb-text-left","fontstyle":["uppercase","bold"],"letterspace":"1px","url":"#","target":"","type":"custom","appearance":"","background_color":"","color":"rgba(226, 52, 52, 1)","background_color_hover":"","color_hover":"rgba(254, 64, 64, 1)","size":"","shape":"rounded","block":"","icon":"fa-caret-right","icon_position":"right","class":"","global_text_color":"","global_link_color":"","global_link_hover_color":"","global_use_background":"0","global_background_color":"","global_background_image":"","global_background_repeat":"no-repeat","global_background_size":"cover","global_background_attachment":"inherit","global_user_border":"0","global_border_width":"","global_border_color":"","global_boder_style":"none","global_border_radius":"","global_margin":"35px 0 0 -15px","global_padding":"","global_use_animation":"0","global_animation":"","global_animationduration":"300","global_animationdelay":"0","hidden_md":"0","hidden_sm":"0","hidden_xs":"0","acl":null}}]},{"id":1486012313102,"class_name":"col-md-6","visibility":true,"settings":{"color":"","background":"","background_image":"","overlay":"","background_repeat":"no-repeat","background_size":"cover","background_attachment":"scroll","background_position":"0 0","padding":"75px 0 72px 50px","class":"","sm_col":"","xs_col":"","hidden_xs":"","hidden_sm":"","hidden_md":"","animation":"","animationduration":"300","animationdelay":"0"},"addons":[{"id":1486012692097,"name":"feature","visibility":true,"settings":{"admin_label":"","title":"April 30, 2017","heading_selector":"h3","title_position":"before","title_fontsize":"16","title_lineheight":"","title_fontstyle":["uppercase"],"title_letterspace":"1px","title_fontweight":"700","title_text_color":"rgba(226, 52, 52, 1)","title_margin_top":"","title_margin_bottom":"0","title_url":"","url_appear":"title","feature_type":"icon","feature_image":"","icon_name":"","icon_size":"36","icon_color":"","icon_background":"","icon_border_color":"","icon_border_width":"","icon_border_radius":"","icon_margin_top":"","icon_margin_bottom":"","icon_padding":"","text":"\t<h3 style=\"font-size: 36px;\">Wales sees 26% drop in new businesses over five years</h3>","alignment":"sppb-text-left","class":"","global_text_color":"","global_link_color":"","global_link_hover_color":"","global_use_background":"0","global_background_color":"","global_background_image":"","global_background_repeat":"no-repeat","global_background_size":"cover","global_background_attachment":"inherit","global_user_border":"0","global_border_width":"","global_border_color":"","global_boder_style":"none","global_border_radius":"","global_margin":"10px 0 0 0","global_padding":"","global_use_animation":"0","global_animation":"","global_animationduration":"300","global_animationdelay":"0","hidden_md":"0","hidden_sm":"0","hidden_xs":"0","acl":null}},{"id":1486012692100,"name":"text_block","visibility":true,"settings":{"admin_label":"Article info","title":"","heading_selector":"h3","title_fontsize":"","title_lineheight":"","title_fontstyle":null,"title_letterspace":"0","title_fontweight":"","title_text_color":"","title_margin_top":"","title_margin_bottom":"","text":"\tLorem ipsum dolor sit amet, consectetur adipisicing elit, sed do eiusmod tempor incididunt ut labore.","alignment":"sppb-text-left","class":"","global_text_color":"","global_link_color":"","global_link_hover_color":"","global_use_background":"0","global_background_color":"","global_background_image":"","global_background_repeat":"no-repeat","global_background_size":"cover","global_background_attachment":"inherit","global_user_border":"0","global_border_width":"","global_border_color":"","global_boder_style":"none","global_border_radius":"","global_margin":"15px 0 0 0","global_padding":"","global_use_animation":"0","global_animation":"","global_animationduration":"300","global_animationdelay":"0","hidden_md":"0","hidden_sm":"0","hidden_xs":"0","acl":null}},{"id":1486012692103,"name":"button","visibility":true,"settings":{"admin_label":"Read More","text":"Read More","alignment":"sppb-text-left","fontstyle":["uppercase","bold"],"letterspace":"1px","url":"#","target":"","type":"custom","appearance":"","background_color":"","color":"rgba(226, 52, 52, 1)","background_color_hover":"","color_hover":"rgba(254, 64, 64, 1)","size":"","shape":"rounded","block":"","icon":"fa-caret-right","icon_position":"right","class":"","global_text_color":"","global_link_color":"","global_link_hover_color":"","global_use_background":"0","global_background_color":"","global_background_image":"","global_background_repeat":"no-repeat","global_background_size":"cover","global_background_attachment":"inherit","global_user_border":"0","global_border_width":"","global_border_color":"","global_boder_style":"none","global_border_radius":"","global_margin":"35px 0 0 -15px","global_padding":"","global_use_animation":"0","global_animation":"","global_animationduration":"300","global_animationdelay":"0","hidden_md":"0","hidden_sm":"0","hidden_xs":"0","acl":null}}]}]},{"id":1486013122437,"visibility":true,"collapse":false,"settings":{"admin_label":"Let’s Chat","title":"","heading_selector":"h3","title_fontsize":"","title_fontweight":"","title_text_color":"","title_margin_top":"","title_margin_bottom":"","subtitle":"","subtitle_fontsize":"","title_position":"sppb-text-center","columns_equal_height":"0","fullscreen":"0","no_gutter":"0","id":"","class":"","padding":"140px 0px 155px 0px","margin":"0px 0px 0px 0px","color":"","background_color":"","background_image":"https://sppagebuilder.com/sample-data/images/2017/02/02/footer-cta1.jpg","overlay":"","background_repeat":"no-repeat","background_size":"cover","background_attachment":"inherit","background_position":"50% 50%","background_video":"0","background_video_mp4":"","background_video_ogv":"","hidden_xs":"","hidden_sm":"","hidden_md":"","animation":"","animationduration":"300","animationdelay":"0"},"layout":"12","columns":[{"id":1486013122438,"class_name":"col-md-12","visibility":true,"settings":{"color":"","background":"","background_image":"","overlay":"","background_repeat":"no-repeat","background_size":"cover","background_attachment":"scroll","background_position":"0 0","padding":"","class":"text-center","sm_col":"","xs_col":"","hidden_xs":"","hidden_sm":"","hidden_md":"","animation":"","animationduration":"300","animationdelay":"0"},"addons":[{"id":1486013122441,"name":"feature","visibility":true,"settings":{"admin_label":"","title":"So What’s Next?","heading_selector":"h3","title_position":"before","title_fontsize":"26","title_lineheight":"","title_fontstyle":null,"title_letterspace":"1px","title_fontweight":"700","title_text_color":"","title_margin_top":"","title_margin_bottom":"-10","title_url":"","url_appear":"title","feature_type":"icon","feature_image":"","icon_name":"","icon_size":"36","icon_color":"","icon_background":"","icon_border_color":"","icon_border_width":"","icon_border_radius":"","icon_margin_top":"","icon_margin_bottom":"","icon_padding":"","text":"\t<h3 style=\"font-size: 60px; font-weight: bold;\">WE&rsquo;RE READY! <span style=\"font-weight: 300; font-style: italic; text-decoration: underline;\">Let&rsquo;s Chat.</span></h3>","alignment":"sppb-text-center","class":"","global_text_color":"rgba(255, 255, 255, 1)","global_link_color":"","global_link_hover_color":"","global_use_background":"0","global_background_color":"","global_background_image":"","global_background_repeat":"no-repeat","global_background_size":"cover","global_background_attachment":"inherit","global_user_border":"0","global_border_width":"","global_border_color":"","global_boder_style":"none","global_border_radius":"","global_margin":"10px 0 0 0","global_padding":"","global_use_animation":"0","global_animation":"","global_animationduration":"300","global_animationdelay":"0","hidden_md":"0","hidden_sm":"0","hidden_xs":"0","acl":null}}]}]}]
