[{"id":1494412911357,"visibility":true,"collapse":false,"settings":{"admin_label":"","title":"","heading_selector":"h3","title_fontsize":"","title_fontweight":"","title_text_color":"","title_margin_top":"","title_margin_bottom":"","subtitle":"","subtitle_fontsize":"","title_position":"sppb-text-center","columns_equal_height":"0","fullscreen":"0","no_gutter":"0","id":"","class":"","padding":"307px 0px 320px 0px","margin":"0px 0px 0px 0px","color":"rgba(255, 255, 255, 1)","background_color":"","background_image":"https://sppagebuilder.com/sample-data/images/2017/05/10/hero-img2.jpg","overlay":"rgba(0, 0, 0, 0.3)","background_repeat":"no-repeat","background_size":"cover","background_attachment":"inherit","background_position":"50% 50%","background_video":"0","background_video_mp4":"","background_video_ogv":"","hidden_xs":"","hidden_sm":"","hidden_md":"","animation":"","animationduration":"300","animationdelay":"0"},"layout":"12","columns":[{"id":1494412911358,"class_name":"col-md-12","visibility":true,"settings":{},"addons":[{"id":1494413170915,"name":"heading","visibility":true,"settings":{"admin_label":"It’s time to fly","title":"It’s time to fly","heading_selector":"h2","use_link":"0","title_link":"","link_new_tab":"0","title_fontsize":"72","title_fontstyle":["uppercase"],"title_fontweight":"700","title_lineheight":"","title_letterspace":"0","title_margin":"0px 0px 22px 0px","title_padding":"0px 0px 0px 0px","alignment":"sppb-text-center","class":"","global_text_color":"","global_link_color":"","global_link_hover_color":"","global_use_background":"0","global_background_color":"","global_background_image":"","global_background_repeat":"no-repeat","global_background_size":"cover","global_background_attachment":"inherit","global_user_border":"0","global_border_width":"","global_border_color":"","global_boder_style":"none","global_border_radius":"","global_margin":"","global_padding":"","global_use_animation":"1","global_animation":"flipInX","global_animationduration":"700","global_animationdelay":"","hidden_md":"0","hidden_sm":"0","hidden_xs":"0","acl":null}},{"id":1494413245786,"name":"button","visibility":true,"settings":{"admin_label":"find your place","text":"find your place","alignment":"sppb-text-center","fontstyle":["uppercase","bold"],"letterspace":"0","url":"#","target":"","type":"custom","appearance":"","background_color":"rgba(255, 255, 255, 1)","color":"rgba(28, 28, 28, 1)","background_color_hover":"rgba(34, 34, 34, 1)","color_hover":"#ffffff","button_padding":"13px 40px 13px 40px","size":"","shape":"rounded","block":"","icon":"","icon_position":"left","class":"","global_text_color":"","global_link_color":"","global_link_hover_color":"","global_use_background":"0","global_background_color":"","global_background_image":"","global_background_repeat":"no-repeat","global_background_size":"cover","global_background_attachment":"inherit","global_user_border":"0","global_border_width":"","global_border_color":"","global_boder_style":"none","global_border_radius":"","global_margin":"","global_padding":"","global_use_animation":"1","global_animation":"zoomIn","global_animationduration":"700","global_animationdelay":"","hidden_md":"0","hidden_sm":"0","hidden_xs":"0","acl":null}}]}]},{"id":1494413422761,"visibility":true,"collapse":false,"settings":{"admin_label":"About Us Section","title":"","heading_selector":"h3","title_fontsize":"","title_fontweight":"","title_text_color":"","title_margin_top":"","title_margin_bottom":"","subtitle":"","subtitle_fontsize":"","title_position":"sppb-text-center","columns_equal_height":"0","fullscreen":"0","no_gutter":"0","id":"","class":"","padding":"100px 0px 95px 0px","margin":"0px 0px 0px 0px","color":"","background_color":"","background_image":"","overlay":"","background_repeat":"no-repeat","background_size":"cover","background_attachment":"fixed","background_position":"0 0","background_video":"0","background_video_mp4":"","background_video_ogv":"","hidden_xs":"","hidden_sm":"","hidden_md":"","animation":"","animationduration":"300","animationdelay":"0"},"layout":"7,4,1","columns":[{"id":1494397321380,"class_name":"col-md-7","visibility":true,"settings":{},"addons":[{"id":1494397779869,"name":"image","visibility":true,"settings":{"admin_label":"","title":"","heading_selector":"h3","title_fontsize":"","title_lineheight":"","title_fontstyle":null,"title_letterspace":"0","title_fontweight":"","title_text_color":"","title_margin_top":"","title_margin_bottom":"","image":"https://sppagebuilder.com/sample-data/images/2017/05/10/about-img02.jpg","alt_text":"About us","position":"sppb-text-center","open_lightbox":"1","overlay_color":"rgba(0, 0, 0, 0.5)","link":"","target":"","class":"","global_text_color":"","global_link_color":"","global_link_hover_color":"","global_use_background":"0","global_background_color":"","global_background_image":"","global_background_repeat":"no-repeat","global_background_size":"cover","global_background_attachment":"inherit","global_user_border":"0","global_border_width":"","global_border_color":"","global_boder_style":"none","global_border_radius":"","global_margin":"","global_padding":"","global_use_animation":"0","global_animation":"","global_animationduration":"300","global_animationdelay":"0","hidden_md":"0","hidden_sm":"0","hidden_xs":"0","acl":null}}]},{"id":1494397321381,"class_name":"col-md-4","visibility":true,"settings":{"color":"","background":"","background_image":"","overlay":"","background_repeat":"no-repeat","background_size":"cover","background_attachment":"scroll","background_position":"0 0","padding":"","class":"","sm_col":"","xs_col":"","hidden_xs":"","hidden_sm":"","hidden_md":"","animation":"","animationduration":"300","animationdelay":"0"},"addons":[{"id":1494397840378,"name":"heading","visibility":true,"settings":{"admin_label":"We Are Best","title":"We Are Best","heading_selector":"h3","use_link":"0","title_link":"","link_new_tab":"0","title_fontsize":"48","title_fontstyle":null,"title_fontweight":"","title_lineheight":"","title_letterspace":"0","title_margin":"54px 0px 13px 0px","title_padding":"0px 0px 0px 0px","alignment":"sppb-text-left","class":"","global_text_color":"rgba(38, 37, 38, 1)","global_link_color":"","global_link_hover_color":"","global_use_background":"0","global_background_color":"","global_background_image":"","global_background_repeat":"no-repeat","global_background_size":"cover","global_background_attachment":"inherit","global_user_border":"0","global_border_width":"","global_border_color":"","global_boder_style":"none","global_border_radius":"","global_margin":"","global_padding":"","global_use_animation":"0","global_animation":"","global_animationduration":"300","global_animationdelay":"0","hidden_md":"0","hidden_sm":"0","hidden_xs":"0","acl":null}},{"id":1494397965711,"name":"text_block","visibility":true,"settings":{"admin_label":"","title":"Lorem Ipsum is simply dummy text of the printing and typesetting industry. Lorem Ipsum has been the industry's standard dummy text ever since the 1500s, when an unknown printer took a galley of type and scrambled it to make a type specimen book.","heading_selector":"h4","title_fontsize":"16","title_lineheight":"25","title_fontstyle":null,"title_letterspace":"0","title_fontweight":"400","title_text_color":"rgba(81, 81, 80, 1)","title_margin_top":"","title_margin_bottom":"","text":"\t\t\t","alignment":"sppb-text-left","class":"","global_text_color":"","global_link_color":"","global_link_hover_color":"","global_use_background":"0","global_background_color":"","global_background_image":"","global_background_repeat":"no-repeat","global_background_size":"cover","global_background_attachment":"inherit","global_user_border":"0","global_border_width":"","global_border_color":"","global_boder_style":"none","global_border_radius":"","global_margin":"0 0 20px 0","global_padding":"","global_use_animation":"0","global_animation":"","global_animationduration":"300","global_animationdelay":"0","hidden_md":"0","hidden_sm":"0","hidden_xs":"0","acl":null}},{"id":1494398059422,"name":"button","visibility":true,"settings":{"admin_label":"Learn More","text":"Learn More","alignment":"sppb-text-left","fontstyle":["uppercase"],"letterspace":"0","url":"#","target":"","type":"custom","appearance":"","background_color":"rgba(28, 28, 28, 1)","color":"#ffffff","background_color_hover":"#222222","color_hover":"#ffffff","button_padding":"13px 40px 13px 40px","size":"","shape":"rounded","block":"","icon":"","icon_position":"left","class":"","global_text_color":"","global_link_color":"","global_link_hover_color":"","global_use_background":"0","global_background_color":"","global_background_image":"","global_background_repeat":"no-repeat","global_background_size":"cover","global_background_attachment":"inherit","global_user_border":"0","global_border_width":"","global_border_color":"","global_boder_style":"none","global_border_radius":"","global_margin":"","global_padding":"","global_use_animation":"0","global_animation":"","global_animationduration":"300","global_animationdelay":"0","hidden_md":"0","hidden_sm":"0","hidden_xs":"0","acl":null}}]},{"id":1494842895879,"class_name":"col-md-1","visibility":true,"settings":{},"addons":[]}]},{"id":1494413656487,"visibility":true,"collapse":false,"settings":{"admin_label":"Gallery","title":"","heading_selector":"h3","title_fontsize":"","title_fontweight":"","title_text_color":"","title_margin_top":"","title_margin_bottom":"","subtitle":"","subtitle_fontsize":"","title_position":"sppb-text-center","columns_equal_height":"0","fullscreen":"0","no_gutter":"0","id":"","class":"","padding":"0px 0px 20px 0px","margin":"0px 0px 0px 0px","color":"","background_color":"","background_image":"","overlay":"","background_repeat":"no-repeat","background_size":"cover","background_attachment":"fixed","background_position":"0 0","background_video":"0","background_video_mp4":"","background_video_ogv":"","hidden_xs":"","hidden_sm":"","hidden_md":"","animation":"","animationduration":"300","animationdelay":"0"},"layout":"12","columns":[{"id":1494413656488,"class_name":"col-md-12","visibility":true,"settings":{},"addons":[{"id":1494407199717,"name":"heading","visibility":true,"settings":{"admin_label":"Explore Cities","title":"Explore Cities","heading_selector":"h2","use_link":"0","title_link":"","link_new_tab":"0","title_fontsize":"48","title_fontstyle":null,"title_fontweight":"600","title_lineheight":"","title_letterspace":"0","title_margin":"0px 0px 20px 0px","title_padding":"0px 0px 0px 0px","alignment":"sppb-text-center","class":"","global_text_color":"rgba(28, 28, 28, 1)","global_link_color":"","global_link_hover_color":"","global_use_background":"0","global_background_color":"","global_background_image":"","global_background_repeat":"no-repeat","global_background_size":"cover","global_background_attachment":"inherit","global_user_border":"0","global_border_width":"","global_border_color":"","global_boder_style":"none","global_border_radius":"","global_margin":"","global_padding":"","global_use_animation":"0","global_animation":"","global_animationduration":"300","global_animationdelay":"0","hidden_md":"0","hidden_sm":"0","hidden_xs":"0","acl":null}},{"id":1494407272960,"name":"text_block","visibility":true,"settings":{"admin_label":"","title":"Lorem Ipsum is simply dummy text of the printing and typesetting<br> industry. Lorem Ipsum has been the industry","heading_selector":"h4","title_fontsize":"18","title_lineheight":"28","title_fontstyle":null,"title_letterspace":"0","title_fontweight":"400","title_text_color":"rgba(135, 135, 135, 1)","title_margin_top":"","title_margin_bottom":"","text":"\t\t\t\t\t\t","alignment":"sppb-text-center","class":"","global_text_color":"","global_link_color":"","global_link_hover_color":"","global_use_background":"0","global_background_color":"","global_background_image":"","global_background_repeat":"no-repeat","global_background_size":"cover","global_background_attachment":"inherit","global_user_border":"0","global_border_width":"","global_border_color":"","global_boder_style":"none","global_border_radius":"","global_margin":"0 0 15px 0","global_padding":"","global_use_animation":"0","global_animation":"","global_animationduration":"300","global_animationdelay":"0","hidden_md":"0","hidden_sm":"0","hidden_xs":"0","acl":null}},{"id":1494413656493,"type":"inner_row","settings":{"admin_label":"","title":"","heading_selector":"h3","title_fontsize":"","title_fontweight":"","title_text_color":"","title_margin_top":"","title_margin_bottom":"","subtitle":"","subtitle_fontsize":"","title_position":"sppb-text-center","columns_equal_height":"0","fullscreen":"0","no_gutter":"0","id":"","class":"","padding":"50px 0px 50px 0px","margin":"0px 0px 0px 0px","color":"","background_color":"","background_image":"","overlay":"","background_repeat":"no-repeat","background_size":"cover","background_attachment":"fixed","background_position":"0 0","background_video":"0","background_video_mp4":"","background_video_ogv":"","hidden_xs":"","hidden_sm":"","hidden_md":"","animation":"fadeIn","animationduration":"700","animationdelay":"150"},"layout":"4,4,4","visibility":true,"columns":[{"id":1494413656494,"class_name":"col-md-4","visibility":true,"settings":{"color":"","background":"","background_image":"","overlay":"","background_repeat":"no-repeat","background_size":"cover","background_attachment":"scroll","background_position":"0 0","padding":"","class":"","sm_col":"col-sm-4","xs_col":"","hidden_xs":"","hidden_sm":"","hidden_md":"","animation":"","animationduration":"300","animationdelay":"0"},"addons":[{"id":1494413656503,"name":"image","visibility":true,"settings":{"admin_label":"Gallery 1","title":"","heading_selector":"h3","title_fontsize":"","title_lineheight":"","title_fontstyle":null,"title_letterspace":"0","title_fontweight":"","title_text_color":"","title_margin_top":"","title_margin_bottom":"","image":"https://sppagebuilder.com/sample-data/images/2017/05/16/gallery1.jpg","alt_text":"Gallery","position":"sppb-text-center","open_lightbox":"1","overlay_color":"rgba(28, 28, 28, 0.5)","link":"","target":"","class":"","global_text_color":"","global_link_color":"","global_link_hover_color":"","global_use_background":"0","global_background_color":"","global_background_image":"","global_background_repeat":"no-repeat","global_background_size":"cover","global_background_attachment":"inherit","global_user_border":"0","global_border_width":"","global_border_color":"","global_boder_style":"none","global_border_radius":"","global_margin":"0 0 30px 0","global_padding":"","global_use_animation":"0","global_animation":"","global_animationduration":"300","global_animationdelay":"0","hidden_md":"0","hidden_sm":"0","hidden_xs":"0","acl":null},"htmlContent":"<div id=\"sppb-addon-1494413656503\" class=\"clearfix\" ><div class=\"sppb-addon sppb-addon-single-image sppb-text-center \"><div class=\"sppb-addon-content\"><div class=\"sppb-addon-single-image-container\"><div class=\"sppb-addon-image-overlay\"></div><a class=\"sppb-magnific-popup sppb-addon-image-overlay-icon\" data-popup_type=\"image\" data-mainclass=\"mfp-no-margins mfp-with-zoom\" href=\"https://sppagebuilder.com/sample-data/images/2017/05/16/gallery1.jpg\">+</a><img class=\"sppb-img-responsive\" src=\"https://sppagebuilder.com/sample-data/images/2017/05/16/gallery1.jpg\" alt=\"Gallery\"></div></div></div></div>","assets":{"css":"#sppb-addon-1494413656503 {\nmargin: 0 0 30px 0;\n}\n#sppb-addon-1494413656503 .sppb-addon-image-overlay{background-color: rgba(28, 28, 28, 0.5);}"}},{"id":1494413656540,"name":"image","visibility":true,"settings":{"admin_label":"Gallery 4","title":"","heading_selector":"h3","title_fontsize":"","title_lineheight":"","title_fontstyle":null,"title_letterspace":"0","title_fontweight":"","title_text_color":"","title_margin_top":"","title_margin_bottom":"","image":"https://sppagebuilder.com/sample-data/images/2017/05/16/gallery4.jpg","alt_text":"Gallery","position":"sppb-text-center","open_lightbox":"1","overlay_color":"rgba(28, 28, 28, 0.5)","link":"","target":"","class":"","global_text_color":"","global_link_color":"","global_link_hover_color":"","global_use_background":"0","global_background_color":"","global_background_image":"","global_background_repeat":"no-repeat","global_background_size":"cover","global_background_attachment":"inherit","global_user_border":"0","global_border_width":"","global_border_color":"","global_boder_style":"none","global_border_radius":"","global_margin":"0 0 30px 0","global_padding":"","global_use_animation":"0","global_animation":"","global_animationduration":"300","global_animationdelay":"0","hidden_md":"0","hidden_sm":"0","hidden_xs":"0","acl":null},"htmlContent":"<div id=\"sppb-addon-1494413656540\" class=\"clearfix\" ><div class=\"sppb-addon sppb-addon-single-image sppb-text-center \"><div class=\"sppb-addon-content\"><div class=\"sppb-addon-single-image-container\"><div class=\"sppb-addon-image-overlay\"></div><a class=\"sppb-magnific-popup sppb-addon-image-overlay-icon\" data-popup_type=\"image\" data-mainclass=\"mfp-no-margins mfp-with-zoom\" href=\"https://sppagebuilder.com/sample-data/images/2017/05/16/gallery4.jpg\">+</a><img class=\"sppb-img-responsive\" src=\"https://sppagebuilder.com/sample-data/images/2017/05/16/gallery4.jpg\" alt=\"Gallery\"></div></div></div></div>","assets":{"css":"#sppb-addon-1494413656540 {\nmargin: 0 0 30px 0;\n}\n#sppb-addon-1494413656540 .sppb-addon-image-overlay{background-color: rgba(28, 28, 28, 0.5);}"}}]},{"id":1494413656497,"class_name":"col-md-4","visibility":true,"settings":{"color":"","background":"","background_image":"","overlay":"","background_repeat":"no-repeat","background_size":"cover","background_attachment":"scroll","background_position":"0 0","padding":"","class":"","sm_col":"col-sm-4","xs_col":"","hidden_xs":"","hidden_sm":"","hidden_md":"","animation":"","animationduration":"300","animationdelay":"0"},"addons":[{"id":1494413656513,"name":"image","visibility":true,"settings":{"admin_label":"Gallery 2","title":"","heading_selector":"h3","title_fontsize":"","title_lineheight":"","title_fontstyle":null,"title_letterspace":"0","title_fontweight":"","title_text_color":"","title_margin_top":"","title_margin_bottom":"","image":"https://sppagebuilder.com/sample-data/images/2017/05/16/gallery2.jpg","alt_text":"Gallery","position":"sppb-text-center","open_lightbox":"1","overlay_color":"rgba(28, 28, 28, 0.5)","link":"","target":"","class":"","global_text_color":"","global_link_color":"","global_link_hover_color":"","global_use_background":"0","global_background_color":"","global_background_image":"","global_background_repeat":"no-repeat","global_background_size":"cover","global_background_attachment":"inherit","global_user_border":"0","global_border_width":"","global_border_color":"","global_boder_style":"none","global_border_radius":"","global_margin":"0 0 30px 0","global_padding":"","global_use_animation":"0","global_animation":"","global_animationduration":"300","global_animationdelay":"0","hidden_md":"0","hidden_sm":"0","hidden_xs":"0","acl":null},"htmlContent":"<div id=\"sppb-addon-1494413656513\" class=\"clearfix\" ><div class=\"sppb-addon sppb-addon-single-image sppb-text-center \"><div class=\"sppb-addon-content\"><div class=\"sppb-addon-single-image-container\"><div class=\"sppb-addon-image-overlay\"></div><a class=\"sppb-magnific-popup sppb-addon-image-overlay-icon\" data-popup_type=\"image\" data-mainclass=\"mfp-no-margins mfp-with-zoom\" href=\"https://sppagebuilder.com/sample-data/images/2017/05/16/gallery2.jpg\">+</a><img class=\"sppb-img-responsive\" src=\"https://sppagebuilder.com/sample-data/images/2017/05/16/gallery2.jpg\" alt=\"Gallery\"></div></div></div></div>","assets":{"css":"#sppb-addon-1494413656513 {\nmargin: 0 0 30px 0;\n}\n#sppb-addon-1494413656513 .sppb-addon-image-overlay{background-color: rgba(28, 28, 28, 0.5);}"}},{"id":1494413656535,"name":"image","visibility":true,"settings":{"admin_label":"Gallery 5","title":"","heading_selector":"h3","title_fontsize":"","title_lineheight":"","title_fontstyle":null,"title_letterspace":"0","title_fontweight":"","title_text_color":"","title_margin_top":"","title_margin_bottom":"","image":"https://sppagebuilder.com/sample-data/images/2017/05/16/gallery5.jpg","alt_text":"Gallery","position":"sppb-text-center","open_lightbox":"1","overlay_color":"rgba(28, 28, 28, 0.5)","link":"","target":"","class":"","global_text_color":"","global_link_color":"","global_link_hover_color":"","global_use_background":"0","global_background_color":"","global_background_image":"","global_background_repeat":"no-repeat","global_background_size":"cover","global_background_attachment":"inherit","global_user_border":"0","global_border_width":"","global_border_color":"","global_boder_style":"none","global_border_radius":"","global_margin":"0 0 30px 0","global_padding":"","global_use_animation":"0","global_animation":"","global_animationduration":"300","global_animationdelay":"0","hidden_md":"0","hidden_sm":"0","hidden_xs":"0","acl":null},"htmlContent":"<div id=\"sppb-addon-1494413656535\" class=\"clearfix\" ><div class=\"sppb-addon sppb-addon-single-image sppb-text-center \"><div class=\"sppb-addon-content\"><div class=\"sppb-addon-single-image-container\"><div class=\"sppb-addon-image-overlay\"></div><a class=\"sppb-magnific-popup sppb-addon-image-overlay-icon\" data-popup_type=\"image\" data-mainclass=\"mfp-no-margins mfp-with-zoom\" href=\"https://sppagebuilder.com/sample-data/images/2017/05/16/gallery5.jpg\">+</a><img class=\"sppb-img-responsive\" src=\"https://sppagebuilder.com/sample-data/images/2017/05/16/gallery5.jpg\" alt=\"Gallery\"></div></div></div></div>","assets":{"css":"#sppb-addon-1494413656535 {\nmargin: 0 0 30px 0;\n}\n#sppb-addon-1494413656535 .sppb-addon-image-overlay{background-color: rgba(28, 28, 28, 0.5);}"}}]},{"id":1494413656498,"class_name":"col-md-4","visibility":true,"settings":{"color":"","background":"","background_image":"","overlay":"","background_repeat":"no-repeat","background_size":"cover","background_attachment":"scroll","background_position":"0 0","padding":"","class":"","sm_col":"col-sm-4","xs_col":"","hidden_xs":"","hidden_sm":"","hidden_md":"","animation":"","animationduration":"300","animationdelay":"0"},"addons":[{"id":1494413656508,"name":"image","visibility":true,"settings":{"admin_label":"Gallery 3","title":"","heading_selector":"h3","title_fontsize":"","title_lineheight":"","title_fontstyle":null,"title_letterspace":"0","title_fontweight":"","title_text_color":"","title_margin_top":"","title_margin_bottom":"","image":"https://sppagebuilder.com/sample-data/images/2017/05/16/gallery3.jpg","alt_text":"Gallery","position":"sppb-text-center","open_lightbox":"1","overlay_color":"rgba(28, 28, 28, 0.5)","link":"","target":"","class":"","global_text_color":"","global_link_color":"","global_link_hover_color":"","global_use_background":"0","global_background_color":"","global_background_image":"","global_background_repeat":"no-repeat","global_background_size":"cover","global_background_attachment":"inherit","global_user_border":"0","global_border_width":"","global_border_color":"","global_boder_style":"none","global_border_radius":"","global_margin":"0 0 30px 0","global_padding":"","global_use_animation":"0","global_animation":"","global_animationduration":"300","global_animationdelay":"0","hidden_md":"0","hidden_sm":"0","hidden_xs":"0","acl":null},"htmlContent":"<div id=\"sppb-addon-1494413656508\" class=\"clearfix\" ><div class=\"sppb-addon sppb-addon-single-image sppb-text-center \"><div class=\"sppb-addon-content\"><div class=\"sppb-addon-single-image-container\"><div class=\"sppb-addon-image-overlay\"></div><a class=\"sppb-magnific-popup sppb-addon-image-overlay-icon\" data-popup_type=\"image\" data-mainclass=\"mfp-no-margins mfp-with-zoom\" href=\"https://sppagebuilder.com/sample-data/images/2017/05/16/gallery3.jpg\">+</a><img class=\"sppb-img-responsive\" src=\"https://sppagebuilder.com/sample-data/images/2017/05/16/gallery3.jpg\" alt=\"Gallery\"></div></div></div></div>","assets":{"css":"#sppb-addon-1494413656508 {\nmargin: 0 0 30px 0;\n}\n#sppb-addon-1494413656508 .sppb-addon-image-overlay{background-color: rgba(28, 28, 28, 0.5);}"}},{"id":1494413656526,"name":"image","visibility":true,"settings":{"admin_label":"Gallery 6","title":"","heading_selector":"h3","title_fontsize":"","title_lineheight":"","title_fontstyle":null,"title_letterspace":"0","title_fontweight":"","title_text_color":"","title_margin_top":"","title_margin_bottom":"","image":"https://sppagebuilder.com/sample-data/images/2017/05/16/gallery6.jpg","alt_text":"Gallery","position":"sppb-text-center","open_lightbox":"1","overlay_color":"rgba(28, 28, 28, 0.5)","link":"","target":"","class":"","global_text_color":"","global_link_color":"","global_link_hover_color":"","global_use_background":"0","global_background_color":"","global_background_image":"","global_background_repeat":"no-repeat","global_background_size":"cover","global_background_attachment":"inherit","global_user_border":"0","global_border_width":"","global_border_color":"","global_boder_style":"none","global_border_radius":"","global_margin":"0 0 30px 0","global_padding":"","global_use_animation":"0","global_animation":"","global_animationduration":"300","global_animationdelay":"0","hidden_md":"0","hidden_sm":"0","hidden_xs":"0","acl":null},"htmlContent":"<div id=\"sppb-addon-1494413656526\" class=\"clearfix\" ><div class=\"sppb-addon sppb-addon-single-image sppb-text-center \"><div class=\"sppb-addon-content\"><div class=\"sppb-addon-single-image-container\"><div class=\"sppb-addon-image-overlay\"></div><a class=\"sppb-magnific-popup sppb-addon-image-overlay-icon\" data-popup_type=\"image\" data-mainclass=\"mfp-no-margins mfp-with-zoom\" href=\"https://sppagebuilder.com/sample-data/images/2017/05/16/gallery6.jpg\">+</a><img class=\"sppb-img-responsive\" src=\"https://sppagebuilder.com/sample-data/images/2017/05/16/gallery6.jpg\" alt=\"Gallery\"></div></div></div></div>","assets":{"css":"#sppb-addon-1494413656526 {\nmargin: 0 0 30px 0;\n}\n#sppb-addon-1494413656526 .sppb-addon-image-overlay{background-color: rgba(28, 28, 28, 0.5);}"}}]}]}]}]},{"id":1494481389694,"visibility":true,"collapse":false,"settings":{"admin_label":"","title":"","heading_selector":"h3","title_fontsize":"","title_fontweight":"","title_text_color":"","title_margin_top":"","title_margin_bottom":"","subtitle":"","subtitle_fontsize":"","title_position":"sppb-text-center","columns_equal_height":"0","fullscreen":"0","no_gutter":"0","id":"","class":"","padding":"42px 0px 50px 0px","margin":"0px 0px 0px 0px","color":"","background_color":"","background_image":"","overlay":"","background_repeat":"no-repeat","background_size":"cover","background_attachment":"fixed","background_position":"0 0","background_video":"0","background_video_mp4":"","background_video_ogv":"","hidden_xs":"","hidden_sm":"","hidden_md":"","animation":"","animationduration":"300","animationdelay":"0"},"layout":"12","columns":[{"id":1494481389695,"class_name":"col-md-12","visibility":true,"settings":{},"addons":[{"id":1494481389701,"name":"heading","visibility":true,"settings":{"admin_label":"Hotels Deal","title":"Hotels Deal","heading_selector":"h2","use_link":"0","title_link":"","link_new_tab":"0","title_fontsize":"48","title_fontstyle":null,"title_fontweight":"600","title_lineheight":"","title_letterspace":"0","title_margin":"0px 0px 20px 0px","title_padding":"0px 0px 0px 0px","alignment":"sppb-text-center","class":"","global_text_color":"rgba(28, 28, 28, 1)","global_link_color":"","global_link_hover_color":"","global_use_background":"0","global_background_color":"","global_background_image":"","global_background_repeat":"no-repeat","global_background_size":"cover","global_background_attachment":"inherit","global_user_border":"0","global_border_width":"","global_border_color":"","global_boder_style":"none","global_border_radius":"","global_margin":"","global_padding":"","global_use_animation":"0","global_animation":"","global_animationduration":"300","global_animationdelay":"0","hidden_md":"0","hidden_sm":"0","hidden_xs":"0","acl":null}},{"id":1494481389704,"name":"text_block","visibility":true,"settings":{"admin_label":"","title":"Lorem Ipsum is simply dummy text of the printing and typesetting<br> industry. Lorem Ipsum has been the industry","heading_selector":"h4","title_fontsize":"18","title_lineheight":"28","title_fontstyle":null,"title_letterspace":"0","title_fontweight":"400","title_text_color":"rgba(135, 135, 135, 1)","title_margin_top":"","title_margin_bottom":"","text":"\t\t\t\t\t","alignment":"sppb-text-center","class":"","global_text_color":"","global_link_color":"","global_link_hover_color":"","global_use_background":"0","global_background_color":"","global_background_image":"","global_background_repeat":"no-repeat","global_background_size":"cover","global_background_attachment":"inherit","global_user_border":"0","global_border_width":"","global_border_color":"","global_boder_style":"none","global_border_radius":"","global_margin":"0 0 15px 0","global_padding":"","global_use_animation":"0","global_animation":"","global_animationduration":"300","global_animationdelay":"0","hidden_md":"0","hidden_sm":"0","hidden_xs":"0","acl":null}},{"id":1494483171059,"type":"inner_row","settings":{"admin_label":"","title":"","heading_selector":"h3","title_fontsize":"","title_fontweight":"","title_text_color":"","title_margin_top":"","title_margin_bottom":"","subtitle":"","subtitle_fontsize":"","title_position":"sppb-text-center","columns_equal_height":"0","fullscreen":"0","no_gutter":"0","id":"","class":"","padding":"27px 0px 20px 0px","margin":"0px 0px 0px 0px","color":"","background_color":"","background_image":"","overlay":"","background_repeat":"no-repeat","background_size":"cover","background_attachment":"fixed","background_position":"0 0","background_video":"0","background_video_mp4":"","background_video_ogv":"","hidden_xs":"","hidden_sm":"","hidden_md":"","animation":"","animationduration":"300","animationdelay":"0"},"layout":"3,3,3,3","visibility":true,"columns":[{"id":1494483171060,"class_name":"col-md-3","visibility":true,"settings":{"color":"","background":"","background_image":"","overlay":"","background_repeat":"no-repeat","background_size":"cover","background_attachment":"scroll","background_position":"0 0","padding":"","class":"","sm_col":"col-sm-6","xs_col":"","hidden_xs":"","hidden_sm":"","hidden_md":"","animation":"","animationduration":"300","animationdelay":"0"},"addons":[{"id":1494483212792,"name":"image","visibility":true,"settings":{"admin_label":"","title":"","heading_selector":"h3","title_fontsize":"","title_lineheight":"","title_fontstyle":null,"title_letterspace":"0","title_fontweight":"","title_text_color":"","title_margin_top":"","title_margin_bottom":"","image":"https://sppagebuilder.com/sample-data/images/2017/05/11/hote1.jpg","alt_text":"Hotel1","position":"sppb-text-center","open_lightbox":"0","overlay_color":"rgba(119, 219, 31, 0.5)","link":"","target":"","class":"","global_text_color":"","global_link_color":"","global_link_hover_color":"","global_use_background":"0","global_background_color":"","global_background_image":"","global_background_repeat":"no-repeat","global_background_size":"cover","global_background_attachment":"inherit","global_user_border":"0","global_border_width":"","global_border_color":"","global_boder_style":"none","global_border_radius":"","global_margin":"0 0 30px 0","global_padding":"","global_use_animation":"1","global_animation":"fadeInDown","global_animationduration":"700","global_animationdelay":"450","hidden_md":"0","hidden_sm":"0","hidden_xs":"0","acl":null},"htmlContent":"<div id=\"sppb-addon-1494483212792\" class=\"sppb-wow fadeInDown clearfix\"  data-sppb-wow-duration=\"700ms\" data-sppb-wow-delay=\"450ms\" ><div class=\"sppb-addon sppb-addon-single-image sppb-text-center \"><div class=\"sppb-addon-content\"><div class=\"sppb-addon-single-image-container\"><img class=\"sppb-img-responsive\" src=\"https://sppagebuilder.com/sample-data/images/2017/05/11/hote1.jpg\" alt=\"Hotel1\"></div></div></div></div>","assets":{"css":"#sppb-addon-1494483212792 {\nmargin: 0 0 30px 0;\n}\n"}}]},{"id":1494483171063,"class_name":"col-md-3","visibility":true,"settings":{"color":"","background":"","background_image":"","overlay":"","background_repeat":"no-repeat","background_size":"cover","background_attachment":"scroll","background_position":"0 0","padding":"","class":"","sm_col":"col-sm-6","xs_col":"","hidden_xs":"","hidden_sm":"","hidden_md":"","animation":"","animationduration":"300","animationdelay":"0"},"addons":[{"id":1494483171074,"name":"image","visibility":true,"settings":{"admin_label":"","title":"","heading_selector":"h3","title_fontsize":"","title_lineheight":"","title_fontstyle":null,"title_letterspace":"0","title_fontweight":"","title_text_color":"","title_margin_top":"","title_margin_bottom":"","image":"https://sppagebuilder.com/sample-data/images/2017/05/11/hotel2.jpg","alt_text":"Hotel","position":"sppb-text-center","open_lightbox":"0","overlay_color":"rgba(119, 219, 31, 0.5)","link":"","target":"","class":"","global_text_color":"","global_link_color":"","global_link_hover_color":"","global_use_background":"0","global_background_color":"","global_background_image":"","global_background_repeat":"no-repeat","global_background_size":"cover","global_background_attachment":"inherit","global_user_border":"0","global_border_width":"","global_border_color":"","global_boder_style":"none","global_border_radius":"","global_margin":"0 0 30px 0","global_padding":"","global_use_animation":"1","global_animation":"fadeInDown","global_animationduration":"700","global_animationdelay":"300","hidden_md":"0","hidden_sm":"0","hidden_xs":"0","acl":null},"htmlContent":"<div id=\"sppb-addon-1494483171074\" class=\"sppb-wow fadeInDown clearfix\"  data-sppb-wow-duration=\"700ms\" data-sppb-wow-delay=\"300ms\" ><div class=\"sppb-addon sppb-addon-single-image sppb-text-center \"><div class=\"sppb-addon-content\"><div class=\"sppb-addon-single-image-container\"><img class=\"sppb-img-responsive\" src=\"https://sppagebuilder.com/sample-data/images/2017/05/11/hotel2.jpg\" alt=\"Hotel\"></div></div></div></div>","assets":{"css":"#sppb-addon-1494483171074 {\nmargin: 0 0 30px 0;\n}\n"}}]},{"id":1494483171064,"class_name":"col-md-3","visibility":true,"settings":{"color":"","background":"","background_image":"","overlay":"","background_repeat":"no-repeat","background_size":"cover","background_attachment":"scroll","background_position":"0 0","padding":"","class":"","sm_col":"col-sm-6","xs_col":"","hidden_xs":"","hidden_sm":"","hidden_md":"","animation":"","animationduration":"300","animationdelay":"0"},"addons":[{"id":1494483171079,"name":"image","visibility":true,"settings":{"admin_label":"","title":"","heading_selector":"h3","title_fontsize":"","title_lineheight":"","title_fontstyle":null,"title_letterspace":"0","title_fontweight":"","title_text_color":"","title_margin_top":"","title_margin_bottom":"","image":"https://sppagebuilder.com/sample-data/images/2017/05/11/hotel3.jpg","alt_text":"Hotel","position":"sppb-text-center","open_lightbox":"0","overlay_color":"rgba(119, 219, 31, 0.5)","link":"","target":"","class":"","global_text_color":"","global_link_color":"","global_link_hover_color":"","global_use_background":"0","global_background_color":"","global_background_image":"","global_background_repeat":"no-repeat","global_background_size":"cover","global_background_attachment":"inherit","global_user_border":"0","global_border_width":"","global_border_color":"","global_boder_style":"none","global_border_radius":"","global_margin":"0 0 30px 0","global_padding":"","global_use_animation":"1","global_animation":"fadeInDown","global_animationduration":"700","global_animationdelay":"150","hidden_md":"0","hidden_sm":"0","hidden_xs":"0","acl":null},"htmlContent":"<div id=\"sppb-addon-1494483171079\" class=\"sppb-wow fadeInDown clearfix\"  data-sppb-wow-duration=\"700ms\" data-sppb-wow-delay=\"150ms\" ><div class=\"sppb-addon sppb-addon-single-image sppb-text-center \"><div class=\"sppb-addon-content\"><div class=\"sppb-addon-single-image-container\"><img class=\"sppb-img-responsive\" src=\"https://sppagebuilder.com/sample-data/images/2017/05/11/hotel3.jpg\" alt=\"Hotel\"></div></div></div></div>","assets":{"css":"#sppb-addon-1494483171079 {\nmargin: 0 0 30px 0;\n}\n"}}]},{"id":1494483171065,"class_name":"col-md-3","visibility":true,"settings":{"color":"","background":"","background_image":"","overlay":"","background_repeat":"no-repeat","background_size":"cover","background_attachment":"scroll","background_position":"0 0","padding":"","class":"","sm_col":"col-sm-6","xs_col":"","hidden_xs":"","hidden_sm":"","hidden_md":"","animation":"","animationduration":"300","animationdelay":"0"},"addons":[{"id":1494483171084,"name":"image","visibility":true,"settings":{"admin_label":"","title":"","heading_selector":"h3","title_fontsize":"","title_lineheight":"","title_fontstyle":null,"title_letterspace":"0","title_fontweight":"","title_text_color":"","title_margin_top":"","title_margin_bottom":"","image":"https://sppagebuilder.com/sample-data/images/2017/05/11/hotel4.jpg","alt_text":"Hotel","position":"sppb-text-center","open_lightbox":"0","overlay_color":"rgba(119, 219, 31, 0.5)","link":"","target":"","class":"","global_text_color":"","global_link_color":"","global_link_hover_color":"","global_use_background":"0","global_background_color":"","global_background_image":"","global_background_repeat":"no-repeat","global_background_size":"cover","global_background_attachment":"inherit","global_user_border":"0","global_border_width":"","global_border_color":"","global_boder_style":"none","global_border_radius":"","global_margin":"0 0 30px 0","global_padding":"","global_use_animation":"1","global_animation":"fadeInDown","global_animationduration":"700","global_animationdelay":"","hidden_md":"0","hidden_sm":"0","hidden_xs":"0","acl":null},"htmlContent":"<div id=\"sppb-addon-1494483171084\" class=\"sppb-wow fadeInDown clearfix\"  data-sppb-wow-duration=\"700ms\" ><div class=\"sppb-addon sppb-addon-single-image sppb-text-center \"><div class=\"sppb-addon-content\"><div class=\"sppb-addon-single-image-container\"><img class=\"sppb-img-responsive\" src=\"https://sppagebuilder.com/sample-data/images/2017/05/11/hotel4.jpg\" alt=\"Hotel\"></div></div></div></div>","assets":{"css":"#sppb-addon-1494483171084 {\nmargin: 0 0 30px 0;\n}\n"}}]}]},{"id":1494483171109,"type":"inner_row","settings":{"admin_label":"","title":"","heading_selector":"h3","title_fontsize":"","title_fontweight":"","title_text_color":"","title_margin_top":"","title_margin_bottom":"","subtitle":"","subtitle_fontsize":"","title_position":"sppb-text-center","columns_equal_height":"0","fullscreen":"0","no_gutter":"0","id":"","class":"","padding":"0px 0px 0px 0px","margin":"0px 0px 0px 0px","color":"","background_color":"","background_image":"","overlay":"","background_repeat":"no-repeat","background_size":"cover","background_attachment":"fixed","background_position":"0 0","background_video":"0","background_video_mp4":"","background_video_ogv":"","hidden_xs":"","hidden_sm":"","hidden_md":"","animation":"","animationduration":"300","animationdelay":"0"},"layout":"12","visibility":true,"columns":[{"id":1494483171110,"class_name":"col-md-12","visibility":true,"settings":{},"addons":[{"id":1494483440621,"name":"button","visibility":true,"settings":{"admin_label":"","text":"see more","alignment":"sppb-text-center","fontstyle":["uppercase"],"letterspace":"0","url":"#","target":"","type":"custom","appearance":"","background_color":"rgba(28, 28, 28, 1)","color":"#ffffff","background_color_hover":"rgba(68, 68, 68, 1)","color_hover":"#ffffff","button_padding":"13px 40px 13px 40px","size":"","shape":"rounded","block":"","icon":"","icon_position":"left","class":"","global_text_color":"","global_link_color":"","global_link_hover_color":"","global_use_background":"0","global_background_color":"","global_background_image":"","global_background_repeat":"no-repeat","global_background_size":"cover","global_background_attachment":"inherit","global_user_border":"0","global_border_width":"","global_border_color":"","global_boder_style":"none","global_border_radius":"","global_margin":"","global_padding":"","global_use_animation":"0","global_animation":"","global_animationduration":"300","global_animationdelay":"0","hidden_md":"0","hidden_sm":"0","hidden_xs":"0","acl":null},"htmlContent":"<div id=\"sppb-addon-1494483440621\" class=\"clearfix\" ><div class=\"sppb-text-center\"><a href=\"#\" id=\"btn-1494483440621\" class=\"sppb-btn  sppb-btn-custom sppb-btn-rounded\">see more</a></div></div>","assets":{"css":"#sppb-addon-1494483440621 #btn-1494483440621.sppb-btn-custom{text-transform: uppercase;}#sppb-addon-1494483440621 #btn-1494483440621.sppb-btn-custom { background-color: rgba(28, 28, 28, 1); color: #ffffff; padding: 13px 40px 13px 40px;}#sppb-addon-1494483440621 #btn-1494483440621.sppb-btn-custom:hover { background-color: rgba(68, 68, 68, 1); color: #ffffff;}"}}]}]}]}]},{"id":1494483171101,"visibility":true,"collapse":false,"settings":{"admin_label":"","title":"","heading_selector":"h3","title_fontsize":"","title_fontweight":"","title_text_color":"","title_margin_top":"","title_margin_bottom":"","subtitle":"","subtitle_fontsize":"","title_position":"sppb-text-center","columns_equal_height":"0","fullscreen":"0","no_gutter":"0","id":"","class":"","padding":"33px 0px 100px 0px","margin":"0px 0px 0px 0px","color":"","background_color":"","background_image":"","overlay":"","background_repeat":"no-repeat","background_size":"cover","background_attachment":"fixed","background_position":"0 0","background_video":"0","background_video_mp4":"","background_video_ogv":"","hidden_xs":"","hidden_sm":"","hidden_md":"","animation":"","animationduration":"300","animationdelay":"0"},"layout":"12","columns":[{"id":1494483171102,"class_name":"col-md-12","visibility":true,"settings":{},"addons":[{"id":1494483171105,"name":"heading","visibility":true,"settings":{"admin_label":"Featured Package","title":"Featured Package","heading_selector":"h2","use_link":"0","title_link":"","link_new_tab":"0","title_fontsize":"48","title_fontstyle":null,"title_fontweight":"600","title_lineheight":"","title_letterspace":"0","title_margin":"0px 0px 20px 0px","title_padding":"0px 0px 0px 0px","alignment":"sppb-text-center","class":"","global_text_color":"rgba(28, 28, 28, 1)","global_link_color":"","global_link_hover_color":"","global_use_background":"0","global_background_color":"","global_background_image":"","global_background_repeat":"no-repeat","global_background_size":"cover","global_background_attachment":"inherit","global_user_border":"0","global_border_width":"","global_border_color":"","global_boder_style":"none","global_border_radius":"","global_margin":"","global_padding":"","global_use_animation":"0","global_animation":"","global_animationduration":"300","global_animationdelay":"0","hidden_md":"0","hidden_sm":"0","hidden_xs":"0","acl":null}},{"id":1494483171108,"name":"text_block","visibility":true,"settings":{"admin_label":"","title":"Lorem Ipsum is simply dummy text of the printing and typesetting<br> industry. Lorem Ipsum has been the industry","heading_selector":"h4","title_fontsize":"18","title_lineheight":"28","title_fontstyle":null,"title_letterspace":"0","title_fontweight":"400","title_text_color":"rgba(135, 135, 135, 1)","title_margin_top":"","title_margin_bottom":"","text":"\t\t\t\t\t","alignment":"sppb-text-center","class":"","global_text_color":"","global_link_color":"","global_link_hover_color":"","global_use_background":"0","global_background_color":"","global_background_image":"","global_background_repeat":"no-repeat","global_background_size":"cover","global_background_attachment":"inherit","global_user_border":"0","global_border_width":"","global_border_color":"","global_boder_style":"none","global_border_radius":"","global_margin":"0 0 15px 0","global_padding":"","global_use_animation":"0","global_animation":"","global_animationduration":"300","global_animationdelay":"0","hidden_md":"0","hidden_sm":"0","hidden_xs":"0","acl":null}},{"id":1494483171127,"type":"inner_row","settings":{"admin_label":"","title":"","heading_selector":"h3","title_fontsize":"","title_fontweight":"","title_text_color":"","title_margin_top":"","title_margin_bottom":"","subtitle":"","subtitle_fontsize":"","title_position":"sppb-text-center","columns_equal_height":"0","fullscreen":"0","no_gutter":"0","id":"","class":"","padding":"30px 0px 35px 0px","margin":"0px 0px 0px 0px","color":"","background_color":"","background_image":"","overlay":"","background_repeat":"no-repeat","background_size":"cover","background_attachment":"fixed","background_position":"0 0","background_video":"0","background_video_mp4":"","background_video_ogv":"","hidden_xs":"","hidden_sm":"","hidden_md":"","animation":"","animationduration":"300","animationdelay":"0"},"layout":"4,4,4","visibility":true,"columns":[{"id":1494483171128,"class_name":"col-md-4","visibility":true,"settings":{},"addons":[{"id":1494484131951,"name":"image","visibility":true,"settings":{"admin_label":"","title":"","heading_selector":"h3","title_fontsize":"","title_lineheight":"","title_fontstyle":null,"title_letterspace":"0","title_fontweight":"","title_text_color":"","title_margin_top":"","title_margin_bottom":"","image":"https://sppagebuilder.com/sample-data/images/2017/05/11/package1.jpg","alt_text":"Package","position":"sppb-text-center","open_lightbox":"0","overlay_color":"rgba(119, 219, 31, 0.5)","link":"","target":"","class":"","global_text_color":"","global_link_color":"","global_link_hover_color":"","global_use_background":"0","global_background_color":"","global_background_image":"","global_background_repeat":"no-repeat","global_background_size":"cover","global_background_attachment":"inherit","global_user_border":"0","global_border_width":"","global_border_color":"","global_boder_style":"none","global_border_radius":"","global_margin":"20px 0 0 0","global_padding":"","global_use_animation":"0","global_animation":"","global_animationduration":"300","global_animationdelay":"0","hidden_md":"0","hidden_sm":"0","hidden_xs":"0","acl":null},"htmlContent":"<div id=\"sppb-addon-1494484131951\" class=\"clearfix\" ><div class=\"sppb-addon sppb-addon-single-image sppb-text-center \"><div class=\"sppb-addon-content\"><div class=\"sppb-addon-single-image-container\"><img class=\"sppb-img-responsive\" src=\"https://sppagebuilder.com/sample-data/images/2017/05/11/package1.jpg\" alt=\"Package\"></div></div></div></div>","assets":{"css":"#sppb-addon-1494484131951 {\nmargin: 20px 0 0 0;\n}\n"}},{"id":1494484803905,"name":"heading","visibility":true,"settings":{"admin_label":"From $199","title":"From $199","heading_selector":"h2","use_link":"0","title_link":"","link_new_tab":"0","title_fontsize":"20","title_fontstyle":null,"title_fontweight":"700","title_lineheight":"","title_letterspace":"0","title_margin":"25px 0px 30px 0px","title_padding":"0px 0px 0px 0px","alignment":"sppb-text-center","class":"","global_text_color":"rgba(28, 28, 28, 1)","global_link_color":"","global_link_hover_color":"","global_use_background":"0","global_background_color":"","global_background_image":"","global_background_repeat":"no-repeat","global_background_size":"cover","global_background_attachment":"inherit","global_user_border":"0","global_border_width":"","global_border_color":"","global_boder_style":"none","global_border_radius":"","global_margin":"","global_padding":"","global_use_animation":"0","global_animation":"","global_animationduration":"300","global_animationdelay":"0","hidden_md":"0","hidden_sm":"0","hidden_xs":"0","acl":null},"htmlContent":"<div id=\"sppb-addon-1494484803905\" class=\"clearfix\" ><div class=\"sppb-addon sppb-addon-header sppb-text-center\"><h2 class=\"sppb-addon-title\">From $199</h2></div></div>","assets":{"css":"#sppb-addon-1494484803905 {\n\tcolor: rgba(28, 28, 28, 1);\n}\n#sppb-addon-1494484803905 .sppb-addon-title {\nfont-size:20px;line-height:20px;font-weight:700;}\n#sppb-addon-1494484803905 h2.sppb-addon-title {margin: 25px 0px 30px 0px; padding: 0px 0px 0px 0px; }"}}]},{"id":1494483171131,"class_name":"col-md-4","visibility":true,"settings":{},"addons":[{"id":1494483171153,"name":"image","visibility":true,"settings":{"admin_label":"","title":"","heading_selector":"h3","title_fontsize":"","title_lineheight":"","title_fontstyle":null,"title_letterspace":"0","title_fontweight":"","title_text_color":"","title_margin_top":"","title_margin_bottom":"","image":"https://sppagebuilder.com/sample-data/images/2017/05/11/package2.jpg","alt_text":"Package","position":"sppb-text-center","open_lightbox":"0","overlay_color":"rgba(119, 219, 31, 0.5)","link":"","target":"","class":"","global_text_color":"","global_link_color":"","global_link_hover_color":"","global_use_background":"0","global_background_color":"","global_background_image":"","global_background_repeat":"no-repeat","global_background_size":"cover","global_background_attachment":"inherit","global_user_border":"0","global_border_width":"","global_border_color":"","global_boder_style":"none","global_border_radius":"","global_margin":"20px 0 0 0","global_padding":"","global_use_animation":"0","global_animation":"","global_animationduration":"300","global_animationdelay":"0","hidden_md":"0","hidden_sm":"0","hidden_xs":"0","acl":null},"htmlContent":"<div id=\"sppb-addon-1494483171153\" class=\"clearfix\" ><div class=\"sppb-addon sppb-addon-single-image sppb-text-center \"><div class=\"sppb-addon-content\"><div class=\"sppb-addon-single-image-container\"><img class=\"sppb-img-responsive\" src=\"https://sppagebuilder.com/sample-data/images/2017/05/11/package2.jpg\" alt=\"Package\"></div></div></div></div>","assets":{"css":"#sppb-addon-1494483171153 {\nmargin: 20px 0 0 0;\n}\n"}},{"id":1494483171184,"name":"heading","visibility":true,"settings":{"admin_label":"From $299","title":"From $299","heading_selector":"h2","use_link":"0","title_link":"","link_new_tab":"0","title_fontsize":"20","title_fontstyle":null,"title_fontweight":"700","title_lineheight":"","title_letterspace":"0","title_margin":"25px 0px 30px 0px","title_padding":"0px 0px 0px 0px","alignment":"sppb-text-center","class":"","global_text_color":"rgba(28, 28, 28, 1)","global_link_color":"","global_link_hover_color":"","global_use_background":"0","global_background_color":"","global_background_image":"","global_background_repeat":"no-repeat","global_background_size":"cover","global_background_attachment":"inherit","global_user_border":"0","global_border_width":"","global_border_color":"","global_boder_style":"none","global_border_radius":"","global_margin":"","global_padding":"","global_use_animation":"0","global_animation":"","global_animationduration":"300","global_animationdelay":"0","hidden_md":"0","hidden_sm":"0","hidden_xs":"0","acl":null},"htmlContent":"<div id=\"sppb-addon-1494483171184\" class=\"clearfix\" ><div class=\"sppb-addon sppb-addon-header sppb-text-center\"><h2 class=\"sppb-addon-title\">From $299</h2></div></div>","assets":{"css":"#sppb-addon-1494483171184 {\n\tcolor: rgba(28, 28, 28, 1);\n}\n#sppb-addon-1494483171184 .sppb-addon-title {\nfont-size:20px;line-height:20px;font-weight:700;}\n#sppb-addon-1494483171184 h2.sppb-addon-title {margin: 25px 0px 30px 0px; padding: 0px 0px 0px 0px; }"}}]},{"id":1494483171132,"class_name":"col-md-4","visibility":true,"settings":{},"addons":[{"id":1494483171158,"name":"image","visibility":true,"settings":{"admin_label":"","title":"","heading_selector":"h3","title_fontsize":"","title_lineheight":"","title_fontstyle":null,"title_letterspace":"0","title_fontweight":"","title_text_color":"","title_margin_top":"","title_margin_bottom":"","image":"https://sppagebuilder.com/sample-data/images/2017/05/11/package3.jpg","alt_text":"Package","position":"sppb-text-center","open_lightbox":"0","overlay_color":"rgba(119, 219, 31, 0.5)","link":"","target":"","class":"","global_text_color":"","global_link_color":"","global_link_hover_color":"","global_use_background":"0","global_background_color":"","global_background_image":"","global_background_repeat":"no-repeat","global_background_size":"cover","global_background_attachment":"inherit","global_user_border":"0","global_border_width":"","global_border_color":"","global_boder_style":"none","global_border_radius":"","global_margin":"20px 0 0 0","global_padding":"","global_use_animation":"0","global_animation":"","global_animationduration":"300","global_animationdelay":"0","hidden_md":"0","hidden_sm":"0","hidden_xs":"0","acl":null},"htmlContent":"<div id=\"sppb-addon-1494483171158\" class=\"clearfix\" ><div class=\"sppb-addon sppb-addon-single-image sppb-text-center \"><div class=\"sppb-addon-content\"><div class=\"sppb-addon-single-image-container\"><img class=\"sppb-img-responsive\" src=\"https://sppagebuilder.com/sample-data/images/2017/05/11/package3.jpg\" alt=\"Package\"></div></div></div></div>","assets":{"css":"#sppb-addon-1494483171158 {\nmargin: 20px 0 0 0;\n}\n"}},{"id":1494483171179,"name":"heading","visibility":true,"settings":{"admin_label":"From $399","title":"From $399","heading_selector":"h2","use_link":"0","title_link":"","link_new_tab":"0","title_fontsize":"20","title_fontstyle":null,"title_fontweight":"700","title_lineheight":"","title_letterspace":"0","title_margin":"25px 0px 30px 0px","title_padding":"0px 0px 0px 0px","alignment":"sppb-text-center","class":"","global_text_color":"rgba(28, 28, 28, 1)","global_link_color":"","global_link_hover_color":"","global_use_background":"0","global_background_color":"","global_background_image":"","global_background_repeat":"no-repeat","global_background_size":"cover","global_background_attachment":"inherit","global_user_border":"0","global_border_width":"","global_border_color":"","global_boder_style":"none","global_border_radius":"","global_margin":"","global_padding":"","global_use_animation":"0","global_animation":"","global_animationduration":"300","global_animationdelay":"0","hidden_md":"0","hidden_sm":"0","hidden_xs":"0","acl":null},"htmlContent":"<div id=\"sppb-addon-1494483171179\" class=\"clearfix\" ><div class=\"sppb-addon sppb-addon-header sppb-text-center\"><h2 class=\"sppb-addon-title\">From $399</h2></div></div>","assets":{"css":"#sppb-addon-1494483171179 {\n\tcolor: rgba(28, 28, 28, 1);\n}\n#sppb-addon-1494483171179 .sppb-addon-title {\nfont-size:20px;line-height:20px;font-weight:700;}\n#sppb-addon-1494483171179 h2.sppb-addon-title {margin: 25px 0px 30px 0px; padding: 0px 0px 0px 0px; }"}}]}]},{"id":1494483171193,"type":"inner_row","settings":{"admin_label":"","title":"","heading_selector":"h3","title_fontsize":"","title_fontweight":"","title_text_color":"","title_margin_top":"","title_margin_bottom":"","subtitle":"","subtitle_fontsize":"","title_position":"sppb-text-center","columns_equal_height":"0","fullscreen":"0","no_gutter":"0","id":"","class":"","padding":"0px 0px 0px 0px","margin":"0px 0px 0px 0px","color":"","background_color":"","background_image":"","overlay":"","background_repeat":"no-repeat","background_size":"cover","background_attachment":"fixed","background_position":"0 0","background_video":"0","background_video_mp4":"","background_video_ogv":"","hidden_xs":"","hidden_sm":"","hidden_md":"","animation":"","animationduration":"300","animationdelay":"0"},"layout":"12","visibility":true,"columns":[{"id":1494483171194,"class_name":"col-md-12","visibility":true,"settings":{},"addons":[{"id":1494484981019,"name":"button","visibility":true,"settings":{"admin_label":"","text":"see all packages","alignment":"sppb-text-center","fontstyle":["uppercase","bold"],"letterspace":"0","url":"#","target":"","type":"custom","appearance":"outline","background_color":"rgba(28, 28, 28, 1)","color":"rgba(28, 28, 28, 1)","background_color_hover":"#222222","color_hover":"#ffffff","button_padding":"13px 40px 13px 40px","size":"","shape":"rounded","block":"","icon":"","icon_position":"left","class":"","global_text_color":"","global_link_color":"","global_link_hover_color":"","global_use_background":"0","global_background_color":"","global_background_image":"","global_background_repeat":"no-repeat","global_background_size":"cover","global_background_attachment":"inherit","global_user_border":"0","global_border_width":"","global_border_color":"","global_boder_style":"none","global_border_radius":"","global_margin":"","global_padding":"","global_use_animation":"0","global_animation":"","global_animationduration":"300","global_animationdelay":"0","hidden_md":"0","hidden_sm":"0","hidden_xs":"0","acl":null},"htmlContent":"<div id=\"sppb-addon-1494484981019\" class=\"clearfix\" ><div class=\"sppb-text-center\"><a href=\"#\" id=\"btn-1494484981019\" class=\"sppb-btn  sppb-btn-custom sppb-btn-rounded sppb-btn-outline\">see all packages</a></div></div>","assets":{"css":"#sppb-addon-1494484981019 #btn-1494484981019.sppb-btn-custom{text-transform: uppercase;font-weight: bold;}#sppb-addon-1494484981019 #btn-1494484981019.sppb-btn-custom { border-color: rgba(28, 28, 28, 1); color: rgba(28, 28, 28, 1); padding: 13px 40px 13px 40px;}#sppb-addon-1494484981019 #btn-1494484981019.sppb-btn-custom:hover { border-color: #222222; background-color: #222222; color: #ffffff;}"}}]}]}]}]}]
