[{"id":1494923187257,"visibility":true,"collapse":false,"settings":{"admin_label":"Hero Section","title":"","heading_selector":"h3","title_fontsize":"","title_fontweight":"","title_text_color":"","title_margin_top":"","title_margin_bottom":"","subtitle":"","subtitle_fontsize":"","title_position":"sppb-text-center","columns_equal_height":"0","fullscreen":"0","no_gutter":"0","id":"","class":"","padding":"210px 0px 210px 0px","margin":"0px 0px 0px 0px","color":"","background_color":"","background_image":"https://sppagebuilder.com/sample-data/images/2017/07/10/resume-hero.jpg","overlay":"","background_repeat":"no-repeat","background_size":"cover","background_attachment":"inherit","background_position":"100% 50%","background_video":"0","background_video_mp4":"","background_video_ogv":"","hidden_xs":"","hidden_sm":"","hidden_md":"","animation":"","animationduration":"300","animationdelay":"0"},"layout":"6,6","columns":[{"id":1494923187258,"class_name":"col-md-6","visibility":true,"settings":{},"addons":[{"id":1494925638677,"name":"heading","visibility":true,"settings":{"admin_label":"Hello!","title":"Hello!","heading_selector":"h2","use_link":"0","title_link":"","link_new_tab":"0","title_fontsize":"48","title_fontstyle":null,"title_fontweight":"300","title_lineheight":"","title_letterspace":"0","title_margin":"0px 0px 27px 0px","title_padding":"0px 0px 0px 0px","alignment":"sppb-text-left","class":"","global_text_color":"rgba(135, 135, 135, 1)","global_link_color":"","global_link_hover_color":"","global_use_background":"0","global_background_color":"","global_background_image":"","global_background_repeat":"no-repeat","global_background_size":"cover","global_background_attachment":"inherit","global_user_border":"0","global_border_width":"","global_border_color":"","global_boder_style":"none","global_border_radius":"","global_margin":"","global_padding":"","global_use_animation":"1","global_animation":"fadeInDown","global_animationduration":"700","global_animationdelay":"300","hidden_md":"0","hidden_sm":"0","hidden_xs":"0","acl":null}},{"id":1499336489824,"name":"heading","visibility":true,"settings":{"admin_label":"I\u2019m Leila Jackson","title":"I\u2019m <b style=\"color: #293340;\">Leila Jackson<\/b>","heading_selector":"h3","use_link":"0","title_link":"","link_new_tab":"0","title_fontsize":"48","title_fontstyle":null,"title_fontweight":"300","title_lineheight":"","title_letterspace":"0","title_margin":"0px 0px 30px 0px","title_padding":"0px 0px 0px 0px","alignment":"sppb-text-left","class":"","global_text_color":"rgba(135, 135, 135, 1)","global_link_color":"","global_link_hover_color":"","global_use_background":"0","global_background_color":"","global_background_image":"","global_background_repeat":"no-repeat","global_background_size":"cover","global_background_attachment":"inherit","global_user_border":"0","global_border_width":"","global_border_color":"","global_boder_style":"none","global_border_radius":"","global_margin":"","global_padding":"","global_use_animation":"1","global_animation":"fadeInDown","global_animationduration":"700","global_animationdelay":"300","hidden_md":"0","hidden_sm":"0","hidden_xs":"0","acl":null}},{"id":1494928303657,"name":"heading","visibility":true,"settings":{"admin_label":"User Experience and User Interface Designer","title":"User Experience and User Interface Designer","heading_selector":"h4","use_link":"0","title_link":"","link_new_tab":"0","title_fontsize":"24","title_fontstyle":null,"title_fontweight":"300","title_lineheight":"1.3","title_letterspace":"0","title_margin":"0px 0px 40px 0px","title_padding":"0px 0px 0px 0px","alignment":"sppb-text-left","class":"","global_text_color":"rgba(74, 74, 74, 1)","global_link_color":"","global_link_hover_color":"","global_use_background":"0","global_background_color":"","global_background_image":"","global_background_repeat":"no-repeat","global_background_size":"cover","global_background_attachment":"inherit","global_user_border":"0","global_border_width":"","global_border_color":"","global_boder_style":"none","global_border_radius":"","global_margin":"","global_padding":"","global_use_animation":"1","global_animation":"fadeInDown","global_animationduration":"700","global_animationdelay":"150","hidden_md":"0","hidden_sm":"0","hidden_xs":"0","acl":null}},{"id":1499336812126,"name":"button","visibility":true,"settings":{"admin_label":"Download Resume","text":"Download Resume","alignment":"sppb-text-left","fontstyle":null,"letterspace":"0","url":"#","target":"","type":"custom","appearance":"","background_color":"rgba(56, 151, 240, 1)","color":"rgba(255, 255, 255, 1)","background_color_hover":"rgba(40, 115, 201, 1)","color_hover":"#ffffff","button_padding":"12px 25px 12px 25px","size":"","shape":"rounded","block":"","icon":"","icon_position":"left","class":"","global_text_color":"","global_link_color":"","global_link_hover_color":"","global_use_background":"0","global_background_color":"","global_background_image":"","global_background_repeat":"no-repeat","global_background_size":"cover","global_background_attachment":"inherit","global_user_border":"0","global_border_width":"","global_border_color":"","global_boder_style":"none","global_border_radius":"","global_margin":"","global_padding":"","global_use_animation":"1","global_animation":"fadeInDown","global_animationduration":"","global_animationdelay":"0","hidden_md":"0","hidden_sm":"0","hidden_xs":"0","acl":null}}]},{"id":1499336489829,"class_name":"col-md-6","visibility":true,"settings":{},"addons":[]}]},{"id":1499336489844,"visibility":true,"collapse":false,"settings":{"admin_label":"Professional Skills","title":"","heading_selector":"h3","title_fontsize":"","title_fontweight":"","title_text_color":"","title_margin_top":"","title_margin_bottom":"","subtitle":"","subtitle_fontsize":"","title_position":"sppb-text-center","columns_equal_height":"0","fullscreen":"0","no_gutter":"0","id":"","class":"","padding":"95px 0px 65px 0px","margin":"0px 0px 0px 0px","color":"","background_color":"","background_image":"","overlay":"","background_repeat":"no-repeat","background_size":"cover","background_attachment":"fixed","background_position":"0 0","background_video":"0","background_video_mp4":"","background_video_ogv":"","hidden_xs":"","hidden_sm":"","hidden_md":"","animation":"","animationduration":"300","animationdelay":"0"},"layout":"12","columns":[{"id":1499336489845,"class_name":"col-md-12","visibility":true,"settings":{},"addons":[{"id":1499337184514,"name":"heading","visibility":true,"settings":{"admin_label":"Professional Skills","title":"Professional Skills","heading_selector":"h2","use_link":"0","title_link":"","link_new_tab":"0","title_fontsize":"28","title_fontstyle":null,"title_fontweight":"700","title_lineheight":"","title_letterspace":"0","title_margin":"0px 0px 30px 0px","title_padding":"0px 0px 0px 0px","alignment":"sppb-text-left","class":"","global_text_color":"rgba(41, 51, 64, 1)","global_link_color":"","global_link_hover_color":"","global_use_background":"0","global_background_color":"","global_background_image":"","global_background_repeat":"no-repeat","global_background_size":"cover","global_background_attachment":"inherit","global_user_border":"0","global_border_width":"","global_border_color":"","global_boder_style":"none","global_border_radius":"","global_margin":"","global_padding":"","global_use_animation":"0","global_animation":"","global_animationduration":"300","global_animationdelay":"0","hidden_md":"0","hidden_sm":"0","hidden_xs":"0","acl":null}},{"id":1499336489848,"type":"inner_row","settings":{"admin_label":"","title":"","heading_selector":"h3","title_fontsize":"","title_fontweight":"","title_text_color":"","title_margin_top":"","title_margin_bottom":"","subtitle":"","subtitle_fontsize":"","title_position":"sppb-text-center","columns_equal_height":"0","fullscreen":"0","no_gutter":"0","id":"","class":"","padding":"50px 0px 0px 0px","margin":"0px 0px 0px 0px","color":"","background_color":"","background_image":"","overlay":"","background_repeat":"no-repeat","background_size":"cover","background_attachment":"fixed","background_position":"0 0","background_video":"0","background_video_mp4":"","background_video_ogv":"","hidden_xs":"","hidden_sm":"","hidden_md":"","animation":"","animationduration":"300","animationdelay":"0"},"layout":"4,4,4","visibility":true,"columns":[{"id":1499336489849,"class_name":"col-md-4","visibility":true,"settings":{},"addons":[{"id":1499337312583,"name":"progress_bar","visibility":true,"settings":{"admin_label":"Adobe Photoshop","progress":"50","bar_height":"10","type":"custom","bar_background":"rgba(244, 247, 250, 1)","progress_bar_background":"rgba(56, 151, 240, 1)","stripped":"","text":"Adobe Photoshop","active":"","show_percentage":"1","class":"","global_text_color":"rgba(147, 152, 159, 1)","global_link_color":"","global_link_hover_color":"","global_use_background":"0","global_background_color":"","global_background_image":"","global_background_repeat":"no-repeat","global_background_size":"cover","global_background_attachment":"inherit","global_user_border":"0","global_border_width":"","global_border_color":"","global_boder_style":"none","global_border_radius":"","global_margin":"0 0 15px 0","global_padding":"","global_use_animation":"0","global_animation":"","global_animationduration":"300","global_animationdelay":"0","hidden_md":"0","hidden_sm":"0","hidden_xs":"0","acl":null},"htmlContent":"<div id=\"sppb-addon-1499337312583\" class=\"clearfix\" ><div class=\"sppb-progress-label clearfix\">Adobe Photoshop<span>50%<\/span><\/div><div class=\"sppb-progress \"><div class=\"sppb-progress-bar custom  \" role=\"progressbar\" aria-valuenow=\"50\" aria-valuemin=\"0\" aria-valuemax=\"100\" data-width=\"50%\"><\/div><\/div><\/div>","assets":{"css":"#sppb-addon-1499337312583 {\n\tcolor: rgba(147, 152, 159, 1);\nmargin: 0 0 15px 0;\n}\n#sppb-addon-1499337312583 .sppb-progress {height: 10px;}#sppb-addon-1499337312583 .sppb-progress-bar {line-height: 10px;}#sppb-addon-1499337312583 .sppb-progress {background-color: rgba(244, 247, 250, 1);}#sppb-addon-1499337312583 .sppb-progress-bar {background-color: rgba(56, 151, 240, 1);}"}},{"id":1499336489899,"name":"progress_bar","visibility":true,"settings":{"admin_label":"Adobe Illustrator","progress":"80","bar_height":"10","type":"custom","bar_background":"rgba(244, 247, 250, 1)","progress_bar_background":"rgba(56, 151, 240, 1)","stripped":"","text":"Adobe Illustrator","active":"","show_percentage":"1","class":"","global_text_color":"rgba(147, 152, 159, 1)","global_link_color":"","global_link_hover_color":"","global_use_background":"0","global_background_color":"","global_background_image":"","global_background_repeat":"no-repeat","global_background_size":"cover","global_background_attachment":"inherit","global_user_border":"0","global_border_width":"","global_border_color":"","global_boder_style":"none","global_border_radius":"","global_margin":"0 0 15px 0","global_padding":"","global_use_animation":"0","global_animation":"","global_animationduration":"300","global_animationdelay":"0","hidden_md":"0","hidden_sm":"0","hidden_xs":"0","acl":null},"htmlContent":"<div id=\"sppb-addon-1499336489899\" class=\"clearfix\" ><div class=\"sppb-progress-label clearfix\">Adobe Illustrator<span>80%<\/span><\/div><div class=\"sppb-progress \"><div class=\"sppb-progress-bar custom  \" role=\"progressbar\" aria-valuenow=\"80\" aria-valuemin=\"0\" aria-valuemax=\"100\" data-width=\"80%\"><\/div><\/div><\/div>","assets":{"css":"#sppb-addon-1499336489899 {\n\tcolor: rgba(147, 152, 159, 1);\nmargin: 0 0 15px 0;\n}\n#sppb-addon-1499336489899 .sppb-progress {height: 10px;}#sppb-addon-1499336489899 .sppb-progress-bar {line-height: 10px;}#sppb-addon-1499336489899 .sppb-progress {background-color: rgba(244, 247, 250, 1);}#sppb-addon-1499336489899 .sppb-progress-bar {background-color: rgba(56, 151, 240, 1);}"}}]},{"id":1499336489852,"class_name":"col-md-4","visibility":true,"settings":{},"addons":[{"id":1499336489904,"name":"progress_bar","visibility":true,"settings":{"admin_label":"Adobe Indesign","progress":"70","bar_height":"10","type":"custom","bar_background":"rgba(244, 247, 250, 1)","progress_bar_background":"rgba(56, 151, 240, 1)","stripped":"","text":"Adobe Indesign","active":"","show_percentage":"1","class":"","global_text_color":"rgba(147, 152, 159, 1)","global_link_color":"","global_link_hover_color":"","global_use_background":"0","global_background_color":"","global_background_image":"","global_background_repeat":"no-repeat","global_background_size":"cover","global_background_attachment":"inherit","global_user_border":"0","global_border_width":"","global_border_color":"","global_boder_style":"none","global_border_radius":"","global_margin":"0 0 15px 0","global_padding":"","global_use_animation":"0","global_animation":"","global_animationduration":"300","global_animationdelay":"0","hidden_md":"0","hidden_sm":"0","hidden_xs":"0","acl":null},"htmlContent":"<div id=\"sppb-addon-1499336489904\" class=\"clearfix\" ><div class=\"sppb-progress-label clearfix\">Adobe Indesign<span>70%<\/span><\/div><div class=\"sppb-progress \"><div class=\"sppb-progress-bar custom  \" role=\"progressbar\" aria-valuenow=\"70\" aria-valuemin=\"0\" aria-valuemax=\"100\" data-width=\"70%\"><\/div><\/div><\/div>","assets":{"css":"#sppb-addon-1499336489904 {\n\tcolor: rgba(147, 152, 159, 1);\nmargin: 0 0 15px 0;\n}\n#sppb-addon-1499336489904 .sppb-progress {height: 10px;}#sppb-addon-1499336489904 .sppb-progress-bar {line-height: 10px;}#sppb-addon-1499336489904 .sppb-progress {background-color: rgba(244, 247, 250, 1);}#sppb-addon-1499336489904 .sppb-progress-bar {background-color: rgba(56, 151, 240, 1);}"}},{"id":1499336489909,"name":"progress_bar","visibility":true,"settings":{"admin_label":"Sketch","progress":"95","bar_height":"10","type":"custom","bar_background":"rgba(244, 247, 250, 1)","progress_bar_background":"rgba(56, 151, 240, 1)","stripped":"","text":"Sketch","active":"","show_percentage":"1","class":"","global_text_color":"rgba(147, 152, 159, 1)","global_link_color":"","global_link_hover_color":"","global_use_background":"0","global_background_color":"","global_background_image":"","global_background_repeat":"no-repeat","global_background_size":"cover","global_background_attachment":"inherit","global_user_border":"0","global_border_width":"","global_border_color":"","global_boder_style":"none","global_border_radius":"","global_margin":"0 0 15px 0","global_padding":"","global_use_animation":"0","global_animation":"","global_animationduration":"300","global_animationdelay":"0","hidden_md":"0","hidden_sm":"0","hidden_xs":"0","acl":null},"htmlContent":"<div id=\"sppb-addon-1499336489909\" class=\"clearfix\" ><div class=\"sppb-progress-label clearfix\">Sketch<span>95%<\/span><\/div><div class=\"sppb-progress \"><div class=\"sppb-progress-bar custom  \" role=\"progressbar\" aria-valuenow=\"95\" aria-valuemin=\"0\" aria-valuemax=\"100\" data-width=\"95%\"><\/div><\/div><\/div>","assets":{"css":"#sppb-addon-1499336489909 {\n\tcolor: rgba(147, 152, 159, 1);\nmargin: 0 0 15px 0;\n}\n#sppb-addon-1499336489909 .sppb-progress {height: 10px;}#sppb-addon-1499336489909 .sppb-progress-bar {line-height: 10px;}#sppb-addon-1499336489909 .sppb-progress {background-color: rgba(244, 247, 250, 1);}#sppb-addon-1499336489909 .sppb-progress-bar {background-color: rgba(56, 151, 240, 1);}"}}]},{"id":1499336489853,"class_name":"col-md-4","visibility":true,"settings":{},"addons":[{"id":1499336489914,"name":"progress_bar","visibility":true,"settings":{"admin_label":"Principle","progress":"80","bar_height":"10","type":"custom","bar_background":"rgba(244, 247, 250, 1)","progress_bar_background":"rgba(56, 151, 240, 1)","stripped":"","text":"Principle","active":"","show_percentage":"1","class":"","global_text_color":"rgba(147, 152, 159, 1)","global_link_color":"","global_link_hover_color":"","global_use_background":"0","global_background_color":"","global_background_image":"","global_background_repeat":"no-repeat","global_background_size":"cover","global_background_attachment":"inherit","global_user_border":"0","global_border_width":"","global_border_color":"","global_boder_style":"none","global_border_radius":"","global_margin":"0 0 15px 0","global_padding":"","global_use_animation":"0","global_animation":"","global_animationduration":"300","global_animationdelay":"0","hidden_md":"0","hidden_sm":"0","hidden_xs":"0","acl":null},"htmlContent":"<div id=\"sppb-addon-1499336489914\" class=\"clearfix\" ><div class=\"sppb-progress-label clearfix\">Principle<span>80%<\/span><\/div><div class=\"sppb-progress \"><div class=\"sppb-progress-bar custom  \" role=\"progressbar\" aria-valuenow=\"80\" aria-valuemin=\"0\" aria-valuemax=\"100\" data-width=\"80%\"><\/div><\/div><\/div>","assets":{"css":"#sppb-addon-1499336489914 {\n\tcolor: rgba(147, 152, 159, 1);\nmargin: 0 0 15px 0;\n}\n#sppb-addon-1499336489914 .sppb-progress {height: 10px;}#sppb-addon-1499336489914 .sppb-progress-bar {line-height: 10px;}#sppb-addon-1499336489914 .sppb-progress {background-color: rgba(244, 247, 250, 1);}#sppb-addon-1499336489914 .sppb-progress-bar {background-color: rgba(56, 151, 240, 1);}"}},{"id":1499336489919,"name":"progress_bar","visibility":true,"settings":{"admin_label":"Flinto","progress":"70","bar_height":"10","type":"custom","bar_background":"rgba(244, 247, 250, 1)","progress_bar_background":"rgba(56, 151, 240, 1)","stripped":"","text":"Flinto","active":"","show_percentage":"1","class":"","global_text_color":"rgba(147, 152, 159, 1)","global_link_color":"","global_link_hover_color":"","global_use_background":"0","global_background_color":"","global_background_image":"","global_background_repeat":"no-repeat","global_background_size":"cover","global_background_attachment":"inherit","global_user_border":"0","global_border_width":"","global_border_color":"","global_boder_style":"none","global_border_radius":"","global_margin":"0 0 15px 0","global_padding":"","global_use_animation":"0","global_animation":"","global_animationduration":"300","global_animationdelay":"0","hidden_md":"0","hidden_sm":"0","hidden_xs":"0","acl":null},"htmlContent":"<div id=\"sppb-addon-1499336489919\" class=\"clearfix\" ><div class=\"sppb-progress-label clearfix\">Flinto<span>70%<\/span><\/div><div class=\"sppb-progress \"><div class=\"sppb-progress-bar custom  \" role=\"progressbar\" aria-valuenow=\"70\" aria-valuemin=\"0\" aria-valuemax=\"100\" data-width=\"70%\"><\/div><\/div><\/div>","assets":{"css":"#sppb-addon-1499336489919 {\n\tcolor: rgba(147, 152, 159, 1);\nmargin: 0 0 15px 0;\n}\n#sppb-addon-1499336489919 .sppb-progress {height: 10px;}#sppb-addon-1499336489919 .sppb-progress-bar {line-height: 10px;}#sppb-addon-1499336489919 .sppb-progress {background-color: rgba(244, 247, 250, 1);}#sppb-addon-1499336489919 .sppb-progress-bar {background-color: rgba(56, 151, 240, 1);}"}}]}]}]}]},{"id":1494934024833,"visibility":true,"collapse":false,"settings":{"admin_label":"My Portfolio","title":"","heading_selector":"h3","title_fontsize":"","title_fontweight":"","title_text_color":"","title_margin_top":"","title_margin_bottom":"","subtitle":"","subtitle_fontsize":"","title_position":"sppb-text-center","columns_equal_height":"0","fullscreen":"0","no_gutter":"0","id":"","class":"","padding":"90px 0px 100px 0px","margin":"0px 0px 0px 0px","color":"","background_color":"rgba(250, 250, 250, 1)","background_image":"","overlay":"","background_repeat":"no-repeat","background_size":"cover","background_attachment":"fixed","background_position":"0 0","background_video":"0","background_video_mp4":"","background_video_ogv":"","hidden_xs":"","hidden_sm":"","hidden_md":"","animation":"","animationduration":"300","animationdelay":"0"},"layout":"12","columns":[{"id":1494934024834,"class_name":"col-md-12","visibility":true,"settings":{},"addons":[{"id":1499336489944,"name":"heading","visibility":true,"settings":{"admin_label":"My Portfolio","title":"My Portfolio","heading_selector":"h2","use_link":"0","title_link":"","link_new_tab":"0","title_fontsize":"28","title_fontstyle":null,"title_fontweight":"700","title_lineheight":"","title_letterspace":"0","title_margin":"0px 0px 30px 0px","title_padding":"0px 0px 0px 0px","alignment":"sppb-text-center","class":"","global_text_color":"rgba(41, 51, 64, 1)","global_link_color":"","global_link_hover_color":"","global_use_background":"0","global_background_color":"","global_background_image":"","global_background_repeat":"no-repeat","global_background_size":"cover","global_background_attachment":"inherit","global_user_border":"0","global_border_width":"","global_border_color":"","global_boder_style":"none","global_border_radius":"","global_margin":"","global_padding":"","global_use_animation":"0","global_animation":"","global_animationduration":"300","global_animationdelay":"0","hidden_md":"0","hidden_sm":"0","hidden_xs":"0","acl":null}},{"id":1494934024840,"type":"inner_row","settings":{"admin_label":"","title":"","heading_selector":"h3","title_fontsize":"","title_fontweight":"","title_text_color":"","title_margin_top":"","title_margin_bottom":"","subtitle":"","subtitle_fontsize":"","title_position":"sppb-text-center","columns_equal_height":"0","fullscreen":"0","no_gutter":"0","id":"","class":"","padding":"50px 0px 20px 0px","margin":"0px 0px 0px 0px","color":"","background_color":"","background_image":"","overlay":"","background_repeat":"no-repeat","background_size":"cover","background_attachment":"fixed","background_position":"0 0","background_video":"0","background_video_mp4":"","background_video_ogv":"","hidden_xs":"","hidden_sm":"","hidden_md":"","animation":"","animationduration":"300","animationdelay":"0"},"layout":"3,3,3,3","visibility":true,"columns":[{"id":1494934024841,"class_name":"col-md-3","visibility":true,"settings":{"color":"","background":"","background_image":"","overlay":"","background_repeat":"no-repeat","background_size":"cover","background_attachment":"scroll","background_position":"0 0","padding":"","class":"","sm_col":"col-sm-6","xs_col":"","hidden_xs":"","hidden_sm":"","hidden_md":"","animation":"","animationduration":"300","animationdelay":"0"},"addons":[{"id":1494935783108,"name":"image","visibility":true,"settings":{"admin_label":"","title":"","heading_selector":"h3","title_fontsize":"","title_lineheight":"","title_fontstyle":null,"title_letterspace":"0","title_fontweight":"","title_text_color":"","title_margin_top":"","title_margin_bottom":"","image":"https://sppagebuilder.com/sample-data/images/2017/07/06/portfolio1.jpg","alt_text":"gallery","position":"sppb-text-center","open_lightbox":"1","overlay_color":"rgba(56, 151, 240, 0.85)","link":"","target":"","class":"","global_text_color":"","global_link_color":"","global_link_hover_color":"","global_use_background":"0","global_background_color":"","global_background_image":"","global_background_repeat":"no-repeat","global_background_size":"cover","global_background_attachment":"inherit","global_user_border":"0","global_border_width":"","global_border_color":"","global_boder_style":"none","global_border_radius":"","global_margin":"0 0 30px 0","global_padding":"","global_use_animation":"1","global_animation":"fadeIn","global_animationduration":"700","global_animationdelay":"0","hidden_md":"0","hidden_sm":"0","hidden_xs":"0","acl":null},"htmlContent":"<div id=\"sppb-addon-1494935783108\" class=\" sppb-wow fadeIn clearfix\"  data-sppb-wow-duration=\"700ms\" ><div class=\"sppb-addon sppb-addon-single-image sppb-text-center \"><div class=\"sppb-addon-content\"><div class=\"sppb-addon-single-image-container\"><div class=\"sppb-addon-image-overlay\"><\/div><a class=\"sppb-magnific-popup sppb-addon-image-overlay-icon\" data-popup_type=\"image\" data-mainclass=\"mfp-no-margins mfp-with-zoom\" href=\"https://sppagebuilder.com/sample-data/images/2017/07/06/portfolio1.jpg\">+<\/a><img class=\"sppb-img-responsive\" src=\"https://sppagebuilder.com/sample-data/images/2017/07/06/portfolio1.jpg\" alt=\"gallery\" title=\"\"><\/div><\/div><\/div><\/div>","assets":{"css":"#sppb-addon-1494935783108 {\nmargin: 0 0 30px 0;\n}\n#sppb-addon-1494935783108 .sppb-addon-image-overlay{background-color: rgba(56, 151, 240, 0.85);}"}},{"id":1494934024885,"name":"image","visibility":true,"settings":{"admin_label":"","title":"","heading_selector":"h3","title_fontsize":"","title_lineheight":"","title_fontstyle":null,"title_letterspace":"0","title_fontweight":"","title_text_color":"","title_margin_top":"","title_margin_bottom":"","image":"https://sppagebuilder.com/sample-data/images/2017/07/06/portfolio5.jpg","alt_text":"gallery","position":"sppb-text-center","open_lightbox":"1","overlay_color":"rgba(56, 151, 240, 0.85)","link":"","target":"","class":"","global_text_color":"","global_link_color":"","global_link_hover_color":"","global_use_background":"0","global_background_color":"","global_background_image":"","global_background_repeat":"no-repeat","global_background_size":"cover","global_background_attachment":"inherit","global_user_border":"0","global_border_width":"","global_border_color":"","global_boder_style":"none","global_border_radius":"","global_margin":"0 0 30px 0","global_padding":"","global_use_animation":"1","global_animation":"fadeIn","global_animationduration":"700","global_animationdelay":"600","hidden_md":"0","hidden_sm":"0","hidden_xs":"0","acl":null},"htmlContent":"<div id=\"sppb-addon-1494934024885\" class=\" sppb-wow fadeIn clearfix\"  data-sppb-wow-duration=\"700ms\" data-sppb-wow-delay=\"600ms\" ><div class=\"sppb-addon sppb-addon-single-image sppb-text-center \"><div class=\"sppb-addon-content\"><div class=\"sppb-addon-single-image-container\"><div class=\"sppb-addon-image-overlay\"><\/div><a class=\"sppb-magnific-popup sppb-addon-image-overlay-icon\" data-popup_type=\"image\" data-mainclass=\"mfp-no-margins mfp-with-zoom\" href=\"https://sppagebuilder.com/sample-data/images/2017/07/06/portfolio5.jpg\">+<\/a><img class=\"sppb-img-responsive\" src=\"https://sppagebuilder.com/sample-data/images/2017/07/06/portfolio5.jpg\" alt=\"gallery\" title=\"\"><\/div><\/div><\/div><\/div>","assets":{"css":"#sppb-addon-1494934024885 {\nmargin: 0 0 30px 0;\n}\n#sppb-addon-1494934024885 .sppb-addon-image-overlay{background-color: rgba(56, 151, 240, 0.85);}"}}]},{"id":1494934024846,"class_name":"col-md-3","visibility":true,"settings":{"color":"","background":"","background_image":"","overlay":"","background_repeat":"no-repeat","background_size":"cover","background_attachment":"scroll","background_position":"0 0","padding":"","class":"","sm_col":"col-sm-6","xs_col":"","hidden_xs":"","hidden_sm":"","hidden_md":"","animation":"","animationduration":"300","animationdelay":"0"},"addons":[{"id":1494934024880,"name":"image","visibility":true,"settings":{"admin_label":"","title":"","heading_selector":"h3","title_fontsize":"","title_lineheight":"","title_fontstyle":null,"title_letterspace":"0","title_fontweight":"","title_text_color":"","title_margin_top":"","title_margin_bottom":"","image":"https://sppagebuilder.com/sample-data/images/2017/07/06/portfolio2.jpg","alt_text":"gallery","position":"sppb-text-center","open_lightbox":"1","overlay_color":"rgba(56, 151, 240, 0.85)","link":"","target":"","class":"","global_text_color":"","global_link_color":"","global_link_hover_color":"","global_use_background":"0","global_background_color":"","global_background_image":"","global_background_repeat":"no-repeat","global_background_size":"cover","global_background_attachment":"inherit","global_user_border":"0","global_border_width":"","global_border_color":"","global_boder_style":"none","global_border_radius":"","global_margin":"0 0 30px 0","global_padding":"","global_use_animation":"1","global_animation":"fadeIn","global_animationduration":"700","global_animationdelay":"150","hidden_md":"0","hidden_sm":"0","hidden_xs":"0","acl":null},"htmlContent":"<div id=\"sppb-addon-1494934024880\" class=\" sppb-wow fadeIn clearfix\"  data-sppb-wow-duration=\"700ms\" data-sppb-wow-delay=\"150ms\" ><div class=\"sppb-addon sppb-addon-single-image sppb-text-center \"><div class=\"sppb-addon-content\"><div class=\"sppb-addon-single-image-container\"><div class=\"sppb-addon-image-overlay\"><\/div><a class=\"sppb-magnific-popup sppb-addon-image-overlay-icon\" data-popup_type=\"image\" data-mainclass=\"mfp-no-margins mfp-with-zoom\" href=\"https://sppagebuilder.com/sample-data/images/2017/07/06/portfolio2.jpg\">+<\/a><img class=\"sppb-img-responsive\" src=\"https://sppagebuilder.com/sample-data/images/2017/07/06/portfolio2.jpg\" alt=\"gallery\" title=\"\"><\/div><\/div><\/div><\/div>","assets":{"css":"#sppb-addon-1494934024880 {\nmargin: 0 0 30px 0;\n}\n#sppb-addon-1494934024880 .sppb-addon-image-overlay{background-color: rgba(56, 151, 240, 0.85);}"}},{"id":1494934024890,"name":"image","visibility":true,"settings":{"admin_label":"","title":"","heading_selector":"h3","title_fontsize":"","title_lineheight":"","title_fontstyle":null,"title_letterspace":"0","title_fontweight":"","title_text_color":"","title_margin_top":"","title_margin_bottom":"","image":"https://sppagebuilder.com/sample-data/images/2017/07/06/portfolio6.jpg","alt_text":"gallery","position":"sppb-text-center","open_lightbox":"1","overlay_color":"rgba(56, 151, 240, 0.85)","link":"","target":"","class":"","global_text_color":"","global_link_color":"","global_link_hover_color":"","global_use_background":"0","global_background_color":"","global_background_image":"","global_background_repeat":"no-repeat","global_background_size":"cover","global_background_attachment":"inherit","global_user_border":"0","global_border_width":"","global_border_color":"","global_boder_style":"none","global_border_radius":"","global_margin":"0 0 30px 0","global_padding":"","global_use_animation":"1","global_animation":"fadeIn","global_animationduration":"700","global_animationdelay":"750","hidden_md":"0","hidden_sm":"0","hidden_xs":"0","acl":null},"htmlContent":"<div id=\"sppb-addon-1494934024890\" class=\" sppb-wow fadeIn clearfix\"  data-sppb-wow-duration=\"700ms\" data-sppb-wow-delay=\"750ms\" ><div class=\"sppb-addon sppb-addon-single-image sppb-text-center \"><div class=\"sppb-addon-content\"><div class=\"sppb-addon-single-image-container\"><div class=\"sppb-addon-image-overlay\"><\/div><a class=\"sppb-magnific-popup sppb-addon-image-overlay-icon\" data-popup_type=\"image\" data-mainclass=\"mfp-no-margins mfp-with-zoom\" href=\"https://sppagebuilder.com/sample-data/images/2017/07/06/portfolio6.jpg\">+<\/a><img class=\"sppb-img-responsive\" src=\"https://sppagebuilder.com/sample-data/images/2017/07/06/portfolio6.jpg\" alt=\"gallery\" title=\"\"><\/div><\/div><\/div><\/div>","assets":{"css":"#sppb-addon-1494934024890 {\nmargin: 0 0 30px 0;\n}\n#sppb-addon-1494934024890 .sppb-addon-image-overlay{background-color: rgba(56, 151, 240, 0.85);}"}}]},{"id":1494934024847,"class_name":"col-md-3","visibility":true,"settings":{"color":"","background":"","background_image":"","overlay":"","background_repeat":"no-repeat","background_size":"cover","background_attachment":"scroll","background_position":"0 0","padding":"","class":"","sm_col":"col-sm-6","xs_col":"","hidden_xs":"","hidden_sm":"","hidden_md":"","animation":"","animationduration":"300","animationdelay":"0"},"addons":[{"id":1494934024875,"name":"image","visibility":true,"settings":{"admin_label":"","title":"","heading_selector":"h3","title_fontsize":"","title_lineheight":"","title_fontstyle":null,"title_letterspace":"0","title_fontweight":"","title_text_color":"","title_margin_top":"","title_margin_bottom":"","image":"https://sppagebuilder.com/sample-data/images/2017/07/06/portfolio3.jpg","alt_text":"gallery","position":"sppb-text-center","open_lightbox":"1","overlay_color":"rgba(56, 151, 240, 0.85)","link":"","target":"","class":"","global_text_color":"","global_link_color":"","global_link_hover_color":"","global_use_background":"0","global_background_color":"","global_background_image":"","global_background_repeat":"no-repeat","global_background_size":"cover","global_background_attachment":"inherit","global_user_border":"0","global_border_width":"","global_border_color":"","global_boder_style":"none","global_border_radius":"","global_margin":"0 0 30px 0","global_padding":"","global_use_animation":"1","global_animation":"fadeIn","global_animationduration":"700","global_animationdelay":"300","hidden_md":"0","hidden_sm":"0","hidden_xs":"0","acl":null},"htmlContent":"<div id=\"sppb-addon-1494934024875\" class=\" sppb-wow fadeIn clearfix\"  data-sppb-wow-duration=\"700ms\" data-sppb-wow-delay=\"300ms\" ><div class=\"sppb-addon sppb-addon-single-image sppb-text-center \"><div class=\"sppb-addon-content\"><div class=\"sppb-addon-single-image-container\"><div class=\"sppb-addon-image-overlay\"><\/div><a class=\"sppb-magnific-popup sppb-addon-image-overlay-icon\" data-popup_type=\"image\" data-mainclass=\"mfp-no-margins mfp-with-zoom\" href=\"https://sppagebuilder.com/sample-data/images/2017/07/06/portfolio3.jpg\">+<\/a><img class=\"sppb-img-responsive\" src=\"https://sppagebuilder.com/sample-data/images/2017/07/06/portfolio3.jpg\" alt=\"gallery\" title=\"\"><\/div><\/div><\/div><\/div>","assets":{"css":"#sppb-addon-1494934024875 {\nmargin: 0 0 30px 0;\n}\n#sppb-addon-1494934024875 .sppb-addon-image-overlay{background-color: rgba(56, 151, 240, 0.85);}"}},{"id":1494934024895,"name":"image","visibility":true,"settings":{"admin_label":"","title":"","heading_selector":"h3","title_fontsize":"","title_lineheight":"","title_fontstyle":null,"title_letterspace":"0","title_fontweight":"","title_text_color":"","title_margin_top":"","title_margin_bottom":"","image":"https://sppagebuilder.com/sample-data/images/2017/07/06/portfolio7.jpg","alt_text":"gallery","position":"sppb-text-center","open_lightbox":"1","overlay_color":"rgba(56, 151, 240, 0.85)","link":"","target":"","class":"","global_text_color":"","global_link_color":"","global_link_hover_color":"","global_use_background":"0","global_background_color":"","global_background_image":"","global_background_repeat":"no-repeat","global_background_size":"cover","global_background_attachment":"inherit","global_user_border":"0","global_border_width":"","global_border_color":"","global_boder_style":"none","global_border_radius":"","global_margin":"0 0 30px 0","global_padding":"","global_use_animation":"1","global_animation":"fadeIn","global_animationduration":"700","global_animationdelay":"900","hidden_md":"0","hidden_sm":"0","hidden_xs":"0","acl":null},"htmlContent":"<div id=\"sppb-addon-1494934024895\" class=\" sppb-wow fadeIn clearfix\"  data-sppb-wow-duration=\"700ms\" data-sppb-wow-delay=\"900ms\" ><div class=\"sppb-addon sppb-addon-single-image sppb-text-center \"><div class=\"sppb-addon-content\"><div class=\"sppb-addon-single-image-container\"><div class=\"sppb-addon-image-overlay\"><\/div><a class=\"sppb-magnific-popup sppb-addon-image-overlay-icon\" data-popup_type=\"image\" data-mainclass=\"mfp-no-margins mfp-with-zoom\" href=\"https://sppagebuilder.com/sample-data/images/2017/07/06/portfolio7.jpg\">+<\/a><img class=\"sppb-img-responsive\" src=\"https://sppagebuilder.com/sample-data/images/2017/07/06/portfolio7.jpg\" alt=\"gallery\" title=\"\"><\/div><\/div><\/div><\/div>","assets":{"css":"#sppb-addon-1494934024895 {\nmargin: 0 0 30px 0;\n}\n#sppb-addon-1494934024895 .sppb-addon-image-overlay{background-color: rgba(56, 151, 240, 0.85);}"}}]},{"id":1494934024848,"class_name":"col-md-3","visibility":true,"settings":{"color":"","background":"","background_image":"","overlay":"","background_repeat":"no-repeat","background_size":"cover","background_attachment":"scroll","background_position":"0 0","padding":"","class":"","sm_col":"col-sm-6","xs_col":"","hidden_xs":"","hidden_sm":"","hidden_md":"","animation":"","animationduration":"300","animationdelay":"0"},"addons":[{"id":1494934024870,"name":"image","visibility":true,"settings":{"admin_label":"","title":"","heading_selector":"h3","title_fontsize":"","title_lineheight":"","title_fontstyle":null,"title_letterspace":"0","title_fontweight":"","title_text_color":"","title_margin_top":"","title_margin_bottom":"","image":"https://sppagebuilder.com/sample-data/images/2017/07/06/portfolio4.jpg","alt_text":"gallery","position":"sppb-text-center","open_lightbox":"1","overlay_color":"rgba(56, 151, 240, 0.85)","link":"","target":"","class":"","global_text_color":"","global_link_color":"","global_link_hover_color":"","global_use_background":"0","global_background_color":"","global_background_image":"","global_background_repeat":"no-repeat","global_background_size":"cover","global_background_attachment":"inherit","global_user_border":"0","global_border_width":"","global_border_color":"","global_boder_style":"none","global_border_radius":"","global_margin":"0 0 30px 0","global_padding":"","global_use_animation":"1","global_animation":"fadeIn","global_animationduration":"700","global_animationdelay":"450","hidden_md":"0","hidden_sm":"0","hidden_xs":"0","acl":null},"htmlContent":"<div id=\"sppb-addon-1494934024870\" class=\" sppb-wow fadeIn clearfix\"  data-sppb-wow-duration=\"700ms\" data-sppb-wow-delay=\"450ms\" ><div class=\"sppb-addon sppb-addon-single-image sppb-text-center \"><div class=\"sppb-addon-content\"><div class=\"sppb-addon-single-image-container\"><div class=\"sppb-addon-image-overlay\"><\/div><a class=\"sppb-magnific-popup sppb-addon-image-overlay-icon\" data-popup_type=\"image\" data-mainclass=\"mfp-no-margins mfp-with-zoom\" href=\"https://sppagebuilder.com/sample-data/images/2017/07/06/portfolio4.jpg\">+<\/a><img class=\"sppb-img-responsive\" src=\"https://sppagebuilder.com/sample-data/images/2017/07/06/portfolio4.jpg\" alt=\"gallery\" title=\"\"><\/div><\/div><\/div><\/div>","assets":{"css":"#sppb-addon-1494934024870 {\nmargin: 0 0 30px 0;\n}\n#sppb-addon-1494934024870 .sppb-addon-image-overlay{background-color: rgba(56, 151, 240, 0.85);}"}},{"id":1494934024900,"name":"image","visibility":true,"settings":{"admin_label":"","title":"","heading_selector":"h3","title_fontsize":"","title_lineheight":"","title_fontstyle":null,"title_letterspace":"0","title_fontweight":"","title_text_color":"","title_margin_top":"","title_margin_bottom":"","image":"https://sppagebuilder.com/sample-data/images/2017/07/06/portfolio8.jpg","alt_text":"gallery","position":"sppb-text-center","open_lightbox":"1","overlay_color":"rgba(56, 151, 240, 0.85)","link":"","target":"","class":"","global_text_color":"","global_link_color":"","global_link_hover_color":"","global_use_background":"0","global_background_color":"","global_background_image":"","global_background_repeat":"no-repeat","global_background_size":"cover","global_background_attachment":"inherit","global_user_border":"0","global_border_width":"","global_border_color":"","global_boder_style":"none","global_border_radius":"","global_margin":"0 0 30px 0","global_padding":"","global_use_animation":"1","global_animation":"fadeIn","global_animationduration":"700","global_animationdelay":"1050","hidden_md":"0","hidden_sm":"0","hidden_xs":"0","acl":null},"htmlContent":"<div id=\"sppb-addon-1494934024900\" class=\" sppb-wow fadeIn clearfix\"  data-sppb-wow-duration=\"700ms\" data-sppb-wow-delay=\"1050ms\" ><div class=\"sppb-addon sppb-addon-single-image sppb-text-center \"><div class=\"sppb-addon-content\"><div class=\"sppb-addon-single-image-container\"><div class=\"sppb-addon-image-overlay\"><\/div><a class=\"sppb-magnific-popup sppb-addon-image-overlay-icon\" data-popup_type=\"image\" data-mainclass=\"mfp-no-margins mfp-with-zoom\" href=\"https://sppagebuilder.com/sample-data/images/2017/07/06/portfolio8.jpg\">+<\/a><img class=\"sppb-img-responsive\" src=\"https://sppagebuilder.com/sample-data/images/2017/07/06/portfolio8.jpg\" alt=\"gallery\" title=\"\"><\/div><\/div><\/div><\/div>","assets":{"css":"#sppb-addon-1494934024900 {\nmargin: 0 0 30px 0;\n}\n#sppb-addon-1494934024900 .sppb-addon-image-overlay{background-color: rgba(56, 151, 240, 0.85);}"}}]}]},{"id":1499336490021,"name":"button","visibility":true,"settings":{"admin_label":"Load More","text":"Load More","alignment":"sppb-text-center","fontstyle":null,"letterspace":"0","url":"#","target":"","type":"custom","appearance":"","background_color":"rgba(56, 151, 240, 1)","color":"rgba(255, 255, 255, 1)","background_color_hover":"rgba(40, 115, 201, 1)","color_hover":"#ffffff","button_padding":"12px 45px 12px 45px","size":"","shape":"rounded","block":"","icon":"","icon_position":"left","class":"","global_text_color":"","global_link_color":"","global_link_hover_color":"","global_use_background":"0","global_background_color":"","global_background_image":"","global_background_repeat":"no-repeat","global_background_size":"cover","global_background_attachment":"inherit","global_user_border":"0","global_border_width":"","global_border_color":"","global_boder_style":"none","global_border_radius":"","global_margin":"","global_padding":"","global_use_animation":"1","global_animation":"fadeInDown","global_animationduration":"","global_animationdelay":"0","hidden_md":"0","hidden_sm":"0","hidden_xs":"0","acl":null}}]}]},{"id":1494934024829,"visibility":true,"collapse":false,"settings":{"admin_label":"Play Video","title":"","heading_selector":"h3","title_fontsize":"","title_fontweight":"","title_text_color":"","title_margin_top":"","title_margin_bottom":"","subtitle":"","subtitle_fontsize":"","title_position":"sppb-text-center","columns_equal_height":"0","fullscreen":"0","no_gutter":"0","id":"","class":"","padding":"200px 0px 200px 0px","margin":"0px 0px 0px 0px","color":"","background_color":"","background_image":"https://sppagebuilder.com/sample-data/images/2017/07/06/cta-bg.jpg","overlay":"","background_repeat":"no-repeat","background_size":"cover","background_attachment":"inherit","background_position":"50% 50%","background_video":"0","background_video_mp4":"","background_video_ogv":"","hidden_xs":"","hidden_sm":"","hidden_md":"","animation":"","animationduration":"300","animationdelay":"0"},"layout":"12","columns":[{"id":1494934024830,"class_name":"col-md-12","visibility":true,"settings":{},"addons":[{"id":1494935443559,"name":"modal","visibility":true,"settings":{"admin_label":"","modal_selector":"image","button_text":"Button Text","button_type":"default","button_fontstyle":null,"button_letterspace":"0","button_padding":"","button_background_color":"#444444","button_color":"#ffffff","button_background_color_hover":"#222222","button_color_hover":"#ffffff","button_size":"","button_appearance":"","button_shape":"rounded","button_block":"","button_icon":"","button_icon_position":"left","selector_image":"https://sppagebuilder.com/sample-data/images/2017/07/06/play-icon2.png","selector_icon_name":"","selector_icon_size":"36","selector_icon_color":"","selector_icon_background":"","selector_icon_border_color":"","selector_icon_border_width":"","selector_icon_border_radius":"","selector_icon_padding":"","modal_content_type":"video","modal_content_text":"\t\tKevin chicken fatback sirloin ball tip, flank meatloaf t-bone. Meatloaf shankle swine pancetta biltong capicola ham hock meatball. Shoulder bacon andouille ground round pancetta pastrami. Sirloin beef ribs tenderloin rump corned beef filet mignon capicola kielbasa drumstick chuck turducken beef t-bone ribeye. Pork loin ground round t-bone chuck beef ribs swine pastrami cow. Venison tenderloin drumstick, filet mignon salami jowl sausage shank hamburger meatball ribeye kevin tri-tip. Swine kielbasa tenderloin fatback pork shankle andouille, flank frankfurter jerky chicken tri-tip jowl leberkas.&lt;br&gt;&lt;br&gt;Pancetta chicken pork belly beef cow kielbasa fatback sirloin biltong andouille bacon. Sirloin beef tenderloin porchetta, jerky tri-tip andouille sausage landjaeger shank bresaola short ribs tongue meatloaf fatback. Kielbasa pancetta shoulder tri-tip pastrami filet mignon ham corned beef prosciutto doner beef ribs. Doner sausage ham hock, shoulder sirloin pancetta boudin filet mignon chuck. Meatball ham hock beef, filet mignon tri-tip andouille venison ground round chuck turducken drumstick.","modal_content_image":"","modal_content_video_url":"https:\/\/www.youtube.com\/watch?v=fDlDl5IEaB8","modal_popup_width":"760","modal_popup_height":"440","alignment":"sppb-text-center","class":"","global_text_color":"","global_link_color":"","global_link_hover_color":"","global_use_background":"0","global_background_color":"","global_background_image":"","global_background_repeat":"no-repeat","global_background_size":"cover","global_background_attachment":"inherit","global_user_border":"0","global_border_width":"","global_border_color":"","global_boder_style":"none","global_border_radius":"","global_margin":"","global_padding":"","global_use_animation":"0","global_animation":"","global_animationduration":"300","global_animationdelay":"0","hidden_md":"0","hidden_sm":"0","hidden_xs":"0","acl":null}}]}]},{"id":1499336490028,"visibility":true,"collapse":false,"settings":{"admin_label":"Education History","title":"","heading_selector":"h3","title_fontsize":"","title_fontweight":"","title_text_color":"","title_margin_top":"","title_margin_bottom":"","subtitle":"","subtitle_fontsize":"","title_position":"sppb-text-center","columns_equal_height":"0","fullscreen":"0","no_gutter":"0","id":"","class":"","padding":"100px 0px 70px 0px","margin":"0px 0px 0px 0px","color":"","background_color":"","background_image":"","overlay":"","background_repeat":"no-repeat","background_size":"cover","background_attachment":"fixed","background_position":"0 0","background_video":"0","background_video_mp4":"","background_video_ogv":"","hidden_xs":"","hidden_sm":"","hidden_md":"","animation":"","animationduration":"300","animationdelay":"0"},"layout":"12","columns":[{"id":1499336490029,"class_name":"col-md-12","visibility":true,"settings":{},"addons":[{"id":1499336490032,"name":"heading","visibility":true,"settings":{"admin_label":"Education","title":"Education","heading_selector":"h2","use_link":"0","title_link":"","link_new_tab":"0","title_fontsize":"28","title_fontstyle":null,"title_fontweight":"700","title_lineheight":"","title_letterspace":"0","title_margin":"0px 0px 30px 0px","title_padding":"0px 0px 0px 0px","alignment":"sppb-text-center","class":"","global_text_color":"rgba(41, 51, 64, 1)","global_link_color":"","global_link_hover_color":"","global_use_background":"0","global_background_color":"","global_background_image":"","global_background_repeat":"no-repeat","global_background_size":"cover","global_background_attachment":"inherit","global_user_border":"0","global_border_width":"","global_border_color":"","global_boder_style":"none","global_border_radius":"","global_margin":"","global_padding":"","global_use_animation":"0","global_animation":"","global_animationduration":"300","global_animationdelay":"0","hidden_md":"0","hidden_sm":"0","hidden_xs":"0","acl":null}},{"id":1499336490035,"type":"inner_row","settings":{"admin_label":"","title":"","heading_selector":"h3","title_fontsize":"","title_fontweight":"","title_text_color":"","title_margin_top":"","title_margin_bottom":"","subtitle":"","subtitle_fontsize":"","title_position":"sppb-text-center","columns_equal_height":"0","fullscreen":"0","no_gutter":"0","id":"","class":"","padding":"50px 0px 0px 0px","margin":"0px 0px 0px 0px","color":"","background_color":"","background_image":"","overlay":"","background_repeat":"no-repeat","background_size":"cover","background_attachment":"fixed","background_position":"0 0","background_video":"0","background_video_mp4":"","background_video_ogv":"","hidden_xs":"","hidden_sm":"","hidden_md":"","animation":"","animationduration":"300","animationdelay":"0"},"layout":"1,5,5,1","visibility":true,"columns":[{"id":1499336490036,"class_name":"col-md-1","visibility":true,"settings":{},"addons":[]},{"id":1499336490039,"class_name":"col-md-5","visibility":true,"settings":{},"addons":[{"id":1499341922416,"name":"feature","visibility":true,"settings":{"admin_label":"Master of Information Technology","title":"2014-2016","heading_selector":"h3","title_position":"before","title_fontsize":"16","title_lineheight":"","title_fontstyle":null,"title_letterspace":"0","title_fontweight":"700","title_text_color":"rgba(56, 151, 240, 1)","title_margin_top":"","title_margin_bottom":"20","title_url":"","url_appear":"title","feature_type":"icon","feature_image":"","icon_name":"","icon_size":"36","icon_color":"","icon_background":"","icon_border_color":"","icon_border_width":"","icon_border_radius":"","icon_margin_top":"","icon_margin_bottom":"","icon_padding":"","text":"\t\t\t\t\t<h3 style=\"color: #293340; font-size: 20px; font-weight: bold;\">Master of Information Technology<\/h3>\nUniversity Of Michigan, MI, USA","alignment":"sppb-text-left","class":"","global_text_color":"","global_link_color":"","global_link_hover_color":"","global_use_background":"0","global_background_color":"","global_background_image":"","global_background_repeat":"no-repeat","global_background_size":"cover","global_background_attachment":"inherit","global_user_border":"1","global_border_width":"1","global_border_color":"rgba(237, 237, 237, 1)","global_boder_style":"solid","global_border_radius":"3","global_margin":"0 0 30px 0","global_padding":"10px 30px 25px 30px","global_use_animation":"1","global_animation":"fadeInLeft","global_animationduration":"","global_animationdelay":"","hidden_md":"0","hidden_sm":"0","hidden_xs":"0","acl":null},"htmlContent":"<div id=\"sppb-addon-1499341922416\" class=\" sppb-wow fadeInLeft clearfix\" ><div class=\"sppb-addon sppb-addon-feature sppb-text-left \"><div class=\"sppb-addon-content\"><h3 class=\"sppb-addon-title sppb-feature-box-title\">2014-2016<\/h3><div class=\"sppb-addon-text\">\t\t\t\t\t<h3 style=\"color: #293340; font-size: 20px; font-weight: bold;\">Master of Information Technology<\/h3>\nUniversity Of Michigan, MI, USA<\/div><\/div><\/div><\/div>","assets":{"css":"#sppb-addon-1499341922416 {\nborder-width: 1px;\nborder-color: rgba(237, 237, 237, 1);\nborder-style: solid;\nborder-radius: 3px;\nmargin: 0 0 30px 0;\npadding: 10px 30px 25px 30px;\n}\n#sppb-addon-1499341922416 .sppb-addon-title {\nmargin-bottom:20px;color:rgba(56, 151, 240, 1);font-size:16px;line-height:16px;font-weight:700;}\n"}},{"id":1499336490090,"name":"feature","visibility":true,"settings":{"admin_label":"Certificate Of Computer Science","title":"2006-2010","heading_selector":"h3","title_position":"before","title_fontsize":"16","title_lineheight":"","title_fontstyle":null,"title_letterspace":"0","title_fontweight":"700","title_text_color":"rgba(56, 151, 240, 1)","title_margin_top":"","title_margin_bottom":"20","title_url":"","url_appear":"title","feature_type":"icon","feature_image":"","icon_name":"","icon_size":"36","icon_color":"","icon_background":"","icon_border_color":"","icon_border_width":"","icon_border_radius":"","icon_margin_top":"","icon_margin_bottom":"","icon_padding":"","text":"\t<h3 style=\"color: #293340; font-size: 20px; font-weight: bold;\">Certificate Of Computer Science<\/h3>\nUniversity Of New Western Sydney, Australia","alignment":"sppb-text-left","class":"","global_text_color":"","global_link_color":"","global_link_hover_color":"","global_use_background":"0","global_background_color":"","global_background_image":"","global_background_repeat":"no-repeat","global_background_size":"cover","global_background_attachment":"inherit","global_user_border":"1","global_border_width":"1","global_border_color":"rgba(237, 237, 237, 1)","global_boder_style":"solid","global_border_radius":"3","global_margin":"0 0 30px 0","global_padding":"10px 30px 25px 30px","global_use_animation":"1","global_animation":"fadeInLeft","global_animationduration":"","global_animationdelay":"300","hidden_md":"0","hidden_sm":"0","hidden_xs":"0","acl":null},"htmlContent":"<div id=\"sppb-addon-1499336490090\" class=\" sppb-wow fadeInLeft clearfix\" data-sppb-wow-delay=\"300ms\" ><div class=\"sppb-addon sppb-addon-feature sppb-text-left \"><div class=\"sppb-addon-content\"><h3 class=\"sppb-addon-title sppb-feature-box-title\">2006-2010<\/h3><div class=\"sppb-addon-text\">\t<h3 style=\"color: #293340; font-size: 20px; font-weight: bold;\">Certificate Of Computer Science<\/h3>\nUniversity Of New Western Sydney, Australia<\/div><\/div><\/div><\/div>","assets":{"css":"#sppb-addon-1499336490090 {\nborder-width: 1px;\nborder-color: rgba(237, 237, 237, 1);\nborder-style: solid;\nborder-radius: 3px;\nmargin: 0 0 30px 0;\npadding: 10px 30px 25px 30px;\n}\n#sppb-addon-1499336490090 .sppb-addon-title {\nmargin-bottom:20px;color:rgba(56, 151, 240, 1);font-size:16px;line-height:16px;font-weight:700;}\n"}}]},{"id":1499336490042,"class_name":"col-md-5","visibility":true,"settings":{},"addons":[{"id":1499336490100,"name":"feature","visibility":true,"settings":{"admin_label":"Bachelor Of Computer Engineering","title":"2010-2014","heading_selector":"h3","title_position":"before","title_fontsize":"16","title_lineheight":"","title_fontstyle":null,"title_letterspace":"0","title_fontweight":"700","title_text_color":"rgba(56, 151, 240, 1)","title_margin_top":"","title_margin_bottom":"20","title_url":"","url_appear":"title","feature_type":"icon","feature_image":"","icon_name":"","icon_size":"36","icon_color":"","icon_background":"","icon_border_color":"","icon_border_width":"","icon_border_radius":"","icon_margin_top":"","icon_margin_bottom":"","icon_padding":"","text":"\t<h3 style=\"color: #293340; font-size: 20px; font-weight: bold;\">Bachelor Of Computer Engineering<\/h3>\nOxford Brookers University, UK","alignment":"sppb-text-left","class":"","global_text_color":"","global_link_color":"","global_link_hover_color":"","global_use_background":"0","global_background_color":"","global_background_image":"","global_background_repeat":"no-repeat","global_background_size":"cover","global_background_attachment":"inherit","global_user_border":"1","global_border_width":"1","global_border_color":"rgba(237, 237, 237, 1)","global_boder_style":"solid","global_border_radius":"3","global_margin":"0 0 30px 0","global_padding":"10px 30px 25px 30px","global_use_animation":"1","global_animation":"fadeInRight","global_animationduration":"","global_animationdelay":"","hidden_md":"0","hidden_sm":"0","hidden_xs":"0","acl":null},"htmlContent":"<div id=\"sppb-addon-1499336490100\" class=\" sppb-wow fadeInRight clearfix\" ><div class=\"sppb-addon sppb-addon-feature sppb-text-left \"><div class=\"sppb-addon-content\"><h3 class=\"sppb-addon-title sppb-feature-box-title\">2010-2014<\/h3><div class=\"sppb-addon-text\">\t<h3 style=\"color: #293340; font-size: 20px; font-weight: bold;\">Bachelor Of Computer Engineering<\/h3>\nOxford Brookers University, UK<\/div><\/div><\/div><\/div>","assets":{"css":"#sppb-addon-1499336490100 {\nborder-width: 1px;\nborder-color: rgba(237, 237, 237, 1);\nborder-style: solid;\nborder-radius: 3px;\nmargin: 0 0 30px 0;\npadding: 10px 30px 25px 30px;\n}\n#sppb-addon-1499336490100 .sppb-addon-title {\nmargin-bottom:20px;color:rgba(56, 151, 240, 1);font-size:16px;line-height:16px;font-weight:700;}\n"}},{"id":1499336490095,"name":"feature","visibility":true,"settings":{"admin_label":"Diploma In Product and Design","title":"2010-2014","heading_selector":"h3","title_position":"before","title_fontsize":"16","title_lineheight":"","title_fontstyle":null,"title_letterspace":"0","title_fontweight":"700","title_text_color":"rgba(56, 151, 240, 1)","title_margin_top":"","title_margin_bottom":"20","title_url":"","url_appear":"title","feature_type":"icon","feature_image":"","icon_name":"","icon_size":"36","icon_color":"","icon_background":"","icon_border_color":"","icon_border_width":"","icon_border_radius":"","icon_margin_top":"","icon_margin_bottom":"","icon_padding":"","text":"\t<h3 style=\"color: #293340; font-size: 20px; font-weight: bold;\">Diploma In Product and Design<\/h3>\nFlamingo International College, Malaysia","alignment":"sppb-text-left","class":"","global_text_color":"","global_link_color":"","global_link_hover_color":"","global_use_background":"0","global_background_color":"","global_background_image":"","global_background_repeat":"no-repeat","global_background_size":"cover","global_background_attachment":"inherit","global_user_border":"1","global_border_width":"1","global_border_color":"rgba(237, 237, 237, 1)","global_boder_style":"solid","global_border_radius":"3","global_margin":"0 0 30px 0","global_padding":"10px 30px 25px 30px","global_use_animation":"1","global_animation":"fadeInRight","global_animationduration":"","global_animationdelay":"300","hidden_md":"0","hidden_sm":"0","hidden_xs":"0","acl":null},"htmlContent":"<div id=\"sppb-addon-1499336490095\" class=\" sppb-wow fadeInRight clearfix\" data-sppb-wow-delay=\"300ms\" ><div class=\"sppb-addon sppb-addon-feature sppb-text-left \"><div class=\"sppb-addon-content\"><h3 class=\"sppb-addon-title sppb-feature-box-title\">2010-2014<\/h3><div class=\"sppb-addon-text\">\t<h3 style=\"color: #293340; font-size: 20px; font-weight: bold;\">Diploma In Product and Design<\/h3>\nFlamingo International College, Malaysia<\/div><\/div><\/div><\/div>","assets":{"css":"#sppb-addon-1499336490095 {\nborder-width: 1px;\nborder-color: rgba(237, 237, 237, 1);\nborder-style: solid;\nborder-radius: 3px;\nmargin: 0 0 30px 0;\npadding: 10px 30px 25px 30px;\n}\n#sppb-addon-1499336490095 .sppb-addon-title {\nmargin-bottom:20px;color:rgba(56, 151, 240, 1);font-size:16px;line-height:16px;font-weight:700;}\n"}}]},{"id":1499336490043,"class_name":"col-md-1","visibility":true,"settings":{},"addons":[]}]}]}]},{"id":1499336490129,"visibility":true,"collapse":false,"settings":{"admin_label":"Work Experience","title":"","heading_selector":"h3","title_fontsize":"","title_fontweight":"","title_text_color":"","title_margin_top":"","title_margin_bottom":"","subtitle":"","subtitle_fontsize":"","title_position":"sppb-text-center","columns_equal_height":"0","fullscreen":"0","no_gutter":"0","id":"","class":"","padding":"100px 0px 70px 0px","margin":"0px 0px 0px 0px","color":"rgba(255, 255, 255, 1)","background_color":"rgba(56, 151, 240, 1)","background_image":"","overlay":"","background_repeat":"no-repeat","background_size":"cover","background_attachment":"fixed","background_position":"0 0","background_video":"0","background_video_mp4":"","background_video_ogv":"","hidden_xs":"","hidden_sm":"","hidden_md":"","animation":"","animationduration":"300","animationdelay":"0"},"layout":"12","columns":[{"id":1499336490130,"class_name":"col-md-12","visibility":true,"settings":{},"addons":[{"id":1499336490131,"name":"heading","visibility":true,"settings":{"admin_label":"Work Experience ","title":"Work Experience ","heading_selector":"h2","use_link":"0","title_link":"","link_new_tab":"0","title_fontsize":"28","title_fontstyle":null,"title_fontweight":"700","title_lineheight":"","title_letterspace":"0","title_margin":"0px 0px 30px 0px","title_padding":"0px 0px 0px 0px","alignment":"sppb-text-center","class":"","global_text_color":"","global_link_color":"","global_link_hover_color":"","global_use_background":"0","global_background_color":"","global_background_image":"","global_background_repeat":"no-repeat","global_background_size":"cover","global_background_attachment":"inherit","global_user_border":"0","global_border_width":"","global_border_color":"","global_boder_style":"none","global_border_radius":"","global_margin":"","global_padding":"","global_use_animation":"0","global_animation":"","global_animationduration":"300","global_animationdelay":"0","hidden_md":"0","hidden_sm":"0","hidden_xs":"0","acl":null}},{"id":1499336490132,"type":"inner_row","settings":{"admin_label":"","title":"","heading_selector":"h3","title_fontsize":"","title_fontweight":"","title_text_color":"","title_margin_top":"","title_margin_bottom":"","subtitle":"","subtitle_fontsize":"","title_position":"sppb-text-center","columns_equal_height":"0","fullscreen":"0","no_gutter":"0","id":"","class":"","padding":"50px 0px 0px 0px","margin":"0px 0px 0px 0px","color":"","background_color":"","background_image":"","overlay":"","background_repeat":"no-repeat","background_size":"cover","background_attachment":"fixed","background_position":"0 0","background_video":"0","background_video_mp4":"","background_video_ogv":"","hidden_xs":"","hidden_sm":"","hidden_md":"","animation":"","animationduration":"300","animationdelay":"0"},"layout":"4,4,4","visibility":true,"columns":[{"id":1499336490133,"class_name":"col-md-4","visibility":true,"settings":{},"addons":[{"id":1499336490136,"name":"feature","visibility":true,"settings":{"admin_label":"JoomShaper","title":"2014-2016","heading_selector":"h3","title_position":"before","title_fontsize":"16","title_lineheight":"","title_fontstyle":null,"title_letterspace":"0","title_fontweight":"700","title_text_color":"rgba(56, 151, 240, 1)","title_margin_top":"","title_margin_bottom":"20","title_url":"","url_appear":"title","feature_type":"icon","feature_image":"","icon_name":"","icon_size":"36","icon_color":"","icon_background":"","icon_border_color":"","icon_border_width":"","icon_border_radius":"","icon_margin_top":"","icon_margin_bottom":"","icon_padding":"","text":"<h3 style=\"color: #293340; font-size: 20px; font-weight: bold;\">JoomShaper<\/h3>\n<h4 style=\"font-size: 16px; font-weight: 300; margin-top: 15px; margin-bottom: 18px;\">User Interface Designer<\/h4>\nIt won&rsquo;t be a bigger problem to find one video game lover in your neighbor. Since the introduction of Virtual Game, it has been achieving great heights so far as its popularity and technological advancement","alignment":"sppb-text-left","class":"","global_text_color":"rgba(135, 135, 135, 1)","global_link_color":"","global_link_hover_color":"","global_use_background":"1","global_background_color":"rgba(255, 255, 255, 1)","global_background_image":"","global_background_repeat":"no-repeat","global_background_size":"cover","global_background_attachment":"inherit","global_user_border":"0","global_border_width":"1","global_border_color":"rgba(237, 237, 237, 1)","global_boder_style":"solid","global_border_radius":"3","global_margin":"0 0 30px 0","global_padding":"10px 30px 25px 30px","global_use_animation":"1","global_animation":"fadeInLeft","global_animationduration":"","global_animationdelay":"300","hidden_md":"0","hidden_sm":"0","hidden_xs":"0","acl":null},"htmlContent":"<div id=\"sppb-addon-1499336490136\" class=\" sppb-wow fadeInLeft clearfix\" data-sppb-wow-delay=\"300ms\" ><div class=\"sppb-addon sppb-addon-feature sppb-text-left \"><div class=\"sppb-addon-content\"><h3 class=\"sppb-addon-title sppb-feature-box-title\">2014-2016<\/h3><div class=\"sppb-addon-text\"><h3 style=\"color: #293340; font-size: 20px; font-weight: bold;\">JoomShaper<\/h3>\n<h4 style=\"font-size: 16px; font-weight: 300; margin-top: 15px; margin-bottom: 18px;\">User Interface Designer<\/h4>\nIt won&rsquo;t be a bigger problem to find one video game lover in your neighbor. Since the introduction of Virtual Game, it has been achieving great heights so far as its popularity and technological advancement<\/div><\/div><\/div><\/div>","assets":{"css":"#sppb-addon-1499336490136 {\n\tcolor: rgba(135, 135, 135, 1);\n\tbackground-color: rgba(255, 255, 255, 1);\nborder-radius: 3px;\nmargin: 0 0 30px 0;\npadding: 10px 30px 25px 30px;\n}\n#sppb-addon-1499336490136 .sppb-addon-title {\nmargin-bottom:20px;color:rgba(56, 151, 240, 1);font-size:16px;line-height:16px;font-weight:700;}\n"}}]},{"id":1499336490134,"class_name":"col-md-4","visibility":true,"settings":{},"addons":[{"id":1499400396571,"name":"feature","visibility":true,"settings":{"admin_label":"Themeum","title":"2016-2017","heading_selector":"h3","title_position":"before","title_fontsize":"16","title_lineheight":"","title_fontstyle":null,"title_letterspace":"0","title_fontweight":"700","title_text_color":"rgba(56, 151, 240, 1)","title_margin_top":"","title_margin_bottom":"20","title_url":"","url_appear":"title","feature_type":"icon","feature_image":"","icon_name":"","icon_size":"36","icon_color":"","icon_background":"","icon_border_color":"","icon_border_width":"","icon_border_radius":"","icon_margin_top":"","icon_margin_bottom":"","icon_padding":"","text":"\t<h3 style=\"color: #293340; font-size: 20px; font-weight: bold;\">Themeum<\/h3>\n<h4 style=\"font-size: 16px; font-weight: 300; margin-top: 15px; margin-bottom: 18px;\">User Experience Designer<\/h4>\nIt won&rsquo;t be a bigger problem to find one video game lover in your neighbor. Since the introduction of Virtual Game, it has been achieving great heights so far as its popularity and technological advancement","alignment":"sppb-text-left","class":"","global_text_color":"rgba(135, 135, 135, 1)","global_link_color":"","global_link_hover_color":"","global_use_background":"1","global_background_color":"rgba(255, 255, 255, 1)","global_background_image":"","global_background_repeat":"no-repeat","global_background_size":"cover","global_background_attachment":"inherit","global_user_border":"0","global_border_width":"1","global_border_color":"rgba(237, 237, 237, 1)","global_boder_style":"solid","global_border_radius":"3","global_margin":"0 0 30px 0","global_padding":"10px 30px 25px 30px","global_use_animation":"1","global_animation":"fadeInLeft","global_animationduration":"","global_animationdelay":"500","hidden_md":"0","hidden_sm":"0","hidden_xs":"0","acl":null},"htmlContent":"<div id=\"sppb-addon-1499400396571\" class=\" sppb-wow fadeInLeft clearfix\" data-sppb-wow-delay=\"500ms\" ><div class=\"sppb-addon sppb-addon-feature sppb-text-left \"><div class=\"sppb-addon-content\"><h3 class=\"sppb-addon-title sppb-feature-box-title\">2016-2017<\/h3><div class=\"sppb-addon-text\">\t<h3 style=\"color: #293340; font-size: 20px; font-weight: bold;\">Themeum<\/h3>\n<h4 style=\"font-size: 16px; font-weight: 300; margin-top: 15px; margin-bottom: 18px;\">User Experience Designer<\/h4>\nIt won&rsquo;t be a bigger problem to find one video game lover in your neighbor. Since the introduction of Virtual Game, it has been achieving great heights so far as its popularity and technological advancement<\/div><\/div><\/div><\/div>","assets":{"css":"#sppb-addon-1499400396571 {\n\tcolor: rgba(135, 135, 135, 1);\n\tbackground-color: rgba(255, 255, 255, 1);\nborder-radius: 3px;\nmargin: 0 0 30px 0;\npadding: 10px 30px 25px 30px;\n}\n#sppb-addon-1499400396571 .sppb-addon-title {\nmargin-bottom:20px;color:rgba(56, 151, 240, 1);font-size:16px;line-height:16px;font-weight:700;}\n"}}]},{"id":1499336490137,"class_name":"col-md-4","visibility":true,"settings":{},"addons":[{"id":1499400396566,"name":"feature","visibility":true,"settings":{"admin_label":"ShapeBootstraps","title":"2012-2014","heading_selector":"h3","title_position":"before","title_fontsize":"16","title_lineheight":"","title_fontstyle":null,"title_letterspace":"0","title_fontweight":"700","title_text_color":"rgba(56, 151, 240, 1)","title_margin_top":"","title_margin_bottom":"20","title_url":"","url_appear":"title","feature_type":"icon","feature_image":"","icon_name":"","icon_size":"36","icon_color":"","icon_background":"","icon_border_color":"","icon_border_width":"","icon_border_radius":"","icon_margin_top":"","icon_margin_bottom":"","icon_padding":"","text":"\t<h3 style=\"color: #293340; font-size: 20px; font-weight: bold;\">ShapeBootstraps<\/h3>\n<h4 style=\"font-size: 16px; font-weight: 300; margin-top: 15px; margin-bottom: 18px;\">Wordpress Developer<\/h4>\nIt won&rsquo;t be a bigger problem to find one video game lover in your neighbor. Since the introduction of Virtual Game, it has been achieving great heights so far as its popularity and technological advancement","alignment":"sppb-text-left","class":"","global_text_color":"rgba(135, 135, 135, 1)","global_link_color":"","global_link_hover_color":"","global_use_background":"1","global_background_color":"rgba(255, 255, 255, 1)","global_background_image":"","global_background_repeat":"no-repeat","global_background_size":"cover","global_background_attachment":"inherit","global_user_border":"0","global_border_width":"1","global_border_color":"rgba(237, 237, 237, 1)","global_boder_style":"solid","global_border_radius":"3","global_margin":"0 0 30px 0","global_padding":"10px 30px 25px 30px","global_use_animation":"1","global_animation":"fadeInLeft","global_animationduration":"","global_animationdelay":"700","hidden_md":"0","hidden_sm":"0","hidden_xs":"0","acl":null},"htmlContent":"<div id=\"sppb-addon-1499400396566\" class=\" sppb-wow fadeInLeft clearfix\" data-sppb-wow-delay=\"700ms\" ><div class=\"sppb-addon sppb-addon-feature sppb-text-left \"><div class=\"sppb-addon-content\"><h3 class=\"sppb-addon-title sppb-feature-box-title\">2012-2014<\/h3><div class=\"sppb-addon-text\">\t<h3 style=\"color: #293340; font-size: 20px; font-weight: bold;\">ShapeBootstraps<\/h3>\n<h4 style=\"font-size: 16px; font-weight: 300; margin-top: 15px; margin-bottom: 18px;\">Wordpress Developer<\/h4>\nIt won&rsquo;t be a bigger problem to find one video game lover in your neighbor. Since the introduction of Virtual Game, it has been achieving great heights so far as its popularity and technological advancement<\/div><\/div><\/div><\/div>","assets":{"css":"#sppb-addon-1499400396566 {\n\tcolor: rgba(135, 135, 135, 1);\n\tbackground-color: rgba(255, 255, 255, 1);\nborder-radius: 3px;\nmargin: 0 0 30px 0;\npadding: 10px 30px 25px 30px;\n}\n#sppb-addon-1499400396566 .sppb-addon-title {\nmargin-bottom:20px;color:rgba(56, 151, 240, 1);font-size:16px;line-height:16px;font-weight:700;}\n"}}]}]}]}]},{"id":1499400396572,"visibility":true,"collapse":false,"settings":{"admin_label":"References","title":"","heading_selector":"h3","title_fontsize":"","title_fontweight":"","title_text_color":"","title_margin_top":"","title_margin_bottom":"","subtitle":"","subtitle_fontsize":"","title_position":"sppb-text-center","columns_equal_height":"0","fullscreen":"0","no_gutter":"0","id":"","class":"","padding":"100px 0px 100px 0px","margin":"0px 0px 0px 0px","color":"","background_color":"","background_image":"","overlay":"","background_repeat":"no-repeat","background_size":"cover","background_attachment":"fixed","background_position":"0 0","background_video":"0","background_video_mp4":"","background_video_ogv":"","hidden_xs":"","hidden_sm":"","hidden_md":"","animation":"","animationduration":"300","animationdelay":"0"},"layout":"12","columns":[{"id":1499400396573,"class_name":"col-md-12","visibility":true,"settings":{},"addons":[{"id":1499400396594,"name":"heading","visibility":true,"settings":{"admin_label":"References","title":"References","heading_selector":"h2","use_link":"0","title_link":"","link_new_tab":"0","title_fontsize":"28","title_fontstyle":null,"title_fontweight":"700","title_lineheight":"","title_letterspace":"0","title_margin":"0px 0px 30px 0px","title_padding":"0px 0px 0px 0px","alignment":"sppb-text-center","class":"","global_text_color":"","global_link_color":"","global_link_hover_color":"","global_use_background":"0","global_background_color":"","global_background_image":"","global_background_repeat":"no-repeat","global_background_size":"cover","global_background_attachment":"inherit","global_user_border":"0","global_border_width":"","global_border_color":"","global_boder_style":"none","global_border_radius":"","global_margin":"","global_padding":"","global_use_animation":"0","global_animation":"","global_animationduration":"300","global_animationdelay":"0","hidden_md":"0","hidden_sm":"0","hidden_xs":"0","acl":null}},{"id":1499403722134,"type":"inner_row","settings":{"admin_label":"","title":"","heading_selector":"h3","title_fontsize":"","title_fontweight":"","title_text_color":"","title_margin_top":"","title_margin_bottom":"","subtitle":"","subtitle_fontsize":"","title_position":"sppb-text-center","columns_equal_height":"0","fullscreen":"0","no_gutter":"0","id":"","class":"","padding":"45px 0px 0px 0px","margin":"0px 0px 0px 0px","color":"","background_color":"","background_image":"","overlay":"","background_repeat":"no-repeat","background_size":"cover","background_attachment":"fixed","background_position":"0 0","background_video":"0","background_video_mp4":"","background_video_ogv":"","hidden_xs":"","hidden_sm":"","hidden_md":"","animation":"","animationduration":"300","animationdelay":"0"},"layout":"2,8,2","visibility":true,"columns":[{"id":1499332876823,"class_name":"col-md-2","visibility":true,"settings":{},"addons":[]},{"id":1499332876826,"class_name":"col-md-8","visibility":true,"settings":{},"addons":[{"id":1499317725401,"name":"testimonialpro","visibility":true,"settings":{"autoplay":"1","arrows":"1","class":"","sp_testimonialpro_item":[{"title":"Jon Don","avatar":"https://sppagebuilder.com/sample-data/images/2017/07/06/client1.png","avatar_style":"sppb-img-circle","message":"\tIt is a long established fact that a reader will be distracted by the readable content of a page when looking at its layout. The point of using Lorem Ipsum is that it has a more-or-less normal distribution of letters, as opposed to using 'Content here, content here', making it look like readable English.","url":""},{"title":"Selena Gomez","avatar":"https://sppagebuilder.com/sample-data/images/2017/07/06/client2.png","avatar_style":"sppb-img-circle","message":"\tIt is a long established fact that a reader will be distracted by the readable content of a page when looking at its layout. The point of using Lorem Ipsum is that it has a more-or-less normal distribution of letters, as opposed to using 'Content here, content here', making it look like readable English.","url":""}],"global_text_color":"","global_link_color":"","global_link_hover_color":"","global_use_background":"0","global_background_color":"","global_background_image":"","global_background_repeat":"no-repeat","global_background_size":"cover","global_background_attachment":"inherit","global_user_border":"0","global_border_width":"","global_border_color":"","global_boder_style":"none","global_border_radius":"","global_margin":"","global_padding":"","global_use_animation":"0","global_animation":"","global_animationduration":"300","global_animationdelay":"0","hidden_md":"0","hidden_sm":"0","hidden_xs":"0","acl":null,"dynamicId":1499317725401},"htmlContent":"<div id=\"sppb-addon-1499317725401\" class=\"clearfix\" ><div class=\"sppb-carousel sppb-testimonial-pro sppb-slide  sppb-text-center\" data-sppb-ride=\"sppb-carousel\"><div class=\"sppb-carousel-inner\"><div class=\"sppb-item\"><img class=\"sppb-img-responsive sppb-avatar sppb-img-circle\" src=\"https://sppagebuilder.com/sample-data/images/2017/07/06/client1.png\" alt=\"\"><div class=\"sppb-testimonial-message\">\tIt is a long established fact that a reader will be distracted by the readable content of a page when looking at its layout. The point of using Lorem Ipsum is that it has a more-or-less normal distribution of letters, as opposed to using 'Content here, content here', making it look like readable English.<\/div><div class=\"sppb-testimonial-client\"><strong class=\"pro-client-name\">Jon Don<\/strong><\/div><\/div><div class=\"sppb-item\"><img class=\"sppb-img-responsive sppb-avatar sppb-img-circle\" src=\"https://sppagebuilder.com/sample-data/images/2017/07/06/client2.png\" alt=\"\"><div class=\"sppb-testimonial-message\">\tIt is a long established fact that a reader will be distracted by the readable content of a page when looking at its layout. The point of using Lorem Ipsum is that it has a more-or-less normal distribution of letters, as opposed to using 'Content here, content here', making it look like readable English.<\/div><div class=\"sppb-testimonial-client\"><strong class=\"pro-client-name\">Selena Gomez<\/strong><\/div><\/div><\/div><a class=\"left sppb-carousel-control\" role=\"button\" data-slide=\"prev\"><i class=\"fa fa-angle-left\"><\/i><\/a><a class=\"right sppb-carousel-control\" role=\"button\" data-slide=\"next\"><i class=\"fa fa-angle-right\"><\/i><\/a><\/div><\/div>","assets":[]}]},{"id":1499332876827,"class_name":"col-md-2","visibility":true,"settings":{},"addons":[]}]}]}]}]
