[{"id":1486018098900,"visibility":true,"collapse":false,"settings":{"admin_label":"Hero Section","title":"","heading_selector":"h3","title_fontsize":"","title_fontweight":"","title_text_color":"","title_margin_top":"","title_margin_bottom":"","subtitle":"","subtitle_fontsize":"","title_position":"sppb-text-center","columns_equal_height":"0","fullscreen":"0","no_gutter":"0","id":"","class":"","padding":"185px 0px 170px 0px","margin":"0px 0px 0px 0px","color":"","background_color":"","background_image":"https://sppagebuilder.com/sample-data/images/2017/02/02/app-hero.jpg","overlay":"","background_repeat":"no-repeat","background_size":"cover","background_attachment":"inherit","background_position":"50% 50%","background_video":"0","background_video_mp4":"","background_video_ogv":"","hidden_xs":"","hidden_sm":"","hidden_md":"","animation":"","animationduration":"300","animationdelay":"0"},"layout":"6,6","columns":[{"id":1486018098901,"class_name":"col-md-6","visibility":true,"settings":{"color":"rgba(255, 255, 255, 1)","background":"","background_image":"","overlay":"","background_repeat":"no-repeat","background_size":"cover","background_attachment":"scroll","background_position":"0 0","padding":"","class":"","sm_col":"","xs_col":"","hidden_xs":"","hidden_sm":"","hidden_md":"","animation":"","animationduration":"300","animationdelay":"0"},"addons":[{"id":1486025708586,"name":"feature","visibility":true,"settings":{"admin_label":"","title":"Create Your  App Landing Page With SP Pagebuilder","heading_selector":"h3","title_position":"before","title_fontsize":"60","title_lineheight":"72","title_fontstyle":["lighter"],"title_letterspace":"0","title_fontweight":"","title_text_color":"","title_margin_top":"","title_margin_bottom":"30","title_url":"","url_appear":"title","feature_type":"icon","feature_image":"","icon_name":"","icon_size":"36","icon_color":"","icon_background":"","icon_border_color":"","icon_border_width":"","icon_border_radius":"","icon_margin_top":"","icon_margin_bottom":"","icon_padding":"","text":"\t\tLorem ipsum dolor sit amet, consectetur adipisicing elit, sed do eiusmod tempor incididunt ut labore et dolore magna aliqua.","alignment":"sppb-text-left","class":"","global_text_color":"","global_link_color":"","global_link_hover_color":"","global_use_background":"0","global_background_color":"","global_background_image":"","global_background_repeat":"no-repeat","global_background_size":"cover","global_background_attachment":"inherit","global_user_border":"0","global_border_width":"","global_border_color":"","global_boder_style":"none","global_border_radius":"","global_margin":"","global_padding":"","global_use_animation":"0","global_animation":"","global_animationduration":"300","global_animationdelay":"0","hidden_md":"0","hidden_sm":"0","hidden_xs":"0","acl":null}},{"id":1486026117981,"type":"inner_row","settings":{"admin_label":"","title":"","heading_selector":"h3","title_fontsize":"","title_fontweight":"","title_text_color":"","title_margin_top":"","title_margin_bottom":"","subtitle":"","subtitle_fontsize":"","title_position":"sppb-text-center","columns_equal_height":"0","fullscreen":"0","no_gutter":"0","id":"","class":"","padding":"40px 0px 50px 0px","margin":"0px 0px 0px -10px","color":"","background_color":"","background_image":"","overlay":"","background_repeat":"no-repeat","background_size":"cover","background_attachment":"fixed","background_position":"0 0","background_video":"0","background_video_mp4":"","background_video_ogv":"","hidden_xs":"","hidden_sm":"","hidden_md":"","animation":"","animationduration":"300","animationdelay":"0"},"layout":"6,6","visibility":true,"columns":[{"id":1486026117982,"class_name":"col-md-6","visibility":true,"settings":{},"addons":[{"id":1486026191342,"name":"image","visibility":true,"settings":{"admin_label":"Apple store button","title":"","heading_selector":"h3","title_fontsize":"","title_lineheight":"","title_fontstyle":null,"title_letterspace":"0","title_fontweight":"","title_text_color":"","title_margin_top":"","title_margin_bottom":"","image":"https://sppagebuilder.com/sample-data/images/2017/02/02/app-btn.png","alt_text":"app store","position":"sppb-text-left","open_lightbox":"0","overlay_color":"rgba(119, 219, 31, 0.5)","link":"#","target":"","class":"","global_text_color":"","global_link_color":"","global_link_hover_color":"","global_use_background":"0","global_background_color":"","global_background_image":"","global_background_repeat":"no-repeat","global_background_size":"cover","global_background_attachment":"inherit","global_user_border":"0","global_border_width":"","global_border_color":"","global_boder_style":"none","global_border_radius":"","global_margin":"","global_padding":"","global_use_animation":"0","global_animation":"","global_animationduration":"300","global_animationdelay":"0","hidden_md":"0","hidden_sm":"0","hidden_xs":"0","acl":null},"htmlContent":"<div id=\"sppb-addon-1486026191342\" class=\"clearfix\" ><div class=\"sppb-addon sppb-addon-single-image sppb-text-left \"><div class=\"sppb-addon-content\"><div class=\"sppb-addon-single-image-container\"><a  href=\"#\"><img class=\"sppb-img-responsive\" src=\"https://sppagebuilder.com/sample-data/images/2017/02/02/app-btn.png\" alt=\"app store\"></a></div></div></div></div>","assets":[]}]},{"id":1486026117994,"class_name":"col-md-6","visibility":true,"settings":{},"addons":[{"id":1486026117987,"name":"image","visibility":true,"settings":{"admin_label":"Google play button","title":"","heading_selector":"h3","title_fontsize":"","title_lineheight":"","title_fontstyle":null,"title_letterspace":"0","title_fontweight":"","title_text_color":"","title_margin_top":"","title_margin_bottom":"","image":"https://sppagebuilder.com/sample-data/images/2017/02/02/app-btn2.png","alt_text":"app store","position":"sppb-text-left","open_lightbox":"0","overlay_color":"rgba(119, 219, 31, 0.5)","link":"#","target":"","class":"","global_text_color":"","global_link_color":"","global_link_hover_color":"","global_use_background":"0","global_background_color":"","global_background_image":"","global_background_repeat":"no-repeat","global_background_size":"cover","global_background_attachment":"inherit","global_user_border":"0","global_border_width":"","global_border_color":"","global_boder_style":"none","global_border_radius":"","global_margin":"0 0 0 -65px","global_padding":"","global_use_animation":"0","global_animation":"","global_animationduration":"300","global_animationdelay":"0","hidden_md":"0","hidden_sm":"0","hidden_xs":"0","acl":null},"htmlContent":"<div id=\"sppb-addon-1486026117987\" class=\"clearfix\" ><div class=\"sppb-addon sppb-addon-single-image sppb-text-left \"><div class=\"sppb-addon-content\"><div class=\"sppb-addon-single-image-container\"><a  href=\"#\"><img class=\"sppb-img-responsive\" src=\"https://sppagebuilder.com/sample-data/images/2017/02/02/app-btn2.png\" alt=\"app store\"></a></div></div></div></div>","assets":{"css":"#sppb-addon-1486026117987 {\nmargin: 0 0 0 -65px;\n}\n"}}]}]}]},{"id":1486025708587,"class_name":"col-md-6","visibility":true,"settings":{},"addons":[]}]},{"id":1486026118015,"visibility":true,"collapse":false,"settings":{"admin_label":"App Download Stats","title":"","heading_selector":"h3","title_fontsize":"","title_fontweight":"","title_text_color":"","title_margin_top":"","title_margin_bottom":"","subtitle":"","subtitle_fontsize":"","title_position":"sppb-text-center","columns_equal_height":"0","fullscreen":"0","no_gutter":"0","id":"","class":"","padding":"140px 0px 110px 0px","margin":"0px 0px 0px 0px","color":"","background_color":"","background_image":"","overlay":"","background_repeat":"no-repeat","background_size":"cover","background_attachment":"fixed","background_position":"0 0","background_video":"0","background_video_mp4":"","background_video_ogv":"","hidden_xs":"","hidden_sm":"","hidden_md":"","animation":"","animationduration":"300","animationdelay":"0"},"layout":"6,6","columns":[{"id":1486026118016,"class_name":"col-md-6","visibility":true,"settings":{},"addons":[{"id":1486026895357,"name":"text_block","visibility":true,"settings":{"admin_label":"Every Day 350+ Customer Purchase","title":"Every Day 350+ <br>\nCustomer Purchase","heading_selector":"h3","title_fontsize":"46","title_lineheight":"54","title_fontstyle":["lighter"],"title_letterspace":"0","title_fontweight":"","title_text_color":"","title_margin_top":"","title_margin_bottom":"25","text":"\t\t\t\t\tLorem ipsum dolor sit amet, consectetur adipisicing elit, sed do eiusmod tempor incididunt ut labore et dolore magna. Aliqua Ut&nbsp;enim ad minim veniam, quis nostrud.","alignment":"sppb-text-left","class":"","global_text_color":"","global_link_color":"","global_link_hover_color":"","global_use_background":"0","global_background_color":"","global_background_image":"","global_background_repeat":"no-repeat","global_background_size":"cover","global_background_attachment":"inherit","global_user_border":"0","global_border_width":"","global_border_color":"","global_boder_style":"none","global_border_radius":"","global_margin":"56px 0 50px 0","global_padding":"","global_use_animation":"0","global_animation":"","global_animationduration":"300","global_animationdelay":"0","hidden_md":"0","hidden_sm":"0","hidden_xs":"0","acl":null}},{"id":1486027702373,"type":"inner_row","settings":{"admin_label":"","title":"","heading_selector":"h3","title_fontsize":"","title_fontweight":"","title_text_color":"","title_margin_top":"","title_margin_bottom":"","subtitle":"","subtitle_fontsize":"","title_position":"sppb-text-center","columns_equal_height":"0","fullscreen":"0","no_gutter":"0","id":"","class":"","padding":"0 90px 0 0","margin":"0px 0px 0px 0px","color":"","background_color":"","background_image":"","overlay":"","background_repeat":"no-repeat","background_size":"cover","background_attachment":"fixed","background_position":"0 0","background_video":"0","background_video_mp4":"","background_video_ogv":"","hidden_xs":"","hidden_sm":"","hidden_md":"","animation":"","animationduration":"300","animationdelay":"0"},"layout":"12","visibility":true,"columns":[{"id":1486027702374,"class_name":"col-md-12","visibility":true,"settings":{},"addons":[{"id":1486027012103,"name":"heading","visibility":true,"settings":{"admin_label":"Apple Store Download","title":"Apple Store Download<spna class=\"pull-right\">14300450</span>","heading_selector":"h2","use_link":"0","title_link":"","link_new_tab":"0","title_fontsize":"16","title_fontstyle":["normal"],"title_lineheight":"","title_letterspace":"0","title_margin":"0px 0px 16px 0px","title_padding":"0px 0px 0px 0px","alignment":"sppb-text-left","class":"","global_text_color":"","global_link_color":"","global_link_hover_color":"","global_use_background":"0","global_background_color":"","global_background_image":"","global_background_repeat":"no-repeat","global_background_size":"cover","global_background_attachment":"inherit","global_user_border":"0","global_border_width":"","global_border_color":"","global_boder_style":"none","global_border_radius":"","global_margin":"","global_padding":"","global_use_animation":"0","global_animation":"","global_animationduration":"300","global_animationdelay":"0","hidden_md":"0","hidden_sm":"0","hidden_xs":"0","acl":null},"htmlContent":"<div id=\"sppb-addon-1486027012103\" class=\"clearfix\" ><div class=\"sppb-addon sppb-addon-header sppb-text-left\"><h2 class=\"sppb-addon-title\">Apple Store Download<spna class=\"pull-right\">14300450</span></h2></div></div>","assets":{"css":"#sppb-addon-1486027012103 .sppb-addon-title {\nfont-size:16px;line-height:16px;font-weight: normal;}\n#sppb-addon-1486027012103 h2.sppb-addon-title {margin: 0px 0px 16px 0px; padding: 0px 0px 0px 0px; font-weight: normal;}"}},{"id":1486026789596,"name":"progress_bar","visibility":true,"settings":{"admin_label":"Apple Store Stats","progress":"50","bar_height":"6","type":"sppb-progress-bar-primary","bar_background":"#cccccc","progress_bar_background":"#00c1f8","stripped":"","text":"","active":"","show_percentage":"0","class":"","global_text_color":"","global_link_color":"","global_link_hover_color":"","global_use_background":"0","global_background_color":"","global_background_image":"","global_background_repeat":"no-repeat","global_background_size":"cover","global_background_attachment":"inherit","global_user_border":"0","global_border_width":"","global_border_color":"","global_boder_style":"none","global_border_radius":"","global_margin":"0 0 10px 0","global_padding":"","global_use_animation":"0","global_animation":"","global_animationduration":"300","global_animationdelay":"0","hidden_md":"0","hidden_sm":"0","hidden_xs":"0","acl":null},"htmlContent":"<div id=\"sppb-addon-1486026789596\" class=\"clearfix\" ><div class=\"sppb-progress \"><div class=\"sppb-progress-bar sppb-progress-bar-primary  \" role=\"progressbar\" aria-valuenow=\"50\" aria-valuemin=\"0\" aria-valuemax=\"100\" data-width=\"50%\"></div></div></div>","assets":{"css":"#sppb-addon-1486026789596 {\nmargin: 0 0 10px 0;\n}\n#sppb-addon-1486026789596 .sppb-progress {height: 6px;}#sppb-addon-1486026789596 .sppb-progress-bar {line-height: 6px;}"}},{"id":1486026118040,"name":"heading","visibility":true,"settings":{"admin_label":"Google Store Download","title":"Google Store Download<spna class=\"pull-right\">32430045</span>","heading_selector":"h2","use_link":"0","title_link":"","link_new_tab":"0","title_fontsize":"16","title_fontstyle":["normal"],"title_lineheight":"","title_letterspace":"0","title_margin":"0px 0px 16px 0px","title_padding":"0px 0px 0px 0px","alignment":"sppb-text-left","class":"","global_text_color":"","global_link_color":"","global_link_hover_color":"","global_use_background":"0","global_background_color":"","global_background_image":"","global_background_repeat":"no-repeat","global_background_size":"cover","global_background_attachment":"inherit","global_user_border":"0","global_border_width":"","global_border_color":"","global_boder_style":"none","global_border_radius":"","global_margin":"","global_padding":"","global_use_animation":"0","global_animation":"","global_animationduration":"300","global_animationdelay":"0","hidden_md":"0","hidden_sm":"0","hidden_xs":"0","acl":null},"htmlContent":"<div id=\"sppb-addon-1486026118040\" class=\"clearfix\" ><div class=\"sppb-addon sppb-addon-header sppb-text-left\"><h2 class=\"sppb-addon-title\">Google Store Download<spna class=\"pull-right\">32430045</span></h2></div></div>","assets":{"css":"#sppb-addon-1486026118040 .sppb-addon-title {\nfont-size:16px;line-height:16px;font-weight: normal;}\n#sppb-addon-1486026118040 h2.sppb-addon-title {margin: 0px 0px 16px 0px; padding: 0px 0px 0px 0px; font-weight: normal;}"}},{"id":1486026118043,"name":"progress_bar","visibility":true,"settings":{"admin_label":"Google Store Stats","progress":"50","bar_height":"6","type":"sppb-progress-bar-primary","bar_background":"#cccccc","progress_bar_background":"#00c1f8","stripped":"","text":"","active":"","show_percentage":"0","class":"","global_text_color":"","global_link_color":"","global_link_hover_color":"","global_use_background":"0","global_background_color":"","global_background_image":"","global_background_repeat":"no-repeat","global_background_size":"cover","global_background_attachment":"inherit","global_user_border":"0","global_border_width":"","global_border_color":"","global_boder_style":"none","global_border_radius":"","global_margin":"0 0 10px 0","global_padding":"","global_use_animation":"0","global_animation":"","global_animationduration":"300","global_animationdelay":"0","hidden_md":"0","hidden_sm":"0","hidden_xs":"0","acl":null},"htmlContent":"<div id=\"sppb-addon-1486026118043\" class=\"clearfix\" ><div class=\"sppb-progress \"><div class=\"sppb-progress-bar sppb-progress-bar-primary  \" role=\"progressbar\" aria-valuenow=\"50\" aria-valuemin=\"0\" aria-valuemax=\"100\" data-width=\"50%\"></div></div></div>","assets":{"css":"#sppb-addon-1486026118043 {\nmargin: 0 0 10px 0;\n}\n#sppb-addon-1486026118043 .sppb-progress {height: 6px;}#sppb-addon-1486026118043 .sppb-progress-bar {line-height: 6px;}"}},{"id":1486026118064,"name":"heading","visibility":true,"settings":{"admin_label":"Windows Store Download","title":"Windows Store Download<spna class=\"pull-right\">764300</span>","heading_selector":"h2","use_link":"0","title_link":"","link_new_tab":"0","title_fontsize":"16","title_fontstyle":["normal"],"title_lineheight":"","title_letterspace":"0","title_margin":"0px 0px 16px 0px","title_padding":"0px 0px 0px 0px","alignment":"sppb-text-left","class":"","global_text_color":"","global_link_color":"","global_link_hover_color":"","global_use_background":"0","global_background_color":"","global_background_image":"","global_background_repeat":"no-repeat","global_background_size":"cover","global_background_attachment":"inherit","global_user_border":"0","global_border_width":"","global_border_color":"","global_boder_style":"none","global_border_radius":"","global_margin":"","global_padding":"","global_use_animation":"0","global_animation":"","global_animationduration":"300","global_animationdelay":"0","hidden_md":"0","hidden_sm":"0","hidden_xs":"0","acl":null},"htmlContent":"<div id=\"sppb-addon-1486026118064\" class=\"clearfix\" ><div class=\"sppb-addon sppb-addon-header sppb-text-left\"><h2 class=\"sppb-addon-title\">Windows Store Download<spna class=\"pull-right\">764300</span></h2></div></div>","assets":{"css":"#sppb-addon-1486026118064 .sppb-addon-title {\nfont-size:16px;line-height:16px;font-weight: normal;}\n#sppb-addon-1486026118064 h2.sppb-addon-title {margin: 0px 0px 16px 0px; padding: 0px 0px 0px 0px; font-weight: normal;}"}},{"id":1486026118067,"name":"progress_bar","visibility":true,"settings":{"admin_label":"Windows Store Stats","progress":"50","bar_height":"6","type":"sppb-progress-bar-primary","bar_background":"#cccccc","progress_bar_background":"#00c1f8","stripped":"","text":"","active":"","show_percentage":"0","class":"","global_text_color":"","global_link_color":"","global_link_hover_color":"","global_use_background":"0","global_background_color":"","global_background_image":"","global_background_repeat":"no-repeat","global_background_size":"cover","global_background_attachment":"inherit","global_user_border":"0","global_border_width":"","global_border_color":"","global_boder_style":"none","global_border_radius":"","global_margin":"","global_padding":"","global_use_animation":"0","global_animation":"","global_animationduration":"300","global_animationdelay":"0","hidden_md":"0","hidden_sm":"0","hidden_xs":"0","acl":null},"htmlContent":"<div id=\"sppb-addon-1486026118067\" class=\"clearfix\" ><div class=\"sppb-progress \"><div class=\"sppb-progress-bar sppb-progress-bar-primary  \" role=\"progressbar\" aria-valuenow=\"50\" aria-valuemin=\"0\" aria-valuemax=\"100\" data-width=\"50%\"></div></div></div>","assets":{"css":"#sppb-addon-1486026118067 .sppb-progress {height: 6px;}#sppb-addon-1486026118067 .sppb-progress-bar {line-height: 6px;}"}}]}]}]},{"id":1486026118019,"class_name":"col-md-6","visibility":true,"settings":{},"addons":[{"id":1486026717348,"name":"image","visibility":true,"settings":{"admin_label":"App Presentation ","title":"","heading_selector":"h3","title_fontsize":"","title_lineheight":"","title_fontstyle":null,"title_letterspace":"0","title_fontweight":"","title_text_color":"","title_margin_top":"","title_margin_bottom":"","image":"https://sppagebuilder.com/sample-data/images/2017/02/02/mobile-img.png","alt_text":"mobile","position":"sppb-text-center","open_lightbox":"0","overlay_color":"rgba(119, 219, 31, 0.5)","link":"","target":"","class":"","global_text_color":"","global_link_color":"","global_link_hover_color":"","global_use_background":"0","global_background_color":"","global_background_image":"","global_background_repeat":"no-repeat","global_background_size":"cover","global_background_attachment":"inherit","global_user_border":"0","global_border_width":"","global_border_color":"","global_boder_style":"none","global_border_radius":"","global_margin":"","global_padding":"","global_use_animation":"0","global_animation":"","global_animationduration":"300","global_animationdelay":"0","hidden_md":"0","hidden_sm":"0","hidden_xs":"0","acl":null}}]}]},{"id":1486028110681,"visibility":true,"collapse":false,"settings":{"admin_label":"Divider","title":"","heading_selector":"h3","title_fontsize":"","title_fontweight":"","title_text_color":"","title_margin_top":"","title_margin_bottom":"","subtitle":"","subtitle_fontsize":"","title_position":"sppb-text-center","columns_equal_height":"0","fullscreen":"1","no_gutter":"0","id":"","class":"","padding":"0 0 0px 0px","margin":"0px 0px 0px 0px","color":"","background_color":"","background_image":"","overlay":"","background_repeat":"no-repeat","background_size":"cover","background_attachment":"fixed","background_position":"0 0","background_video":"0","background_video_mp4":"","background_video_ogv":"","hidden_xs":"","hidden_sm":"","hidden_md":"","animation":"","animationduration":"300","animationdelay":"0"},"layout":"12","columns":[{"id":1485952347901,"class_name":"col-md-12","visibility":true,"settings":{},"addons":[{"id":1485952347897,"name":"divider","visibility":true,"settings":{"admin_label":"","divider_type":"border","divider_image":"","background_repeat":"no-repeat","divider_height":"10","border_style":"solid","border_width":"1","border_color":"rgba(229, 229, 229, 1)","margin_top":"0","margin_bottom":"0","class":"","global_text_color":"","global_link_color":"","global_link_hover_color":"","global_use_background":"0","global_background_color":"","global_background_image":"","global_background_repeat":"no-repeat","global_background_size":"cover","global_background_attachment":"inherit","global_user_border":"0","global_border_width":"","global_border_color":"","global_boder_style":"none","global_border_radius":"","global_margin":"","global_padding":"","global_use_animation":"0","global_animation":"","global_animationduration":"300","global_animationdelay":"0","hidden_md":"0","hidden_sm":"0","hidden_xs":"0","acl":null}}]}]},{"id":1486028110682,"visibility":true,"collapse":false,"settings":{"admin_label":"App Features","title":"","heading_selector":"h3","title_fontsize":"","title_fontweight":"","title_text_color":"","title_margin_top":"","title_margin_bottom":"","subtitle":"","subtitle_fontsize":"","title_position":"sppb-text-center","columns_equal_height":"0","fullscreen":"0","no_gutter":"0","id":"","class":"","padding":"110px 0px 140px 0px","margin":"0px 0px 0px 0px","color":"","background_color":"","background_image":"","overlay":"","background_repeat":"no-repeat","background_size":"cover","background_attachment":"fixed","background_position":"0 0","background_video":"0","background_video_mp4":"","background_video_ogv":"","hidden_xs":"","hidden_sm":"","hidden_md":"","animation":"","animationduration":"300","animationdelay":"0"},"layout":"6,6","columns":[{"id":1486028110683,"class_name":"col-md-6","visibility":true,"settings":{},"addons":[{"id":1486028110687,"name":"image","visibility":true,"settings":{"admin_label":"App Presentation","title":"","heading_selector":"h3","title_fontsize":"","title_lineheight":"","title_fontstyle":null,"title_letterspace":"0","title_fontweight":"","title_text_color":"","title_margin_top":"","title_margin_bottom":"","image":"https://sppagebuilder.com/sample-data/images/2017/02/02/app-screenshot.png","alt_text":"app  screenshot ","position":"sppb-text-left","open_lightbox":"0","overlay_color":"rgba(119, 219, 31, 0.5)","link":"","target":"","class":"","global_text_color":"","global_link_color":"","global_link_hover_color":"","global_use_background":"0","global_background_color":"","global_background_image":"","global_background_repeat":"no-repeat","global_background_size":"cover","global_background_attachment":"inherit","global_user_border":"0","global_border_width":"","global_border_color":"","global_boder_style":"none","global_border_radius":"","global_margin":"","global_padding":"","global_use_animation":"0","global_animation":"","global_animationduration":"300","global_animationdelay":"0","hidden_md":"0","hidden_sm":"0","hidden_xs":"0","acl":null}}]},{"id":1486028110684,"class_name":"col-md-6","visibility":true,"settings":{"color":"","background":"","background_image":"","overlay":"","background_repeat":"no-repeat","background_size":"cover","background_attachment":"scroll","background_position":"0 0","padding":"0 55px 0 70px","class":"","sm_col":"","xs_col":"","hidden_xs":"","hidden_sm":"","hidden_md":"","animation":"","animationduration":"300","animationdelay":"0"},"addons":[{"id":1486028110690,"name":"feature","visibility":true,"settings":{"admin_label":"","title":"Awesome Features","heading_selector":"h3","title_position":"before","title_fontsize":"46","title_lineheight":"","title_fontstyle":["lighter"],"title_letterspace":"0","title_fontweight":"","title_text_color":"","title_margin_top":"","title_margin_bottom":"38","title_url":"","url_appear":"title","feature_type":"icon","feature_image":"","icon_name":"","icon_size":"36","icon_color":"","icon_background":"","icon_border_color":"","icon_border_width":"","icon_border_radius":"","icon_margin_top":"","icon_margin_bottom":"","icon_padding":"","text":"\t\t\t\tIf the screen appears blank when trying to view related services or web pages in LINE.","alignment":"sppb-text-left","class":"","global_text_color":"","global_link_color":"","global_link_hover_color":"","global_use_background":"0","global_background_color":"","global_background_image":"","global_background_repeat":"no-repeat","global_background_size":"cover","global_background_attachment":"inherit","global_user_border":"0","global_border_width":"","global_border_color":"","global_boder_style":"none","global_border_radius":"","global_margin":"0 0 50px 0","global_padding":"","global_use_animation":"0","global_animation":"","global_animationduration":"300","global_animationdelay":"0","hidden_md":"0","hidden_sm":"0","hidden_xs":"0","acl":null}},{"id":1486028673749,"name":"feature","visibility":true,"settings":{"admin_label":"","title":"Strong Security","heading_selector":"h3","title_position":"left","title_fontsize":"20","title_lineheight":"","title_fontstyle":["bold"],"title_letterspace":"0","title_fontweight":"","title_text_color":"","title_margin_top":"","title_margin_bottom":"15","title_url":"","url_appear":"title","feature_type":"image","feature_image":"https://sppagebuilder.com/sample-data/images/2017/02/03/feature-icon1.png","icon_name":"","icon_size":"36","icon_color":"","icon_background":"","icon_border_color":"","icon_border_width":"","icon_border_radius":"","icon_margin_top":"","icon_margin_bottom":"","icon_padding":"","text":"\t\t\t\t\t\t\tLorem ipsum dolor sit amet, consectetur adipisicing elit, sed do eiusmod tempor&nbsp;","alignment":"sppb-text-center","class":"","global_text_color":"","global_link_color":"","global_link_hover_color":"","global_use_background":"0","global_background_color":"","global_background_image":"","global_background_repeat":"no-repeat","global_background_size":"cover","global_background_attachment":"inherit","global_user_border":"0","global_border_width":"","global_border_color":"","global_boder_style":"none","global_border_radius":"","global_margin":"0 0 50px 0","global_padding":"","global_use_animation":"1","global_animation":"fadeIn","global_animationduration":"","global_animationdelay":"","hidden_md":"0","hidden_sm":"0","hidden_xs":"0","acl":null}},{"id":1486028393365,"name":"feature","visibility":true,"settings":{"admin_label":"","title":"Easy to Customize","heading_selector":"h3","title_position":"left","title_fontsize":"20","title_lineheight":"","title_fontstyle":["bold"],"title_letterspace":"0","title_fontweight":"","title_text_color":"","title_margin_top":"","title_margin_bottom":"15","title_url":"","url_appear":"title","feature_type":"image","feature_image":"https://sppagebuilder.com/sample-data/images/2017/02/03/feature-icon2.png","icon_name":"","icon_size":"36","icon_color":"","icon_background":"","icon_border_color":"","icon_border_width":"","icon_border_radius":"","icon_margin_top":"","icon_margin_bottom":"","icon_padding":"","text":"\t\t\t\t\t\t\t\tLorem ipsum dolor sit amet, consectetur adipisicing elit, sed do eiusmod tempor&nbsp;","alignment":"sppb-text-center","class":"","global_text_color":"","global_link_color":"","global_link_hover_color":"","global_use_background":"0","global_background_color":"","global_background_image":"","global_background_repeat":"no-repeat","global_background_size":"cover","global_background_attachment":"inherit","global_user_border":"0","global_border_width":"","global_border_color":"","global_boder_style":"none","global_border_radius":"","global_margin":"0 0 50px 0","global_padding":"","global_use_animation":"1","global_animation":"fadeIn","global_animationduration":"","global_animationdelay":"200","hidden_md":"0","hidden_sm":"0","hidden_xs":"0","acl":null}},{"id":1486028393362,"name":"feature","visibility":true,"settings":{"admin_label":"","title":"Sync all Time","heading_selector":"h3","title_position":"left","title_fontsize":"20","title_lineheight":"","title_fontstyle":["bold"],"title_letterspace":"0","title_fontweight":"","title_text_color":"","title_margin_top":"","title_margin_bottom":"15","title_url":"","url_appear":"title","feature_type":"image","feature_image":"https://sppagebuilder.com/sample-data/images/2017/02/03/feature-icon3.png","icon_name":"","icon_size":"36","icon_color":"","icon_background":"","icon_border_color":"","icon_border_width":"","icon_border_radius":"","icon_margin_top":"","icon_margin_bottom":"","icon_padding":"","text":"\t\t\t\t\t\tLorem ipsum dolor sit amet, consectetur adipisicing elit, sed do eiusmod tempor&nbsp;","alignment":"sppb-text-center","class":"","global_text_color":"","global_link_color":"","global_link_hover_color":"","global_use_background":"0","global_background_color":"","global_background_image":"","global_background_repeat":"no-repeat","global_background_size":"cover","global_background_attachment":"inherit","global_user_border":"0","global_border_width":"","global_border_color":"","global_boder_style":"none","global_border_radius":"","global_margin":"","global_padding":"","global_use_animation":"1","global_animation":"fadeIn","global_animationduration":"","global_animationdelay":"400","hidden_md":"0","hidden_sm":"0","hidden_xs":"0","acl":null}}]}]},{"id":1486028393398,"visibility":true,"collapse":false,"settings":{"admin_label":"App Screenshots ","title":"Home Screen ","heading_selector":"h3","title_fontsize":"46","title_fontweight":"100","title_text_color":"","title_margin_top":"","title_margin_bottom":"","subtitle":"Lorem ipsum dolor sit amet, consectetur adipisicing elit","subtitle_fontsize":"18","title_position":"sppb-text-center","columns_equal_height":"0","fullscreen":"0","no_gutter":"0","id":"","class":"","padding":"150px 0px 150px 0px","margin":"0px 0px 0px 0px","color":"rgba(255, 255, 255, 1)","background_color":"","background_image":"https://sppagebuilder.com/sample-data/images/2017/02/02/bg-image.jpg","overlay":"","background_repeat":"no-repeat","background_size":"cover","background_attachment":"inherit","background_position":"50% 50%","background_video":"0","background_video_mp4":"","background_video_ogv":"","hidden_xs":"","hidden_sm":"","hidden_md":"","animation":"","animationduration":"300","animationdelay":"0"},"layout":"3,3,3,3","columns":[{"id":1486028393399,"class_name":"col-md-3","visibility":true,"settings":{"color":"","background":"","background_image":"","overlay":"","background_repeat":"no-repeat","background_size":"cover","background_attachment":"scroll","background_position":"0 0","padding":"","class":"","sm_col":"","xs_col":"","hidden_xs":"","hidden_sm":"","hidden_md":"","animation":"fadeInLeft","animationduration":"","animationdelay":"800"},"addons":[{"id":1486031035571,"name":"image","visibility":true,"settings":{"admin_label":"Screenshot 1","title":"","heading_selector":"h3","title_fontsize":"","title_lineheight":"","title_fontstyle":null,"title_letterspace":"0","title_fontweight":"","title_text_color":"","title_margin_top":"","title_margin_bottom":"","image":"https://sppagebuilder.com/sample-data/images/2017/02/02/screenshot1.png","alt_text":"app screenshot","position":"sppb-text-center","open_lightbox":"0","overlay_color":"rgba(119, 219, 31, 0.5)","link":"","target":"","class":"","global_text_color":"","global_link_color":"","global_link_hover_color":"","global_use_background":"0","global_background_color":"","global_background_image":"","global_background_repeat":"no-repeat","global_background_size":"cover","global_background_attachment":"inherit","global_user_border":"0","global_border_width":"","global_border_color":"","global_boder_style":"none","global_border_radius":"","global_margin":"","global_padding":"","global_use_animation":"0","global_animation":"","global_animationduration":"300","global_animationdelay":"0","hidden_md":"0","hidden_sm":"0","hidden_xs":"0","acl":null}}]},{"id":1486028393404,"class_name":"col-md-3","visibility":true,"settings":{"color":"","background":"","background_image":"","overlay":"","background_repeat":"no-repeat","background_size":"cover","background_attachment":"scroll","background_position":"0 0","padding":"","class":"","sm_col":"","xs_col":"","hidden_xs":"","hidden_sm":"","hidden_md":"","animation":"fadeInLeft","animationduration":"","animationdelay":"600"},"addons":[{"id":1486028393409,"name":"image","visibility":true,"settings":{"admin_label":"Screenshot 2","title":"","heading_selector":"h3","title_fontsize":"","title_lineheight":"","title_fontstyle":null,"title_letterspace":"0","title_fontweight":"","title_text_color":"","title_margin_top":"","title_margin_bottom":"","image":"https://sppagebuilder.com/sample-data/images/2017/02/02/screenshot2.png","alt_text":"app screenshot","position":"sppb-text-center","open_lightbox":"0","overlay_color":"rgba(119, 219, 31, 0.5)","link":"","target":"","class":"","global_text_color":"","global_link_color":"","global_link_hover_color":"","global_use_background":"0","global_background_color":"","global_background_image":"","global_background_repeat":"no-repeat","global_background_size":"cover","global_background_attachment":"inherit","global_user_border":"0","global_border_width":"","global_border_color":"","global_boder_style":"none","global_border_radius":"","global_margin":"","global_padding":"","global_use_animation":"0","global_animation":"","global_animationduration":"300","global_animationdelay":"0","hidden_md":"0","hidden_sm":"0","hidden_xs":"0","acl":null}}]},{"id":1486028393405,"class_name":"col-md-3","visibility":true,"settings":{"color":"","background":"","background_image":"","overlay":"","background_repeat":"no-repeat","background_size":"cover","background_attachment":"scroll","background_position":"0 0","padding":"","class":"","sm_col":"","xs_col":"","hidden_xs":"","hidden_sm":"","hidden_md":"","animation":"fadeInLeft","animationduration":"","animationdelay":"200"},"addons":[{"id":1486028393412,"name":"image","visibility":true,"settings":{"admin_label":"Screenshot 3","title":"","heading_selector":"h3","title_fontsize":"","title_lineheight":"","title_fontstyle":null,"title_letterspace":"0","title_fontweight":"","title_text_color":"","title_margin_top":"","title_margin_bottom":"","image":"https://sppagebuilder.com/sample-data/images/2017/02/02/screenshot3.png","alt_text":"app screenshot","position":"sppb-text-center","open_lightbox":"0","overlay_color":"rgba(119, 219, 31, 0.5)","link":"","target":"","class":"","global_text_color":"","global_link_color":"","global_link_hover_color":"","global_use_background":"0","global_background_color":"","global_background_image":"","global_background_repeat":"no-repeat","global_background_size":"cover","global_background_attachment":"inherit","global_user_border":"0","global_border_width":"","global_border_color":"","global_boder_style":"none","global_border_radius":"","global_margin":"","global_padding":"","global_use_animation":"0","global_animation":"","global_animationduration":"300","global_animationdelay":"0","hidden_md":"0","hidden_sm":"0","hidden_xs":"0","acl":null}}]},{"id":1486028393406,"class_name":"col-md-3","visibility":true,"settings":{"color":"","background":"","background_image":"","overlay":"","background_repeat":"no-repeat","background_size":"cover","background_attachment":"scroll","background_position":"0 0","padding":"","class":"","sm_col":"","xs_col":"","hidden_xs":"","hidden_sm":"","hidden_md":"","animation":"fadeInLeft","animationduration":"","animationdelay":""},"addons":[{"id":1486028393415,"name":"image","visibility":true,"settings":{"admin_label":"Screenshot 4","title":"","heading_selector":"h3","title_fontsize":"","title_lineheight":"","title_fontstyle":null,"title_letterspace":"0","title_fontweight":"","title_text_color":"","title_margin_top":"","title_margin_bottom":"","image":"https://sppagebuilder.com/sample-data/images/2017/02/02/screenshot4.png","alt_text":"app screenshot","position":"sppb-text-center","open_lightbox":"0","overlay_color":"rgba(119, 219, 31, 0.5)","link":"","target":"","class":"","global_text_color":"","global_link_color":"","global_link_hover_color":"","global_use_background":"0","global_background_color":"","global_background_image":"","global_background_repeat":"no-repeat","global_background_size":"cover","global_background_attachment":"inherit","global_user_border":"0","global_border_width":"","global_border_color":"","global_boder_style":"none","global_border_radius":"","global_margin":"","global_padding":"","global_use_animation":"0","global_animation":"","global_animationduration":"300","global_animationdelay":"0","hidden_md":"0","hidden_sm":"0","hidden_xs":"0","acl":null}}]}]},{"id":1486035093085,"visibility":true,"collapse":false,"settings":{"admin_label":"What is New!","title":"","heading_selector":"h3","title_fontsize":"","title_fontweight":"","title_text_color":"","title_margin_top":"","title_margin_bottom":"","subtitle":"","subtitle_fontsize":"","title_position":"sppb-text-center","columns_equal_height":"0","fullscreen":"0","no_gutter":"0","id":"","class":"","padding":"150px 0px 50px 0px","margin":"0px 0px 0px 0px","color":"","background_color":"","background_image":"","overlay":"","background_repeat":"no-repeat","background_size":"cover","background_attachment":"fixed","background_position":"0 0","background_video":"0","background_video_mp4":"","background_video_ogv":"","hidden_xs":"","hidden_sm":"","hidden_md":"","animation":"","animationduration":"300","animationdelay":"0"},"layout":"5,7","columns":[{"id":1486035093086,"class_name":"col-md-5","visibility":true,"settings":{},"addons":[{"id":1486035093089,"name":"feature","visibility":true,"settings":{"admin_label":"","title":"What is New! ","heading_selector":"h3","title_position":"before","title_fontsize":"46","title_lineheight":"","title_fontstyle":["lighter"],"title_letterspace":"0","title_fontweight":"","title_text_color":"","title_margin_top":"","title_margin_bottom":"40","title_url":"","url_appear":"title","feature_type":"icon","feature_image":"","icon_name":"","icon_size":"36","icon_color":"","icon_background":"","icon_border_color":"","icon_border_width":"","icon_border_radius":"","icon_margin_top":"","icon_margin_bottom":"","icon_padding":"","text":"\t\t\t\tIf the screen appears blank when trying to view related services or web pages in LINE, please update to the latest version of Android System WebView.","alignment":"sppb-text-left","class":"","global_text_color":"","global_link_color":"","global_link_hover_color":"","global_use_background":"0","global_background_color":"","global_background_image":"","global_background_repeat":"no-repeat","global_background_size":"cover","global_background_attachment":"inherit","global_user_border":"0","global_border_width":"","global_border_color":"","global_boder_style":"none","global_border_radius":"","global_margin":"75px 0 34px 0","global_padding":"","global_use_animation":"0","global_animation":"","global_animationduration":"300","global_animationdelay":"0","hidden_md":"0","hidden_sm":"0","hidden_xs":"0","acl":null}},{"id":1486098778778,"name":"feature","visibility":true,"settings":{"admin_label":"","title":"Group video calls with friends, family and roommates","heading_selector":"h3","title_position":"left","title_fontsize":"16","title_lineheight":"","title_fontstyle":["normal"],"title_letterspace":"0","title_fontweight":"","title_text_color":"","title_margin_top":"","title_margin_bottom":"","title_url":"","url_appear":"title","feature_type":"icon","feature_image":"","icon_name":"fa-check","icon_size":"16","icon_color":"rgba(59, 119, 253, 1)","icon_background":"","icon_border_color":"","icon_border_width":"","icon_border_radius":"","icon_margin_top":"","icon_margin_bottom":"","icon_padding":"","text":"\t\t\t","alignment":"sppb-text-left","class":"","global_text_color":"","global_link_color":"","global_link_hover_color":"","global_use_background":"0","global_background_color":"","global_background_image":"","global_background_repeat":"no-repeat","global_background_size":"cover","global_background_attachment":"inherit","global_user_border":"0","global_border_width":"","global_border_color":"","global_boder_style":"none","global_border_radius":"","global_margin":"0 0 5px 0","global_padding":"","global_use_animation":"0","global_animation":"","global_animationduration":"300","global_animationdelay":"0","hidden_md":"0","hidden_sm":"0","hidden_xs":"0","acl":null}},{"id":1486098188575,"name":"feature","visibility":true,"settings":{"admin_label":"","title":"Share photos and videos","heading_selector":"h3","title_position":"left","title_fontsize":"16","title_lineheight":"","title_fontstyle":["normal"],"title_letterspace":"0","title_fontweight":"","title_text_color":"","title_margin_top":"","title_margin_bottom":"","title_url":"","url_appear":"title","feature_type":"icon","feature_image":"","icon_name":"fa-check","icon_size":"16","icon_color":"rgba(59, 119, 253, 1)","icon_background":"","icon_border_color":"","icon_border_width":"","icon_border_radius":"","icon_margin_top":"","icon_margin_bottom":"","icon_padding":"","text":"\t\t\t","alignment":"sppb-text-left","class":"","global_text_color":"","global_link_color":"","global_link_hover_color":"","global_use_background":"0","global_background_color":"","global_background_image":"","global_background_repeat":"no-repeat","global_background_size":"cover","global_background_attachment":"inherit","global_user_border":"0","global_border_width":"","global_border_color":"","global_boder_style":"none","global_border_radius":"","global_margin":"0 0 5px 0","global_padding":"","global_use_animation":"0","global_animation":"","global_animationduration":"300","global_animationdelay":"0","hidden_md":"0","hidden_sm":"0","hidden_xs":"0","acl":null}},{"id":1486098188596,"name":"feature","visibility":true,"settings":{"admin_label":"","title":"Express you self with hundreds of free stickers!","heading_selector":"h3","title_position":"left","title_fontsize":"16","title_lineheight":"","title_fontstyle":["normal"],"title_letterspace":"0","title_fontweight":"","title_text_color":"","title_margin_top":"","title_margin_bottom":"","title_url":"","url_appear":"title","feature_type":"icon","feature_image":"","icon_name":"fa-check","icon_size":"16","icon_color":"rgba(59, 119, 253, 1)","icon_background":"","icon_border_color":"","icon_border_width":"","icon_border_radius":"","icon_margin_top":"","icon_margin_bottom":"","icon_padding":"","text":"\t\t\t","alignment":"sppb-text-left","class":"","global_text_color":"","global_link_color":"","global_link_hover_color":"","global_use_background":"0","global_background_color":"","global_background_image":"","global_background_repeat":"no-repeat","global_background_size":"cover","global_background_attachment":"inherit","global_user_border":"0","global_border_width":"","global_border_color":"","global_boder_style":"none","global_border_radius":"","global_margin":"0 0 5px 0","global_padding":"","global_use_animation":"0","global_animation":"","global_animationduration":"300","global_animationdelay":"0","hidden_md":"0","hidden_sm":"0","hidden_xs":"0","acl":null}},{"id":1486098188593,"name":"feature","visibility":true,"settings":{"admin_label":"","title":"Encrypted chats and calls","heading_selector":"h3","title_position":"left","title_fontsize":"16","title_lineheight":"","title_fontstyle":["normal"],"title_letterspace":"0","title_fontweight":"","title_text_color":"","title_margin_top":"","title_margin_bottom":"","title_url":"","url_appear":"title","feature_type":"icon","feature_image":"","icon_name":"fa-check","icon_size":"16","icon_color":"rgba(59, 119, 253, 1)","icon_background":"","icon_border_color":"","icon_border_width":"","icon_border_radius":"","icon_margin_top":"","icon_margin_bottom":"","icon_padding":"","text":"\t\t\t","alignment":"sppb-text-left","class":"","global_text_color":"","global_link_color":"","global_link_hover_color":"","global_use_background":"0","global_background_color":"","global_background_image":"","global_background_repeat":"no-repeat","global_background_size":"cover","global_background_attachment":"inherit","global_user_border":"0","global_border_width":"","global_border_color":"","global_boder_style":"none","global_border_radius":"","global_margin":"0 0 5px 0","global_padding":"","global_use_animation":"0","global_animation":"","global_animationduration":"300","global_animationdelay":"0","hidden_md":"0","hidden_sm":"0","hidden_xs":"0","acl":null}},{"id":1486098188590,"name":"feature","visibility":true,"settings":{"admin_label":"","title":"Optimized for Android tablets","heading_selector":"h3","title_position":"left","title_fontsize":"16","title_lineheight":"","title_fontstyle":["normal"],"title_letterspace":"0","title_fontweight":"","title_text_color":"","title_margin_top":"","title_margin_bottom":"","title_url":"","url_appear":"title","feature_type":"icon","feature_image":"","icon_name":"fa-check","icon_size":"16","icon_color":"rgba(59, 119, 253, 1)","icon_background":"","icon_border_color":"","icon_border_width":"","icon_border_radius":"","icon_margin_top":"","icon_margin_bottom":"","icon_padding":"","text":"\t\t\t","alignment":"sppb-text-left","class":"","global_text_color":"","global_link_color":"","global_link_hover_color":"","global_use_background":"0","global_background_color":"","global_background_image":"","global_background_repeat":"no-repeat","global_background_size":"cover","global_background_attachment":"inherit","global_user_border":"0","global_border_width":"","global_border_color":"","global_boder_style":"none","global_border_radius":"","global_margin":"0 0 5px 0","global_padding":"","global_use_animation":"0","global_animation":"","global_animationduration":"300","global_animationdelay":"0","hidden_md":"0","hidden_sm":"0","hidden_xs":"0","acl":null}},{"id":1486098188599,"name":"feature","visibility":true,"settings":{"admin_label":"","title":"Avoid SMS and phone call charges","heading_selector":"h3","title_position":"left","title_fontsize":"16","title_lineheight":"","title_fontstyle":["normal"],"title_letterspace":"0","title_fontweight":"","title_text_color":"","title_margin_top":"","title_margin_bottom":"","title_url":"","url_appear":"title","feature_type":"icon","feature_image":"","icon_name":"fa-check","icon_size":"16","icon_color":"rgba(59, 119, 253, 1)","icon_background":"","icon_border_color":"","icon_border_width":"","icon_border_radius":"","icon_margin_top":"","icon_margin_bottom":"","icon_padding":"","text":"\t\t\t","alignment":"sppb-text-left","class":"","global_text_color":"","global_link_color":"","global_link_hover_color":"","global_use_background":"0","global_background_color":"","global_background_image":"","global_background_repeat":"no-repeat","global_background_size":"cover","global_background_attachment":"inherit","global_user_border":"0","global_border_width":"","global_border_color":"","global_boder_style":"none","global_border_radius":"","global_margin":"0 0 5px 0","global_padding":"","global_use_animation":"0","global_animation":"","global_animationduration":"300","global_animationdelay":"0","hidden_md":"0","hidden_sm":"0","hidden_xs":"0","acl":null}}]},{"id":1486035093090,"class_name":"col-md-7","visibility":true,"settings":{},"addons":[{"id":1486035093093,"name":"image","visibility":true,"settings":{"admin_label":"App Screenshot   ","title":"","heading_selector":"h3","title_fontsize":"","title_lineheight":"","title_fontstyle":null,"title_letterspace":"0","title_fontweight":"","title_text_color":"","title_margin_top":"","title_margin_bottom":"","image":"https://sppagebuilder.com/sample-data/images/2017/02/02/app-layout.png","alt_text":"App layout","position":"sppb-text-center","open_lightbox":"0","overlay_color":"rgba(119, 219, 31, 0.5)","link":"","target":"","class":"","global_text_color":"","global_link_color":"","global_link_hover_color":"","global_use_background":"0","global_background_color":"","global_background_image":"","global_background_repeat":"no-repeat","global_background_size":"cover","global_background_attachment":"inherit","global_user_border":"0","global_border_width":"","global_border_color":"","global_boder_style":"none","global_border_radius":"","global_margin":"","global_padding":"","global_use_animation":"0","global_animation":"","global_animationduration":"300","global_animationdelay":"0","hidden_md":"0","hidden_sm":"0","hidden_xs":"0","acl":null}}]}]},{"id":1486104850263,"visibility":true,"collapse":false,"settings":{"admin_label":"App Demo Video","title":"","heading_selector":"h3","title_fontsize":"","title_fontweight":"","title_text_color":"","title_margin_top":"","title_margin_bottom":"","subtitle":"","subtitle_fontsize":"","title_position":"sppb-text-center","columns_equal_height":"0","fullscreen":"0","no_gutter":"0","id":"","class":"take-a-tour","padding":"250px 0px 250px 0px","margin":"0px 0px 0px 0px","color":"rgba(255, 255, 255, 1)","background_color":"","background_image":"https://sppagebuilder.com/sample-data/images/2017/02/03/video.jpg","overlay":"","background_repeat":"no-repeat","background_size":"cover","background_attachment":"inherit","background_position":"50% 50%","background_video":"0","background_video_mp4":"","background_video_ogv":"","hidden_xs":"","hidden_sm":"","hidden_md":"","animation":"","animationduration":"300","animationdelay":"0"},"layout":"6,6","columns":[{"id":1484218475107,"class_name":"col-md-6","visibility":true,"settings":{},"addons":[{"id":1484218475124,"name":"modal","visibility":true,"settings":{"admin_label":"Video link","modal_selector":"icon","button_text":"Button Text","button_fontstyle":null,"button_letterspace":"0","button_type":"default","button_appearance":"","button_background_color":"#444444","button_color":"#ffffff","button_background_color_hover":"#222222","button_color_hover":"#ffffff","button_size":"","button_shape":"rounded","button_block":"","button_icon":"","button_icon_position":"left","selector_image":"","selector_icon_name":"fa-play-circle-o","selector_icon_size":"92","selector_icon_color":"rgba(255, 255, 255, 1)","selector_icon_background":"","selector_icon_border_color":"","selector_icon_border_width":"","selector_icon_border_radius":"","selector_icon_padding":"","modal_content_type":"video","modal_content_text":"\t\t\t\t\tKevin chicken fatback sirloin ball tip, flank meatloaf t-bone. Meatloaf shankle swine pancetta biltong capicola ham hock meatball. Shoulder bacon andouille ground round pancetta pastrami. Sirloin beef ribs tenderloin rump corned beef filet mignon capicola kielbasa drumstick chuck turducken beef t-bone ribeye. Pork loin ground round t-bone chuck beef ribs swine pastrami cow. Venison tenderloin drumstick, filet mignon salami jowl sausage shank hamburger meatball ribeye kevin tri-tip. Swine kielbasa tenderloin fatback pork shankle andouille, flank frankfurter jerky chicken tri-tip jowl leberkas.&lt;br&gt;&lt;br&gt;Pancetta chicken pork belly beef cow kielbasa fatback sirloin biltong andouille bacon. Sirloin beef tenderloin porchetta, jerky tri-tip andouille sausage landjaeger shank bresaola short ribs tongue meatloaf fatback. Kielbasa pancetta shoulder tri-tip pastrami filet mignon ham corned beef prosciutto doner beef ribs. Doner sausage ham hock, shoulder sirloin pancetta boudin filet mignon chuck. Meatball ham hock beef, filet mignon tri-tip andouille venison ground round chuck turducken drumstick.","modal_content_image":"","modal_content_video_url":"https://www.youtube.com/watch?v=fDlDl5IEaB8","modal_popup_width":"760","modal_popup_height":"440","alignment":"sppb-text-right","class":"","global_text_color":"","global_link_color":"","global_link_hover_color":"","global_use_background":"0","global_background_color":"","global_background_image":"","global_background_repeat":"no-repeat","global_background_size":"cover","global_background_attachment":"inherit","global_user_border":"0","global_border_width":"","global_border_color":"","global_boder_style":"none","global_border_radius":"","global_margin":"","global_padding":"","global_use_animation":"0","global_animation":"","global_animationduration":"300","global_animationdelay":"0","hidden_md":"0","hidden_sm":"0","hidden_xs":"0","acl":null}}]},{"id":1484218475108,"class_name":"col-md-6","visibility":true,"settings":{"color":"","background":"","background_image":"","overlay":"","background_repeat":"no-repeat","background_size":"cover","background_attachment":"scroll","background_position":"0 0","padding":"0px 5px 0px 0px","class":"","sm_col":"","xs_col":"","hidden_xs":"","hidden_sm":"","hidden_md":"","animation":"","animationduration":"300","animationdelay":"0"},"addons":[{"id":1484218475114,"name":"text_block","visibility":true,"settings":{"admin_label":"Take a Tour","title":"Take a Tour","heading_selector":"h3","title_fontsize":"24","title_lineheight":"","title_fontstyle":null,"title_letterspace":"0","title_fontweight":"","title_text_color":"","title_margin_top":"32","title_margin_bottom":"","text":"\t\t\t\t","alignment":"sppb-text-left","class":"","global_text_color":"","global_link_color":"","global_link_hover_color":"","global_use_background":"0","global_background_color":"","global_background_image":"","global_background_repeat":"no-repeat","global_background_size":"cover","global_background_attachment":"inherit","global_user_border":"0","global_border_width":"","global_border_color":"","global_boder_style":"none","global_border_radius":"","global_margin":"","global_padding":"","global_use_animation":"0","global_animation":"","global_animationduration":"300","global_animationdelay":"0","hidden_md":"0","hidden_sm":"0","hidden_xs":"0","acl":null}}]}]},{"id":1486099675746,"visibility":true,"collapse":false,"settings":{"admin_label":"App Reviews","title":"","heading_selector":"h3","title_fontsize":"","title_fontweight":"","title_text_color":"","title_margin_top":"","title_margin_bottom":"","subtitle":"","subtitle_fontsize":"","title_position":"sppb-text-center","columns_equal_height":"0","fullscreen":"0","no_gutter":"0","id":"","class":"","padding":"110px 0px 130px 0px","margin":"0px 0px 0px 0px","color":"","background_color":"","background_image":"","overlay":"","background_repeat":"no-repeat","background_size":"cover","background_attachment":"fixed","background_position":"0 0","background_video":"0","background_video_mp4":"","background_video_ogv":"","hidden_xs":"","hidden_sm":"","hidden_md":"","animation":"","animationduration":"300","animationdelay":"0"},"layout":"6,6","columns":[{"id":1486099675747,"class_name":"col-md-6","visibility":true,"settings":{"color":"","background":"","background_image":"","overlay":"","background_repeat":"no-repeat","background_size":"cover","background_attachment":"scroll","background_position":"0 0","padding":"0 75px 0 0","class":"","sm_col":"","xs_col":"","hidden_xs":"","hidden_sm":"","hidden_md":"","animation":"","animationduration":"300","animationdelay":"0"},"addons":[{"id":1486100514205,"name":"heading","visibility":true,"settings":{"admin_label":"","title":"Testimonial","heading_selector":"h2","use_link":"0","title_link":"","link_new_tab":"0","title_fontsize":"46","title_fontstyle":["lighter"],"title_lineheight":"","title_letterspace":"0","title_margin":"0px 0px 52px 0px","title_padding":"0px 0px 0px 0px","alignment":"sppb-text-left","class":"","global_text_color":"","global_link_color":"","global_link_hover_color":"","global_use_background":"0","global_background_color":"","global_background_image":"","global_background_repeat":"no-repeat","global_background_size":"cover","global_background_attachment":"inherit","global_user_border":"0","global_border_width":"","global_border_color":"","global_boder_style":"none","global_border_radius":"","global_margin":"","global_padding":"","global_use_animation":"0","global_animation":"","global_animationduration":"300","global_animationdelay":"0","hidden_md":"0","hidden_sm":"0","hidden_xs":"0","acl":null}},{"id":1486100344105,"name":"feature","visibility":true,"settings":{"admin_label":"","title":"jakson Stoner","heading_selector":"h3","title_position":"left","title_fontsize":"16","title_lineheight":"","title_fontstyle":["uppercase","bold"],"title_letterspace":"0","title_fontweight":"","title_text_color":"","title_margin_top":"","title_margin_bottom":"10","title_url":"","url_appear":"title","feature_type":"image","feature_image":"https://sppagebuilder.com/sample-data/images/2017/02/03/client1.png","icon_name":"","icon_size":"36","icon_color":"","icon_background":"","icon_border_color":"","icon_border_width":"","icon_border_radius":"","icon_margin_top":"","icon_margin_bottom":"","icon_padding":"","text":"<img class=\"\" src=\"https://sppagebuilder.com/sample-data/images/2017/02/01/star.png\" alt=\"\" width=\"66\" height=\"14\" /><br /><em>Lorem ipsum dolor sit amet, cons ectetur adipisicing elit, sed do eiusmod tempor .reet dolore magna aliqua. Ut enim ad minim veniam, quis nostrud exercitation.</em>","alignment":"sppb-text-left","class":"","global_text_color":"","global_link_color":"","global_link_hover_color":"","global_use_background":"0","global_background_color":"","global_background_image":"","global_background_repeat":"no-repeat","global_background_size":"cover","global_background_attachment":"inherit","global_user_border":"0","global_border_width":"","global_border_color":"","global_boder_style":"none","global_border_radius":"","global_margin":"","global_padding":"","global_use_animation":"0","global_animation":"","global_animationduration":"300","global_animationdelay":"0","hidden_md":"0","hidden_sm":"0","hidden_xs":"0","acl":null}}]},{"id":1486099675750,"class_name":"col-md-6","visibility":true,"settings":{},"addons":[{"id":1486100859594,"name":"heading","visibility":true,"settings":{"admin_label":"","title":"Reviews","heading_selector":"h2","use_link":"0","title_link":"","link_new_tab":"0","title_fontsize":"46","title_fontstyle":["lighter"],"title_lineheight":"","title_letterspace":"0","title_margin":"0px 0px 52px 0px","title_padding":"0px 0px 0px 0px","alignment":"sppb-text-left","class":"","global_text_color":"","global_link_color":"","global_link_hover_color":"","global_use_background":"0","global_background_color":"","global_background_image":"","global_background_repeat":"no-repeat","global_background_size":"cover","global_background_attachment":"inherit","global_user_border":"0","global_border_width":"","global_border_color":"","global_boder_style":"none","global_border_radius":"","global_margin":"","global_padding":"","global_use_animation":"0","global_animation":"","global_animationduration":"300","global_animationdelay":"0","hidden_md":"0","hidden_sm":"0","hidden_xs":"0","acl":null}},{"id":1486100859597,"type":"inner_row","settings":{"admin_label":"","title":"","heading_selector":"h3","title_fontsize":"","title_fontweight":"","title_text_color":"","title_margin_top":"","title_margin_bottom":"","subtitle":"","subtitle_fontsize":"","title_position":"sppb-text-center","columns_equal_height":"0","fullscreen":"0","no_gutter":"0","id":"","class":"","padding":"0 0px 0 0px","margin":"0px 0px 0px 0px","color":"","background_color":"","background_image":"","overlay":"","background_repeat":"no-repeat","background_size":"cover","background_attachment":"fixed","background_position":"0 0","background_video":"0","background_video_mp4":"","background_video_ogv":"","hidden_xs":"","hidden_sm":"","hidden_md":"","animation":"","animationduration":"300","animationdelay":"0"},"layout":"4,8","visibility":true,"columns":[{"id":1486100859598,"class_name":"col-md-4","visibility":true,"settings":{},"addons":[{"id":1486101531752,"name":"feature","visibility":true,"settings":{"admin_label":"","title":"4.2","heading_selector":"h3","title_position":"before","title_fontsize":"57","title_lineheight":"","title_fontstyle":["lighter"],"title_letterspace":"0","title_fontweight":"","title_text_color":"","title_margin_top":"","title_margin_bottom":"","title_url":"","url_appear":"title","feature_type":"icon","feature_image":"","icon_name":"","icon_size":"36","icon_color":"","icon_background":"","icon_border_color":"","icon_border_width":"","icon_border_radius":"","icon_margin_top":"","icon_margin_bottom":"","icon_padding":"","text":"<span style=\"display: inline-block;\"><img class=\"\" src=\"https://sppagebuilder.com/sample-data/images/2017/02/01/star.png\" alt=\"\" width=\"66\" height=\"14\" /></span><br />8,853,907 total","alignment":"sppb-text-center","class":"","global_text_color":"","global_link_color":"","global_link_hover_color":"","global_use_background":"0","global_background_color":"","global_background_image":"","global_background_repeat":"no-repeat","global_background_size":"cover","global_background_attachment":"inherit","global_user_border":"0","global_border_width":"","global_border_color":"","global_boder_style":"none","global_border_radius":"","global_margin":"-8px 0 0 0","global_padding":"","global_use_animation":"0","global_animation":"","global_animationduration":"300","global_animationdelay":"0","hidden_md":"0","hidden_sm":"0","hidden_xs":"0","acl":null},"htmlContent":"<div id=\"sppb-addon-1486101531752\" class=\"clearfix\" ><div class=\"sppb-addon sppb-addon-feature sppb-text-center \"><div class=\"sppb-addon-content\"><h3 class=\"sppb-addon-title sppb-feature-box-title\">4.2</h3><div class=\"sppb-addon-text\">\t\t<span style=\"display: inline-block;\"><img class=\"\" src=\"https://sppagebuilder.com/sample-data/images/templates/star.png\" alt=\"\" width=\"66\" height=\"14\" /></span><br />8,853,907 total</div></div></div></div>","assets":{"css":"#sppb-addon-1486101531752 {\nmargin: -8px 0 0 0;\n}\n#sppb-addon-1486101531752 .sppb-addon-title {\nfont-size:57px;line-height:57px;font-weight: lighter;}\n"}}]},{"id":1486100859601,"class_name":"col-md-8","visibility":true,"settings":{},"addons":[{"id":1486101620680,"name":"progress_bar","visibility":true,"settings":{"admin_label":"","progress":"90","bar_height":"24","type":"custom","bar_background":"rgba(250, 250, 250, 1)","progress_bar_background":"rgba(91, 208, 235, 1)","stripped":"","text":"5 Star","active":"","show_percentage":"0","class":"","global_text_color":"","global_link_color":"","global_link_hover_color":"","global_use_background":"0","global_background_color":"","global_background_image":"","global_background_repeat":"no-repeat","global_background_size":"cover","global_background_attachment":"inherit","global_user_border":"0","global_border_width":"","global_border_color":"","global_boder_style":"none","global_border_radius":"","global_margin":"0 0 0 0","global_padding":"","global_use_animation":"0","global_animation":"","global_animationduration":"300","global_animationdelay":"0","hidden_md":"0","hidden_sm":"0","hidden_xs":"0","acl":null},"htmlContent":"<div id=\"sppb-addon-1486101620680\" class=\"clearfix\" ><div class=\"sppb-progress \"><div class=\"sppb-progress-bar custom  \" role=\"progressbar\" aria-valuenow=\"90\" aria-valuemin=\"0\" aria-valuemax=\"100\" data-width=\"90%\">5 Star</div></div></div>","assets":{"css":"#sppb-addon-1486101620680 {\nmargin: 0 0 0 0;\n}\n#sppb-addon-1486101620680 .sppb-progress {height: 24px;}#sppb-addon-1486101620680 .sppb-progress-bar {line-height: 24px;}#sppb-addon-1486101620680 .sppb-progress {background-color: rgba(250, 250, 250, 1);}#sppb-addon-1486101620680 .sppb-progress-bar {background-color: rgba(91, 208, 235, 1);}"}},{"id":1486100859616,"name":"progress_bar","visibility":true,"settings":{"admin_label":"","progress":"73","bar_height":"24","type":"custom","bar_background":"rgba(250, 250, 250, 1)","progress_bar_background":"rgba(99, 225, 182, 1)","stripped":"","text":"4 Star","active":"","show_percentage":"0","class":"","global_text_color":"","global_link_color":"","global_link_hover_color":"","global_use_background":"0","global_background_color":"","global_background_image":"","global_background_repeat":"no-repeat","global_background_size":"cover","global_background_attachment":"inherit","global_user_border":"0","global_border_width":"","global_border_color":"","global_boder_style":"none","global_border_radius":"","global_margin":"-10px 0 0 0","global_padding":"","global_use_animation":"0","global_animation":"","global_animationduration":"300","global_animationdelay":"0","hidden_md":"0","hidden_sm":"0","hidden_xs":"0","acl":null},"htmlContent":"<div id=\"sppb-addon-1486100859616\" class=\"clearfix\" ><div class=\"sppb-progress \"><div class=\"sppb-progress-bar custom  \" role=\"progressbar\" aria-valuenow=\"73\" aria-valuemin=\"0\" aria-valuemax=\"100\" data-width=\"73%\">4 Star</div></div></div>","assets":{"css":"#sppb-addon-1486100859616 {\nmargin: -10px 0 0 0;\n}\n#sppb-addon-1486100859616 .sppb-progress {height: 24px;}#sppb-addon-1486100859616 .sppb-progress-bar {line-height: 24px;}#sppb-addon-1486100859616 .sppb-progress {background-color: rgba(250, 250, 250, 1);}#sppb-addon-1486100859616 .sppb-progress-bar {background-color: rgba(99, 225, 182, 1);}"}},{"id":1486100859634,"name":"progress_bar","visibility":true,"settings":{"admin_label":"","progress":"53","bar_height":"24","type":"custom","bar_background":"rgba(250, 250, 250, 1)","progress_bar_background":"rgba(138, 224, 135, 1)","stripped":"","text":"3 Star","active":"","show_percentage":"0","class":"","global_text_color":"","global_link_color":"","global_link_hover_color":"","global_use_background":"0","global_background_color":"","global_background_image":"","global_background_repeat":"no-repeat","global_background_size":"cover","global_background_attachment":"inherit","global_user_border":"0","global_border_width":"","global_border_color":"","global_boder_style":"none","global_border_radius":"","global_margin":"-10px 0 0 0","global_padding":"","global_use_animation":"0","global_animation":"","global_animationduration":"300","global_animationdelay":"0","hidden_md":"0","hidden_sm":"0","hidden_xs":"0","acl":null},"htmlContent":"<div id=\"sppb-addon-1486100859634\" class=\"clearfix\" ><div class=\"sppb-progress \"><div class=\"sppb-progress-bar custom  \" role=\"progressbar\" aria-valuenow=\"53\" aria-valuemin=\"0\" aria-valuemax=\"100\" data-width=\"53%\">3 Star</div></div></div>","assets":{"css":"#sppb-addon-1486100859634 {\nmargin: -10px 0 0 0;\n}\n#sppb-addon-1486100859634 .sppb-progress {height: 24px;}#sppb-addon-1486100859634 .sppb-progress-bar {line-height: 24px;}#sppb-addon-1486100859634 .sppb-progress {background-color: rgba(250, 250, 250, 1);}#sppb-addon-1486100859634 .sppb-progress-bar {background-color: rgba(138, 224, 135, 1);}"}},{"id":1486100859629,"name":"progress_bar","visibility":true,"settings":{"admin_label":"","progress":"65","bar_height":"24","type":"custom","bar_background":"rgba(250, 250, 250, 1)","progress_bar_background":"rgba(195, 247, 114, 1)","stripped":"","text":"2 Star","active":"","show_percentage":"0","class":"","global_text_color":"","global_link_color":"","global_link_hover_color":"","global_use_background":"0","global_background_color":"","global_background_image":"","global_background_repeat":"no-repeat","global_background_size":"cover","global_background_attachment":"inherit","global_user_border":"0","global_border_width":"","global_border_color":"","global_boder_style":"none","global_border_radius":"","global_margin":"-10px 0 0 0","global_padding":"","global_use_animation":"0","global_animation":"","global_animationduration":"300","global_animationdelay":"0","hidden_md":"0","hidden_sm":"0","hidden_xs":"0","acl":null},"htmlContent":"<div id=\"sppb-addon-1486100859629\" class=\"clearfix\" ><div class=\"sppb-progress \"><div class=\"sppb-progress-bar custom  \" role=\"progressbar\" aria-valuenow=\"65\" aria-valuemin=\"0\" aria-valuemax=\"100\" data-width=\"65%\">2 Star</div></div></div>","assets":{"css":"#sppb-addon-1486100859629 {\nmargin: -10px 0 0 0;\n}\n#sppb-addon-1486100859629 .sppb-progress {height: 24px;}#sppb-addon-1486100859629 .sppb-progress-bar {line-height: 24px;}#sppb-addon-1486100859629 .sppb-progress {background-color: rgba(250, 250, 250, 1);}#sppb-addon-1486100859629 .sppb-progress-bar {background-color: rgba(195, 247, 114, 1);}"}},{"id":1486100859639,"name":"progress_bar","visibility":true,"settings":{"admin_label":"","progress":"33","bar_height":"24","type":"custom","bar_background":"rgba(250, 250, 250, 1)","progress_bar_background":"rgba(247, 114, 114, 1)","stripped":"","text":"1 Star","active":"","show_percentage":"0","class":"","global_text_color":"","global_link_color":"","global_link_hover_color":"","global_use_background":"0","global_background_color":"","global_background_image":"","global_background_repeat":"no-repeat","global_background_size":"cover","global_background_attachment":"inherit","global_user_border":"0","global_border_width":"","global_border_color":"","global_boder_style":"none","global_border_radius":"","global_margin":"-10px 0 0 0","global_padding":"","global_use_animation":"0","global_animation":"","global_animationduration":"300","global_animationdelay":"0","hidden_md":"0","hidden_sm":"0","hidden_xs":"0","acl":null},"htmlContent":"<div id=\"sppb-addon-1486100859639\" class=\"clearfix\" ><div class=\"sppb-progress \"><div class=\"sppb-progress-bar custom  \" role=\"progressbar\" aria-valuenow=\"33\" aria-valuemin=\"0\" aria-valuemax=\"100\" data-width=\"33%\">1 Star</div></div></div>","assets":{"css":"#sppb-addon-1486100859639 {\nmargin: -10px 0 0 0;\n}\n#sppb-addon-1486100859639 .sppb-progress {height: 24px;}#sppb-addon-1486100859639 .sppb-progress-bar {line-height: 24px;}#sppb-addon-1486100859639 .sppb-progress {background-color: rgba(250, 250, 250, 1);}#sppb-addon-1486100859639 .sppb-progress-bar {background-color: rgba(247, 114, 114, 1);}"}}]}]}]}]},{"id":1486102603691,"visibility":true,"collapse":false,"settings":{"admin_label":"","title":"Download App","heading_selector":"h3","title_fontsize":"46","title_fontweight":"300","title_text_color":"","title_margin_top":"","title_margin_bottom":"","subtitle":"Lorem ipsum dolor sit amet, consectetur adipisicing elit","subtitle_fontsize":"18","title_position":"sppb-text-center","columns_equal_height":"0","fullscreen":"0","no_gutter":"0","id":"","class":"","padding":"144px 0px 138px 0px","margin":"0px 0px 0px 0px","color":"rgba(255, 255, 255, 1)","background_color":"","background_image":"https://sppagebuilder.com/sample-data/images/2017/02/03/cta-bg.jpg","overlay":"","background_repeat":"no-repeat","background_size":"cover","background_attachment":"inherit","background_position":"50% 50%","background_video":"0","background_video_mp4":"","background_video_ogv":"","hidden_xs":"","hidden_sm":"","hidden_md":"","animation":"","animationduration":"300","animationdelay":"0"},"layout":"4,3,5","columns":[{"id":1486102603692,"class_name":"col-md-4","visibility":true,"settings":{},"addons":[{"id":1486103110096,"name":"image","visibility":true,"settings":{"admin_label":"Apple Store link","title":"","heading_selector":"h3","title_fontsize":"","title_lineheight":"","title_fontstyle":null,"title_letterspace":"0","title_fontweight":"","title_text_color":"","title_margin_top":"","title_margin_bottom":"","image":"https://sppagebuilder.com/sample-data/images/2017/02/03/btn-app-store.png","alt_text":"App store","position":"sppb-text-right","open_lightbox":"0","overlay_color":"rgba(119, 219, 31, 0.5)","link":"#","target":"","class":"","global_text_color":"","global_link_color":"","global_link_hover_color":"","global_use_background":"0","global_background_color":"","global_background_image":"","global_background_repeat":"no-repeat","global_background_size":"cover","global_background_attachment":"inherit","global_user_border":"0","global_border_width":"","global_border_color":"","global_boder_style":"none","global_border_radius":"","global_margin":"0 -25px 0 0","global_padding":"","global_use_animation":"0","global_animation":"","global_animationduration":"300","global_animationdelay":"0","hidden_md":"0","hidden_sm":"0","hidden_xs":"0","acl":null}}]},{"id":1486103623443,"class_name":"col-md-3","visibility":true,"settings":{},"addons":[{"id":1486102603700,"name":"image","visibility":true,"settings":{"admin_label":"Google Play Store link","title":"","heading_selector":"h3","title_fontsize":"","title_lineheight":"","title_fontstyle":null,"title_letterspace":"0","title_fontweight":"","title_text_color":"","title_margin_top":"","title_margin_bottom":"","image":"https://sppagebuilder.com/sample-data/images/2017/02/03/btn-play-store.png","alt_text":"Google Play","position":"sppb-text-left","open_lightbox":"0","overlay_color":"rgba(119, 219, 31, 0.5)","link":"#","target":"","class":"","global_text_color":"","global_link_color":"","global_link_hover_color":"","global_use_background":"0","global_background_color":"","global_background_image":"","global_background_repeat":"no-repeat","global_background_size":"cover","global_background_attachment":"inherit","global_user_border":"0","global_border_width":"","global_border_color":"","global_boder_style":"none","global_border_radius":"","global_margin":"","global_padding":"","global_use_animation":"0","global_animation":"","global_animationduration":"300","global_animationdelay":"0","hidden_md":"0","hidden_sm":"0","hidden_xs":"0","acl":null}}]},{"id":1486103623444,"class_name":"col-md-5","visibility":true,"settings":{},"addons":[{"id":1486102603697,"name":"image","visibility":true,"settings":{"admin_label":"Windows Store link","title":"","heading_selector":"h3","title_fontsize":"","title_lineheight":"","title_fontstyle":null,"title_letterspace":"0","title_fontweight":"","title_text_color":"","title_margin_top":"","title_margin_bottom":"","image":"https://sppagebuilder.com/sample-data/images/2017/02/03/btn-windows-store.png","alt_text":"Windows store","position":"sppb-text-left","open_lightbox":"0","overlay_color":"rgba(119, 219, 31, 0.5)","link":"#","target":"","class":"","global_text_color":"","global_link_color":"","global_link_hover_color":"","global_use_background":"0","global_background_color":"","global_background_image":"","global_background_repeat":"no-repeat","global_background_size":"cover","global_background_attachment":"inherit","global_user_border":"0","global_border_width":"","global_border_color":"","global_boder_style":"none","global_border_radius":"","global_margin":"0 0 0 -43px","global_padding":"","global_use_animation":"0","global_animation":"","global_animationduration":"300","global_animationdelay":"0","hidden_md":"0","hidden_sm":"0","hidden_xs":"0","acl":null}}]}]}]
