[{"id":1486529041319,"visibility":true,"collapse":false,"settings":{"admin_label":"Hero Section","title":"","heading_selector":"h3","title_fontsize":"","title_fontweight":"","title_text_color":"","title_margin_top":"","title_margin_bottom":"","subtitle":"","subtitle_fontsize":"","title_position":"sppb-text-center","columns_equal_height":"0","fullscreen":"0","no_gutter":"0","id":"","class":"","padding":"220px 0px 235px 0px","margin":"0px 0px 0px 0px","color":"","background_color":"","background_image":"https://sppagebuilder.com/sample-data/images/2017/02/03/business-hero.jpg","overlay":"","background_repeat":"no-repeat","background_size":"cover","background_attachment":"inherit","background_position":"50% 50%","background_video":"0","background_video_mp4":"","background_video_ogv":"","hidden_xs":"","hidden_sm":"","hidden_md":"","animation":"","animationduration":"300","animationdelay":"0"},"layout":"9,3","columns":[{"id":1486018098901,"class_name":"col-md-9","visibility":true,"settings":{"color":"","background":"","background_image":"","overlay":"","background_repeat":"no-repeat","background_size":"cover","background_attachment":"scroll","background_position":"0 0","padding":"","class":"","sm_col":"","xs_col":"","hidden_xs":"","hidden_sm":"","hidden_md":"","animation":"","animationduration":"300","animationdelay":"0"},"addons":[{"id":1486539993035,"name":"feature","visibility":true,"settings":{"admin_label":"","title":"Fire Up Your Business With a Perfect Site","heading_selector":"h3","title_position":"before","title_fontsize":"70","title_lineheight":"80","title_fontstyle":["bold"],"title_letterspace":"0","title_fontweight":"","title_text_color":"","title_margin_top":"0","title_margin_bottom":"20","title_url":"","url_appear":"title","feature_type":"icon","feature_image":"","icon_name":"","icon_size":"36","icon_color":"","icon_background":"","icon_border_color":"","icon_border_width":"","icon_border_radius":"","icon_margin_top":"","icon_margin_bottom":"","icon_padding":"","text":"\t\t\t\t\t<span style=\"font-size: 24px;\">Lorem ipsum dolor sit amet, consectetur adipisicing<br />elit, sed do eiusmod tempor incididunt.</span>","alignment":"sppb-text-left","class":"","global_text_color":"","global_link_color":"","global_link_hover_color":"","global_use_background":"0","global_background_color":"","global_background_image":"","global_background_repeat":"no-repeat","global_background_size":"cover","global_background_attachment":"inherit","global_user_border":"0","global_border_width":"","global_border_color":"","global_boder_style":"none","global_border_radius":"","global_margin":"0 0 73px 0","global_padding":"","global_use_animation":"1","global_animation":"fadeInDown","global_animationduration":"","global_animationdelay":"100","hidden_md":"0","hidden_sm":"0","hidden_xs":"0","acl":null}},{"id":1486529041330,"name":"button","visibility":true,"settings":{"admin_label":"Get Started Now!","text":"Get Started Now!","alignment":"sppb-text-left","fontstyle":null,"letterspace":"0","url":"#","target":"","type":"custom","appearance":"","background_color":"rgba(34, 34, 34, 1)","color":"#ffffff","background_color_hover":"rgba(43, 215, 129, 1)","color_hover":"#ffffff","size":"xlg","shape":"rounded","block":"","icon":"","icon_position":"left","class":"","global_text_color":"","global_link_color":"","global_link_hover_color":"","global_use_background":"0","global_background_color":"","global_background_image":"","global_background_repeat":"no-repeat","global_background_size":"cover","global_background_attachment":"inherit","global_user_border":"0","global_border_width":"","global_border_color":"","global_boder_style":"none","global_border_radius":"3","global_margin":"","global_padding":"","global_use_animation":"1","global_animation":"fadeInUp","global_animationduration":"","global_animationdelay":"300","hidden_md":"0","hidden_sm":"0","hidden_xs":"0","acl":null}}]},{"id":1486025708587,"class_name":"col-md-3","visibility":true,"settings":{},"addons":[]}]},{"id":1486529314052,"visibility":true,"collapse":false,"settings":{"admin_label":"Mission & Vision ","title":"","heading_selector":"h3","title_fontsize":"","title_fontweight":"","title_text_color":"","title_margin_top":"","title_margin_bottom":"","subtitle":"","subtitle_fontsize":"","title_position":"sppb-text-center","columns_equal_height":"0","fullscreen":"0","no_gutter":"0","id":"","class":"","padding":"150px 0px 150px 0px","margin":"0px 0px 0px 0px","color":"","background_color":"rgba(250, 250, 250, 1)","background_image":"","overlay":"","background_repeat":"no-repeat","background_size":"cover","background_attachment":"fixed","background_position":"0 0","background_video":"0","background_video_mp4":"","background_video_ogv":"","hidden_xs":"","hidden_sm":"","hidden_md":"","animation":"","animationduration":"300","animationdelay":"0"},"layout":"6,3,3","columns":[{"id":1486529314053,"class_name":"col-md-6","visibility":true,"settings":{"color":"","background":"","background_image":"","overlay":"","background_repeat":"no-repeat","background_size":"cover","background_attachment":"scroll","background_position":"0 0","padding":"0 85px 0 0","class":"","sm_col":"","xs_col":"","hidden_xs":"","hidden_sm":"","hidden_md":"","animation":"","animationduration":"300","animationdelay":"0"},"addons":[{"id":1485944590893,"name":"feature","visibility":true,"settings":{"admin_label":"","title":"About Us","heading_selector":"h3","title_position":"before","title_fontsize":"22","title_lineheight":"","title_fontstyle":null,"title_letterspace":"1px","title_fontweight":"300","title_text_color":"","title_margin_top":"","title_margin_bottom":"10","title_url":"","url_appear":"title","feature_type":"icon","feature_image":"","icon_name":"","icon_size":"36","icon_color":"","icon_background":"","icon_border_color":"","icon_border_width":"","icon_border_radius":"","icon_margin_top":"","icon_margin_bottom":"","icon_padding":"","text":"<h3 style=\"font-size: 36px; line-height: 46px; font-weight: 300;\">SP Page Builder is Best <br />Personal Business Advisor.</h3>","alignment":"sppb-text-left","class":"","global_text_color":"","global_link_color":"","global_link_hover_color":"","global_use_background":"0","global_background_color":"","global_background_image":"","global_background_repeat":"no-repeat","global_background_size":"cover","global_background_attachment":"inherit","global_user_border":"0","global_border_width":"","global_border_color":"","global_boder_style":"none","global_border_radius":"","global_margin":"10px 0 0 0","global_padding":"","global_use_animation":"0","global_animation":"","global_animationduration":"300","global_animationdelay":"0","hidden_md":"0","hidden_sm":"0","hidden_xs":"0","acl":null}},{"id":1485944590896,"name":"text_block","visibility":true,"settings":{"admin_label":"Some info","title":"","heading_selector":"h3","title_fontsize":"","title_lineheight":"","title_fontstyle":null,"title_letterspace":"0","title_fontweight":"","title_text_color":"","title_margin_top":"","title_margin_bottom":"","text":"\t\tLorem ipsum dolor sit amet, consectetur adipisicing elit, sed do eiusmod tempor. incididunt ut labore et dolore magna aliqua. Ut enim ad minim veniam, quis nostrud exercitation.","alignment":"sppb-text-left","class":"","global_text_color":"","global_link_color":"","global_link_hover_color":"","global_use_background":"0","global_background_color":"","global_background_image":"","global_background_repeat":"no-repeat","global_background_size":"cover","global_background_attachment":"inherit","global_user_border":"0","global_border_width":"","global_border_color":"","global_boder_style":"none","global_border_radius":"","global_margin":"5px 0 0 0","global_padding":"","global_use_animation":"0","global_animation":"","global_animationduration":"300","global_animationdelay":"0","hidden_md":"0","hidden_sm":"0","hidden_xs":"0","acl":null}},{"id":1485944590899,"name":"button","visibility":true,"settings":{"admin_label":"Who We Are?","text":"Who We Are?","alignment":"sppb-text-left","fontstyle":null,"letterspace":"1px","url":"#","target":"","type":"custom","appearance":"","background_color":"","color":"rgba(38, 38, 38, 1)","background_color_hover":"","color_hover":"rgba(43, 215, 129, 1)","size":"lg","shape":"rounded","block":"","icon":"fa-arrow-circle-right","icon_position":"left","class":"","global_text_color":"","global_link_color":"","global_link_hover_color":"","global_use_background":"0","global_background_color":"","global_background_image":"","global_background_repeat":"no-repeat","global_background_size":"cover","global_background_attachment":"inherit","global_user_border":"0","global_border_width":"","global_border_color":"","global_boder_style":"none","global_border_radius":"","global_margin":"18px 0 0 -15px","global_padding":"","global_use_animation":"0","global_animation":"","global_animationduration":"300","global_animationdelay":"0","hidden_md":"0","hidden_sm":"0","hidden_xs":"0","acl":null}}]},{"id":1486529314054,"class_name":"col-md-3","visibility":true,"settings":{},"addons":[{"id":1486530997569,"name":"image","visibility":true,"settings":{"admin_label":"Our Mission","title":"","heading_selector":"h3","title_fontsize":"","title_lineheight":"","title_fontstyle":null,"title_letterspace":"0","title_fontweight":"","title_text_color":"","title_margin_top":"","title_margin_bottom":"","image":"https://sppagebuilder.com/sample-data/images/2017/02/08/mission.jpg","alt_text":"Our mission","position":"sppb-text-center","open_lightbox":"0","overlay_color":"rgba(119, 219, 31, 0.5)","link":"","target":"","class":"","global_text_color":"","global_link_color":"","global_link_hover_color":"","global_use_background":"0","global_background_color":"","global_background_image":"","global_background_repeat":"no-repeat","global_background_size":"cover","global_background_attachment":"inherit","global_user_border":"0","global_border_width":"","global_border_color":"","global_boder_style":"none","global_border_radius":"","global_margin":"","global_padding":"","global_use_animation":"0","global_animation":"","global_animationduration":"300","global_animationdelay":"0","hidden_md":"0","hidden_sm":"0","hidden_xs":"0","acl":null}},{"id":1486530997570,"type":"inner_row","settings":{"admin_label":"","title":"","heading_selector":"h3","title_fontsize":"","title_fontweight":"","title_text_color":"","title_margin_top":"","title_margin_bottom":"","subtitle":"","subtitle_fontsize":"","title_position":"sppb-text-center","columns_equal_height":"0","fullscreen":"0","no_gutter":"0","id":"","class":"","padding":"30px 25px 20px 30px","margin":"0px 0px 0px 0px","color":"","background_color":"rgba(255, 255, 255, 1)","background_image":"","overlay":"","background_repeat":"no-repeat","background_size":"cover","background_attachment":"fixed","background_position":"0 0","background_video":"0","background_video_mp4":"","background_video_ogv":"","hidden_xs":"","hidden_sm":"","hidden_md":"","animation":"","animationduration":"300","animationdelay":"0"},"layout":"12","visibility":true,"columns":[{"id":1486530997571,"class_name":"col-md-12","visibility":true,"settings":{},"addons":[{"id":1486530997576,"name":"feature","visibility":true,"settings":{"admin_label":"","title":"Our Mission","heading_selector":"h4","title_position":"before","title_fontsize":"16","title_lineheight":"","title_fontstyle":null,"title_letterspace":"0","title_fontweight":"","title_text_color":"","title_margin_top":"0","title_margin_bottom":"10","title_url":"","url_appear":"title","feature_type":"icon","feature_image":"","icon_name":"","icon_size":"36","icon_color":"","icon_background":"","icon_border_color":"","icon_border_width":"","icon_border_radius":"","icon_margin_top":"","icon_margin_bottom":"","icon_padding":"","text":"\t\t\tLorem ipsum dolor sit amet, consectetur adipisicing elit, sed do eiusmod tempor.","alignment":"sppb-text-left","class":"","global_text_color":"","global_link_color":"","global_link_hover_color":"","global_use_background":"0","global_background_color":"","global_background_image":"","global_background_repeat":"no-repeat","global_background_size":"cover","global_background_attachment":"inherit","global_user_border":"0","global_border_width":"","global_border_color":"","global_boder_style":"none","global_border_radius":"","global_margin":"0 0 22px 0","global_padding":"","global_use_animation":"0","global_animation":"","global_animationduration":"300","global_animationdelay":"0","hidden_md":"0","hidden_sm":"0","hidden_xs":"0","acl":null},"htmlContent":"<div id=\"sppb-addon-1486530997576\" class=\"clearfix\" ><div class=\"sppb-addon sppb-addon-feature sppb-text-left \"><div class=\"sppb-addon-content\"><h4 class=\"sppb-addon-title sppb-feature-box-title\">Our Mission</h4><div class=\"sppb-addon-text\">\t\t\tLorem ipsum dolor sit amet, consectetur adipisicing elit, sed do eiusmod tempor.</div></div></div></div>","assets":{"css":"#sppb-addon-1486530997576 {\nmargin: 0 0 22px 0;\n}\n#sppb-addon-1486530997576 .sppb-addon-title {\nmargin-top:0px;margin-bottom:10px;font-size:16px;line-height:16px;}\n"}},{"id":1486530997581,"name":"button","visibility":true,"settings":{"admin_label":"","text":"Learn More","alignment":"sppb-text-left","fontstyle":["lighter"],"letterspace":"1px","url":"","target":"","type":"custom","appearance":"","background_color":"","color":"rgba(79, 218, 149, 1)","background_color_hover":"","color_hover":"rgba(34, 34, 34, 1)","size":"","shape":"rounded","block":"","icon":"fa-caret-right","icon_position":"right","class":"","global_text_color":"","global_link_color":"","global_link_hover_color":"","global_use_background":"0","global_background_color":"","global_background_image":"","global_background_repeat":"no-repeat","global_background_size":"cover","global_background_attachment":"inherit","global_user_border":"0","global_border_width":"","global_border_color":"","global_boder_style":"none","global_border_radius":"","global_margin":"0 0 0 -15px","global_padding":"","global_use_animation":"0","global_animation":"","global_animationduration":"300","global_animationdelay":"0","hidden_md":"0","hidden_sm":"0","hidden_xs":"0","acl":null},"htmlContent":"<div id=\"sppb-addon-1486530997581\" class=\"clearfix\" ><div class=\"sppb-text-left\"><a id=\"btn-1486530997581\" class=\"sppb-btn  sppb-btn-custom sppb-btn-rounded\">Learn More <i class=\"fa fa-caret-right\"></i></a></div></div>","assets":{"css":"#sppb-addon-1486530997581 {\nmargin: 0 0 0 -15px;\n}\n#sppb-addon-1486530997581 #btn-1486530997581.sppb-btn-custom{letter-spacing: 1px;font-weight: lighter;}#sppb-addon-1486530997581 #btn-1486530997581.sppb-btn-custom { color: rgba(79, 218, 149, 1);}#sppb-addon-1486530997581 #btn-1486530997581.sppb-btn-custom:hover { color: rgba(34, 34, 34, 1);}"}}]}]}]},{"id":1486529314055,"class_name":"col-md-3","visibility":true,"settings":{},"addons":[{"id":1486531738159,"name":"image","visibility":true,"settings":{"admin_label":"Our vision","title":"","heading_selector":"h3","title_fontsize":"","title_lineheight":"","title_fontstyle":null,"title_letterspace":"0","title_fontweight":"","title_text_color":"","title_margin_top":"","title_margin_bottom":"","image":"https://sppagebuilder.com/sample-data/images/2017/02/08/vission.jpg","alt_text":"Our vision","position":"sppb-text-center","open_lightbox":"0","overlay_color":"rgba(119, 219, 31, 0.5)","link":"","target":"","class":"","global_text_color":"","global_link_color":"","global_link_hover_color":"","global_use_background":"0","global_background_color":"","global_background_image":"","global_background_repeat":"no-repeat","global_background_size":"cover","global_background_attachment":"inherit","global_user_border":"0","global_border_width":"","global_border_color":"","global_boder_style":"none","global_border_radius":"","global_margin":"","global_padding":"","global_use_animation":"0","global_animation":"","global_animationduration":"300","global_animationdelay":"0","hidden_md":"0","hidden_sm":"0","hidden_xs":"0","acl":null}},{"id":1486531738160,"type":"inner_row","settings":{"admin_label":"","title":"","heading_selector":"h3","title_fontsize":"","title_fontweight":"","title_text_color":"","title_margin_top":"","title_margin_bottom":"","subtitle":"","subtitle_fontsize":"","title_position":"sppb-text-center","columns_equal_height":"0","fullscreen":"0","no_gutter":"0","id":"","class":"","padding":"30px 25px 20px 30px","margin":"0px 0px 0px 0px","color":"","background_color":"rgba(255, 255, 255, 1)","background_image":"","overlay":"","background_repeat":"no-repeat","background_size":"cover","background_attachment":"fixed","background_position":"0 0","background_video":"0","background_video_mp4":"","background_video_ogv":"","hidden_xs":"","hidden_sm":"","hidden_md":"","animation":"","animationduration":"300","animationdelay":"0"},"layout":"12","visibility":true,"columns":[{"id":1486531738161,"class_name":"col-md-12","visibility":true,"settings":{},"addons":[{"id":1486531738166,"name":"feature","visibility":true,"settings":{"admin_label":"","title":"Our vision","heading_selector":"h4","title_position":"before","title_fontsize":"16","title_lineheight":"","title_fontstyle":null,"title_letterspace":"0","title_fontweight":"","title_text_color":"","title_margin_top":"0","title_margin_bottom":"10","title_url":"","url_appear":"title","feature_type":"icon","feature_image":"","icon_name":"","icon_size":"36","icon_color":"","icon_background":"","icon_border_color":"","icon_border_width":"","icon_border_radius":"","icon_margin_top":"","icon_margin_bottom":"","icon_padding":"","text":"\t\t\t\tLorem ipsum dolor sit amet, consectetur adipisicing elit, sed do eiusmod tempor.","alignment":"sppb-text-left","class":"","global_text_color":"","global_link_color":"","global_link_hover_color":"","global_use_background":"0","global_background_color":"","global_background_image":"","global_background_repeat":"no-repeat","global_background_size":"cover","global_background_attachment":"inherit","global_user_border":"0","global_border_width":"","global_border_color":"","global_boder_style":"none","global_border_radius":"","global_margin":"0 0 22px 0","global_padding":"","global_use_animation":"0","global_animation":"","global_animationduration":"300","global_animationdelay":"0","hidden_md":"0","hidden_sm":"0","hidden_xs":"0","acl":null},"htmlContent":"<div id=\"sppb-addon-1486531738166\" class=\"clearfix\" ><div class=\"sppb-addon sppb-addon-feature sppb-text-left \"><div class=\"sppb-addon-content\"><h4 class=\"sppb-addon-title sppb-feature-box-title\">Our vision</h4><div class=\"sppb-addon-text\">\t\t\t\tLorem ipsum dolor sit amet, consectetur adipisicing elit, sed do eiusmod tempor.</div></div></div></div>","assets":{"css":"#sppb-addon-1486531738166 {\nmargin: 0 0 22px 0;\n}\n#sppb-addon-1486531738166 .sppb-addon-title {\nmargin-top:0px;margin-bottom:10px;font-size:16px;line-height:16px;}\n"}},{"id":1486531738171,"name":"button","visibility":true,"settings":{"admin_label":"","text":"Learn More","alignment":"sppb-text-left","fontstyle":["lighter"],"letterspace":"1px","url":"","target":"","type":"custom","appearance":"","background_color":"","color":"rgba(79, 218, 149, 1)","background_color_hover":"","color_hover":"rgba(34, 34, 34, 1)","size":"","shape":"rounded","block":"","icon":"fa-caret-right","icon_position":"right","class":"","global_text_color":"","global_link_color":"","global_link_hover_color":"","global_use_background":"0","global_background_color":"","global_background_image":"","global_background_repeat":"no-repeat","global_background_size":"cover","global_background_attachment":"inherit","global_user_border":"0","global_border_width":"","global_border_color":"","global_boder_style":"none","global_border_radius":"","global_margin":"0 0 0 -15px","global_padding":"","global_use_animation":"0","global_animation":"","global_animationduration":"300","global_animationdelay":"0","hidden_md":"0","hidden_sm":"0","hidden_xs":"0","acl":null},"htmlContent":"<div id=\"sppb-addon-1486531738171\" class=\"clearfix\" ><div class=\"sppb-text-left\"><a id=\"btn-1486531738171\" class=\"sppb-btn  sppb-btn-custom sppb-btn-rounded\">Learn More <i class=\"fa fa-caret-right\"></i></a></div></div>","assets":{"css":"#sppb-addon-1486531738171 {\nmargin: 0 0 0 -15px;\n}\n#sppb-addon-1486531738171 #btn-1486531738171.sppb-btn-custom{letter-spacing: 1px;font-weight: lighter;}#sppb-addon-1486531738171 #btn-1486531738171.sppb-btn-custom { color: rgba(79, 218, 149, 1);}#sppb-addon-1486531738171 #btn-1486531738171.sppb-btn-custom:hover { color: rgba(34, 34, 34, 1);}"}}]}]}]}]},{"id":1486531811436,"visibility":true,"collapse":false,"settings":{"admin_label":"Get Started","title":"","heading_selector":"h3","title_fontsize":"","title_fontweight":"","title_text_color":"","title_margin_top":"","title_margin_bottom":"","subtitle":"","subtitle_fontsize":"","title_position":"sppb-text-center","columns_equal_height":"0","fullscreen":"0","no_gutter":"0","id":"","class":"","padding":"65px 0px 73px 0px","margin":"0px 0px 0px 0px","color":"","background_color":"rgba(43, 215, 129, 1)","background_image":"","overlay":"","background_repeat":"no-repeat","background_size":"cover","background_attachment":"fixed","background_position":"0 0","background_video":"0","background_video_mp4":"","background_video_ogv":"","hidden_xs":"","hidden_sm":"","hidden_md":"","animation":"","animationduration":"300","animationdelay":"0"},"layout":"7,5","columns":[{"id":1486531811437,"class_name":"col-md-7","visibility":true,"settings":{},"addons":[{"id":1486968029481,"name":"text_block","visibility":true,"settings":{"admin_label":"CTA Title","title":"We help <strong>businesses innovate</strong> and grow & Let's deliver<br> the right solution for <strong>your business</strong>.","heading_selector":"h3","title_fontsize":"24","title_lineheight":"36","title_fontstyle":null,"title_letterspace":"0","title_fontweight":"300","title_text_color":"","title_margin_top":"0","title_margin_bottom":"0","text":"\t\t\t\t\t","alignment":"sppb-text-left","class":"","global_text_color":"rgba(255, 255, 255, 1)","global_link_color":"","global_link_hover_color":"","global_use_background":"0","global_background_color":"","global_background_image":"","global_background_repeat":"no-repeat","global_background_size":"cover","global_background_attachment":"inherit","global_user_border":"0","global_border_width":"","global_border_color":"","global_boder_style":"none","global_border_radius":"","global_margin":"","global_padding":"","global_use_animation":"0","global_animation":"","global_animationduration":"300","global_animationdelay":"0","hidden_md":"0","hidden_sm":"0","hidden_xs":"0","acl":null}}]},{"id":1486531811438,"class_name":"col-md-5","visibility":true,"settings":{},"addons":[{"id":1486532389787,"name":"button","visibility":true,"settings":{"admin_label":"CTA Button","text":"Get Started","alignment":"sppb-text-right","fontstyle":null,"letterspace":"1px","url":"#","target":"","type":"custom","appearance":"outline","background_color":"rgba(255, 255, 255, 1)","color":"rgba(255, 255, 255, 1)","background_color_hover":"rgba(34, 34, 34, 1)","color_hover":"rgba(255, 255, 255, 1)","size":"xlg","shape":"round","block":"","icon":"","icon_position":"left","class":"","global_text_color":"","global_link_color":"","global_link_hover_color":"","global_use_background":"0","global_background_color":"","global_background_image":"","global_background_repeat":"no-repeat","global_background_size":"cover","global_background_attachment":"inherit","global_user_border":"0","global_border_width":"","global_border_color":"","global_boder_style":"none","global_border_radius":"","global_margin":"20px 0 0 0","global_padding":"","global_use_animation":"0","global_animation":"","global_animationduration":"300","global_animationdelay":"0","hidden_md":"0","hidden_sm":"0","hidden_xs":"0","acl":null}}]}]},{"id":1486533016929,"visibility":true,"collapse":false,"settings":{"admin_label":"Our Best Services","title":"","heading_selector":"h3","title_fontsize":"36","title_fontweight":"300","title_text_color":"","title_margin_top":"","title_margin_bottom":"20","subtitle":"","subtitle_fontsize":"16","title_position":"sppb-text-left","columns_equal_height":"0","fullscreen":"0","no_gutter":"0","id":"","class":"","padding":"145px 0px 150px 0px","margin":"0px 0px 0px 0px","color":"","background_color":"rgba(250, 250, 250, 1)","background_image":"","overlay":"","background_repeat":"no-repeat","background_size":"cover","background_attachment":"fixed","background_position":"0 0","background_video":"0","background_video_mp4":"","background_video_ogv":"","hidden_xs":"","hidden_sm":"","hidden_md":"","animation":"","animationduration":"300","animationdelay":"0"},"layout":"12,3,3,3,3","columns":[{"id":1486533016930,"class_name":"col-md-12","visibility":true,"settings":{},"addons":[{"id":1486534628839,"name":"feature","visibility":true,"settings":{"admin_label":"","title":"Our Best Services","heading_selector":"h3","title_position":"before","title_fontsize":"36","title_lineheight":"","title_fontstyle":null,"title_letterspace":"0","title_fontweight":"300","title_text_color":"","title_margin_top":"0","title_margin_bottom":"20","title_url":"","url_appear":"title","feature_type":"icon","feature_image":"","icon_name":"","icon_size":"36","icon_color":"","icon_background":"","icon_border_color":"","icon_border_width":"","icon_border_radius":"","icon_margin_top":"","icon_margin_bottom":"","icon_padding":"","text":"\t\t\t\t\tLorem ipsum dolor sit amet, consectetur adipisicing elit, sed do","alignment":"sppb-text-left","class":"","global_text_color":"","global_link_color":"","global_link_hover_color":"","global_use_background":"0","global_background_color":"","global_background_image":"","global_background_repeat":"no-repeat","global_background_size":"cover","global_background_attachment":"inherit","global_user_border":"0","global_border_width":"","global_border_color":"","global_boder_style":"none","global_border_radius":"","global_margin":"0 0 65px 0","global_padding":"","global_use_animation":"0","global_animation":"","global_animationduration":"300","global_animationdelay":"0","hidden_md":"0","hidden_sm":"0","hidden_xs":"0","acl":null}}]},{"id":1486533016931,"class_name":"col-md-3","visibility":true,"settings":{},"addons":[{"id":1486533565308,"name":"feature","visibility":true,"settings":{"admin_label":"","title":"Development Ideas","heading_selector":"h3","title_position":"after","title_fontsize":"16","title_lineheight":"","title_fontstyle":null,"title_letterspace":"0","title_fontweight":"","title_text_color":"","title_margin_top":"35","title_margin_bottom":"","title_url":"","url_appear":"title","feature_type":"image","feature_image":"https://sppagebuilder.com/sample-data/images/2017/02/08/services1.png","icon_name":"","icon_size":"36","icon_color":"","icon_background":"","icon_border_color":"","icon_border_width":"","icon_border_radius":"","icon_margin_top":"","icon_margin_bottom":"","icon_padding":"","text":"\t\t\t\t\t\t\t\tLorem ipsum dolor sit amet, consectetur adipisicing elit, sed do eiusmod tempor.","alignment":"sppb-text-left","class":"","global_text_color":"","global_link_color":"","global_link_hover_color":"","global_use_background":"1","global_background_color":"rgba(255, 255, 255, 1)","global_background_image":"","global_background_repeat":"no-repeat","global_background_size":"cover","global_background_attachment":"inherit","global_user_border":"0","global_border_width":"","global_border_color":"","global_boder_style":"none","global_border_radius":"","global_margin":"0 0 30px 0","global_padding":"40px 30px 30px 30px","global_use_animation":"1","global_animation":"fadeIn","global_animationduration":"","global_animationdelay":"","hidden_md":"0","hidden_sm":"0","hidden_xs":"0","acl":null}},{"id":1486533016959,"name":"feature","visibility":true,"settings":{"admin_label":"","title":"Marketing Strategy","heading_selector":"h3","title_position":"after","title_fontsize":"16","title_lineheight":"","title_fontstyle":null,"title_letterspace":"0","title_fontweight":"","title_text_color":"","title_margin_top":"35","title_margin_bottom":"","title_url":"","url_appear":"title","feature_type":"image","feature_image":"https://sppagebuilder.com/sample-data/images/2017/02/08/services5.png","icon_name":"","icon_size":"36","icon_color":"","icon_background":"","icon_border_color":"","icon_border_width":"","icon_border_radius":"","icon_margin_top":"","icon_margin_bottom":"","icon_padding":"","text":"\t\t\t\t\t\t\t\tLorem ipsum dolor sit amet, consectetur adipisicing elit, sed do eiusmod tempor.","alignment":"sppb-text-left","class":"","global_text_color":"","global_link_color":"","global_link_hover_color":"","global_use_background":"1","global_background_color":"rgba(255, 255, 255, 1)","global_background_image":"","global_background_repeat":"no-repeat","global_background_size":"cover","global_background_attachment":"inherit","global_user_border":"0","global_border_width":"","global_border_color":"","global_boder_style":"none","global_border_radius":"","global_margin":"","global_padding":"40px 30px 30px 30px","global_use_animation":"1","global_animation":"fadeIn","global_animationduration":"","global_animationdelay":"600","hidden_md":"0","hidden_sm":"0","hidden_xs":"0","acl":null}}]},{"id":1486533016932,"class_name":"col-md-3","visibility":true,"settings":{},"addons":[{"id":1486533016950,"name":"feature","visibility":true,"settings":{"admin_label":"","title":"Organization","heading_selector":"h3","title_position":"after","title_fontsize":"16","title_lineheight":"","title_fontstyle":null,"title_letterspace":"0","title_fontweight":"","title_text_color":"","title_margin_top":"35","title_margin_bottom":"","title_url":"","url_appear":"title","feature_type":"image","feature_image":"https://sppagebuilder.com/sample-data/images/2017/02/08/services2.png","icon_name":"","icon_size":"36","icon_color":"","icon_background":"","icon_border_color":"","icon_border_width":"","icon_border_radius":"","icon_margin_top":"","icon_margin_bottom":"","icon_padding":"","text":"\t\t\t\t\t\t\t\t\tLorem ipsum dolor sit amet, consectetur adipisicing elit, sed do eiusmod tempor.","alignment":"sppb-text-left","class":"","global_text_color":"","global_link_color":"","global_link_hover_color":"","global_use_background":"1","global_background_color":"rgba(255, 255, 255, 1)","global_background_image":"","global_background_repeat":"no-repeat","global_background_size":"cover","global_background_attachment":"inherit","global_user_border":"0","global_border_width":"","global_border_color":"","global_boder_style":"none","global_border_radius":"","global_margin":"0 0 30px 0","global_padding":"40px 30px 30px 30px","global_use_animation":"1","global_animation":"fadeIn","global_animationduration":"","global_animationdelay":"150","hidden_md":"0","hidden_sm":"0","hidden_xs":"0","acl":null}},{"id":1486533016962,"name":"feature","visibility":true,"settings":{"admin_label":"","title":"Business Idea ","heading_selector":"h3","title_position":"after","title_fontsize":"16","title_lineheight":"","title_fontstyle":null,"title_letterspace":"0","title_fontweight":"","title_text_color":"","title_margin_top":"35","title_margin_bottom":"","title_url":"","url_appear":"title","feature_type":"image","feature_image":"https://sppagebuilder.com/sample-data/images/2017/02/08/services6.png","icon_name":"","icon_size":"36","icon_color":"","icon_background":"","icon_border_color":"","icon_border_width":"","icon_border_radius":"","icon_margin_top":"","icon_margin_bottom":"","icon_padding":"","text":"\t\t\t\t\t\t\t\tLorem ipsum dolor sit amet, consectetur adipisicing elit, sed do eiusmod tempor.","alignment":"sppb-text-left","class":"","global_text_color":"","global_link_color":"","global_link_hover_color":"","global_use_background":"1","global_background_color":"rgba(255, 255, 255, 1)","global_background_image":"","global_background_repeat":"no-repeat","global_background_size":"cover","global_background_attachment":"inherit","global_user_border":"0","global_border_width":"","global_border_color":"","global_boder_style":"none","global_border_radius":"","global_margin":"","global_padding":"40px 30px 30px 30px","global_use_animation":"1","global_animation":"fadeIn","global_animationduration":"","global_animationdelay":"750","hidden_md":"0","hidden_sm":"0","hidden_xs":"0","acl":null}}]},{"id":1486533016933,"class_name":"col-md-3","visibility":true,"settings":{},"addons":[{"id":1486533016953,"name":"feature","visibility":true,"settings":{"admin_label":"","title":"Advanced Analytics","heading_selector":"h3","title_position":"after","title_fontsize":"16","title_lineheight":"","title_fontstyle":null,"title_letterspace":"0","title_fontweight":"","title_text_color":"","title_margin_top":"35","title_margin_bottom":"","title_url":"","url_appear":"title","feature_type":"image","feature_image":"https://sppagebuilder.com/sample-data/images/2017/02/08/services3.png","icon_name":"","icon_size":"36","icon_color":"","icon_background":"","icon_border_color":"","icon_border_width":"","icon_border_radius":"","icon_margin_top":"","icon_margin_bottom":"","icon_padding":"","text":"\t\t\t\t\t\t\t\t\tLorem ipsum dolor sit amet, consectetur adipisicing elit, sed do eiusmod tempor.","alignment":"sppb-text-left","class":"","global_text_color":"","global_link_color":"","global_link_hover_color":"","global_use_background":"1","global_background_color":"rgba(255, 255, 255, 1)","global_background_image":"","global_background_repeat":"no-repeat","global_background_size":"cover","global_background_attachment":"inherit","global_user_border":"0","global_border_width":"","global_border_color":"","global_boder_style":"none","global_border_radius":"","global_margin":"0 0 30px 0","global_padding":"40px 30px 30px 30px","global_use_animation":"1","global_animation":"fadeIn","global_animationduration":"","global_animationdelay":"300","hidden_md":"0","hidden_sm":"0","hidden_xs":"0","acl":null}},{"id":1486533016965,"name":"feature","visibility":true,"settings":{"admin_label":"","title":"Making Money","heading_selector":"h3","title_position":"after","title_fontsize":"16","title_lineheight":"","title_fontstyle":null,"title_letterspace":"0","title_fontweight":"","title_text_color":"","title_margin_top":"35","title_margin_bottom":"","title_url":"","url_appear":"title","feature_type":"image","feature_image":"https://sppagebuilder.com/sample-data/images/2017/02/08/services7.png","icon_name":"","icon_size":"36","icon_color":"","icon_background":"","icon_border_color":"","icon_border_width":"","icon_border_radius":"","icon_margin_top":"","icon_margin_bottom":"","icon_padding":"","text":"\t\t\t\t\t\t\t\tLorem ipsum dolor sit amet, consectetur adipisicing elit, sed do eiusmod tempor.","alignment":"sppb-text-left","class":"","global_text_color":"","global_link_color":"","global_link_hover_color":"","global_use_background":"1","global_background_color":"rgba(255, 255, 255, 1)","global_background_image":"","global_background_repeat":"no-repeat","global_background_size":"cover","global_background_attachment":"inherit","global_user_border":"0","global_border_width":"","global_border_color":"","global_boder_style":"none","global_border_radius":"","global_margin":"","global_padding":"40px 30px 30px 30px","global_use_animation":"1","global_animation":"fadeIn","global_animationduration":"","global_animationdelay":"900","hidden_md":"0","hidden_sm":"0","hidden_xs":"0","acl":null}}]},{"id":1486534628836,"class_name":"col-md-3","visibility":true,"settings":{},"addons":[{"id":1486533016956,"name":"feature","visibility":true,"settings":{"admin_label":"","title":"Performance","heading_selector":"h3","title_position":"after","title_fontsize":"16","title_lineheight":"","title_fontstyle":null,"title_letterspace":"0","title_fontweight":"","title_text_color":"","title_margin_top":"35","title_margin_bottom":"","title_url":"","url_appear":"title","feature_type":"image","feature_image":"https://sppagebuilder.com/sample-data/images/2017/02/08/services4.png","icon_name":"","icon_size":"36","icon_color":"","icon_background":"","icon_border_color":"","icon_border_width":"","icon_border_radius":"","icon_margin_top":"","icon_margin_bottom":"","icon_padding":"","text":"\t\t\t\t\t\t\t\t\tLorem ipsum dolor sit amet, consectetur adipisicing elit, sed do eiusmod tempor.","alignment":"sppb-text-left","class":"","global_text_color":"","global_link_color":"","global_link_hover_color":"","global_use_background":"1","global_background_color":"rgba(255, 255, 255, 1)","global_background_image":"","global_background_repeat":"no-repeat","global_background_size":"cover","global_background_attachment":"inherit","global_user_border":"0","global_border_width":"","global_border_color":"","global_boder_style":"none","global_border_radius":"","global_margin":"0 0 30px 0","global_padding":"40px 30px 30px 30px","global_use_animation":"1","global_animation":"fadeIn","global_animationduration":"","global_animationdelay":"450","hidden_md":"0","hidden_sm":"0","hidden_xs":"0","acl":null}},{"id":1486533016968,"name":"feature","visibility":true,"settings":{"admin_label":"","title":"Saving Money","heading_selector":"h3","title_position":"after","title_fontsize":"16","title_lineheight":"","title_fontstyle":null,"title_letterspace":"0","title_fontweight":"","title_text_color":"","title_margin_top":"35","title_margin_bottom":"","title_url":"","url_appear":"title","feature_type":"image","feature_image":"https://sppagebuilder.com/sample-data/images/2017/02/08/services8.png","icon_name":"","icon_size":"36","icon_color":"","icon_background":"","icon_border_color":"","icon_border_width":"","icon_border_radius":"","icon_margin_top":"","icon_margin_bottom":"","icon_padding":"","text":"\t\t\t\t\t\t\t\tLorem ipsum dolor sit amet, consectetur adipisicing elit, sed do eiusmod tempor.","alignment":"sppb-text-left","class":"","global_text_color":"","global_link_color":"","global_link_hover_color":"","global_use_background":"1","global_background_color":"rgba(255, 255, 255, 1)","global_background_image":"","global_background_repeat":"no-repeat","global_background_size":"cover","global_background_attachment":"inherit","global_user_border":"0","global_border_width":"","global_border_color":"","global_boder_style":"none","global_border_radius":"","global_margin":"","global_padding":"40px 30px 30px 30px","global_use_animation":"1","global_animation":"fadeIn","global_animationduration":"","global_animationdelay":"1050","hidden_md":"0","hidden_sm":"0","hidden_xs":"0","acl":null}}]}]},{"id":1486535014776,"visibility":true,"collapse":false,"settings":{"admin_label":"What you want?","title":"","heading_selector":"h3","title_fontsize":"","title_fontweight":"","title_text_color":"","title_margin_top":"","title_margin_bottom":"","subtitle":"","subtitle_fontsize":"","title_position":"sppb-text-center","columns_equal_height":"0","fullscreen":"0","no_gutter":"0","id":"","class":"","padding":"145px 0px 150px 0px","margin":"0px 0px 0px 0px","color":"","background_color":"","background_image":"","overlay":"","background_repeat":"no-repeat","background_size":"cover","background_attachment":"fixed","background_position":"0 0","background_video":"0","background_video_mp4":"","background_video_ogv":"","hidden_xs":"","hidden_sm":"","hidden_md":"","animation":"","animationduration":"300","animationdelay":"0"},"layout":"12","columns":[{"id":1486535014777,"class_name":"col-md-12","visibility":true,"settings":{},"addons":[{"id":1486535014780,"name":"feature","visibility":true,"settings":{"admin_label":"","title":"Everything You Want","heading_selector":"h3","title_position":"before","title_fontsize":"36","title_lineheight":"","title_fontstyle":null,"title_letterspace":"0","title_fontweight":"300","title_text_color":"","title_margin_top":"0","title_margin_bottom":"20","title_url":"","url_appear":"title","feature_type":"icon","feature_image":"","icon_name":"","icon_size":"36","icon_color":"","icon_background":"","icon_border_color":"","icon_border_width":"","icon_border_radius":"","icon_margin_top":"","icon_margin_bottom":"","icon_padding":"","text":"\t<span style=\"font-size: 24px; color: #6c6c6c; font-weight: 300;\">Lorem ipsum dolor sit amet, consectetur adipisicing elit, sed do</span>","alignment":"sppb-text-left","class":"","global_text_color":"","global_link_color":"","global_link_hover_color":"","global_use_background":"0","global_background_color":"","global_background_image":"","global_background_repeat":"no-repeat","global_background_size":"cover","global_background_attachment":"inherit","global_user_border":"0","global_border_width":"","global_border_color":"","global_boder_style":"none","global_border_radius":"","global_margin":"0 0 65px 0","global_padding":"","global_use_animation":"0","global_animation":"","global_animationduration":"300","global_animationdelay":"0","hidden_md":"0","hidden_sm":"0","hidden_xs":"0","acl":null}},{"id":1486535014783,"name":"tab","visibility":true,"settings":{"admin_label":"Research & Insights","title":"","heading_selector":"h3","title_fontsize":"","title_lineheight":"","title_fontstyle":null,"title_letterspace":"0","title_fontweight":"","title_text_color":"","title_margin_top":"","title_margin_bottom":"","style":"tabs","active_tab_bg":"#e5e5e5","active_tab_color":"#333333","class":"","sp_tab_item":[{"title":"Research","icon":"fa-unlink","content":"<div class=\"row\" style=\"padding: 25px; font-size: 16px;\">\n<div class=\"col-sm-7\"><img src=\"https://sppagebuilder.com/sample-data/images/2017/02/01/tab-img1.jpg\" alt=\"tab image\" /></div>\n<div class=\"col-sm-5\">\n<h4 style=\"font-size: 24px; font-weight: 500;\"><br />Research &amp; Insights</h4>\n<p>Lorem ipsum dolor sit amet, consectetur adipisicing elit, sed do eiusmod tempor. incididunt ut labore et dolore magna aliqua. Ut enim ad minim veniam, quis nostrud exercitation.</p>\n<ul style=\"padding-left: 15px;\">\n<li>Group video calls with friends, family</li>\n<li>Share photos and videos</li>\n<li>Express you rself with hundreds of free stickers!</li>\n<li>Encrypted chats and calls</li>\n<li>Optimized for Android tablets</li>\n<li>Avoid SMS and phone call charges</li>\n</ul>\n</div>\n</div>"},{"title":"Opportunity","icon":"fa-bar-chart-o","content":"<div class=\"row\" style=\"padding: 25px; font-size: 16px;\">\n<div class=\"col-sm-7\"><img src=\"https://sppagebuilder.com/sample-data/images/2017/02/01/tab-img2.jpg\" alt=\"tab image\" /></div>\n<div class=\"col-sm-5\">\n<h4 style=\"font-size: 24px; font-weight: 500;\"><br />Research &amp; Insights</h4>\n<p>Lorem ipsum dolor sit amet, consectetur adipisicing elit, sed do eiusmod tempor. incididunt ut labore et dolore magna aliqua. Ut enim ad minim veniam, quis nostrud exercitation.</p>\n<ul style=\"padding-left: 15px;\">\n<li>Group video calls with friends, family</li>\n<li>Share photos and videos</li>\n<li>Express you rself with hundreds of free stickers!</li>\n<li>Encrypted chats and calls</li>\n<li>Optimized for Android tablets</li>\n<li>Avoid SMS and phone call charges</li>\n</ul>\n</div>\n</div>"},{"title":"Making Idea","icon":"fa-lightbulb-o","content":"<div class=\"row\" style=\"padding: 25px; font-size: 16px;\">\n<div class=\"col-sm-7\"><img src=\"https://sppagebuilder.com/sample-data/images/2017/02/01/tab-img3.jpg\" alt=\"tab image\" /></div>\n<div class=\"col-sm-5\">\n<h4 style=\"font-size: 24px; font-weight: 500;\"><br />Research &amp; Insights</h4>\n<p>Lorem ipsum dolor sit amet, consectetur adipisicing elit, sed do eiusmod tempor. incididunt ut labore et dolore magna aliqua. Ut enim ad minim veniam, quis nostrud exercitation.</p>\n<ul style=\"padding-left: 15px;\">\n<li>Group video calls with friends, family</li>\n<li>Share photos and videos</li>\n<li>Express you rself with hundreds of free stickers!</li>\n<li>Encrypted chats and calls</li>\n<li>Optimized for Android tablets</li>\n<li>Avoid SMS and phone call charges</li>\n</ul>\n</div>\n</div>"},{"title":"High Quality","icon":"fa-flask","content":"<div class=\"row\" style=\"padding: 25px; font-size: 16px;\">\n<div class=\"col-sm-7\"><img src=\"https://sppagebuilder.com/sample-data/images/2017/02/01/tab-img4.jpg\" alt=\"tab image\" /></div>\n<div class=\"col-sm-5\">\n<h4 style=\"font-size: 24px; font-weight: 500;\"><br />Research &amp; Insights</h4>\n<p>Lorem ipsum dolor sit amet, consectetur adipisicing elit, sed do eiusmod tempor. incididunt ut labore et dolore magna aliqua. Ut enim ad minim veniam, quis nostrud exercitation.</p>\n<ul style=\"padding-left: 15px;\">\n<li>Group video calls with friends, family</li>\n<li>Share photos and videos</li>\n<li>Express you rself with hundreds of free stickers!</li>\n<li>Encrypted chats and calls</li>\n<li>Optimized for Android tablets</li>\n<li>Avoid SMS and phone call charges</li>\n</ul>\n</div>\n</div>"}],"global_text_color":"","global_link_color":"","global_link_hover_color":"","global_use_background":"0","global_background_color":"","global_background_image":"","global_background_repeat":"no-repeat","global_background_size":"cover","global_background_attachment":"inherit","global_user_border":"0","global_border_width":"","global_border_color":"","global_boder_style":"none","global_border_radius":"","global_margin":"","global_padding":"","global_use_animation":"0","global_animation":"","global_animationduration":"300","global_animationdelay":"0","hidden_md":"0","hidden_sm":"0","hidden_xs":"0","acl":null}}]}]},{"id":1486536750537,"visibility":true,"collapse":false,"settings":{"admin_label":"Let's deliver the right solution","title":"","heading_selector":"h3","title_fontsize":"","title_fontweight":"","title_text_color":"","title_margin_top":"","title_margin_bottom":"","subtitle":"","subtitle_fontsize":"","title_position":"sppb-text-center","columns_equal_height":"0","fullscreen":"0","no_gutter":"0","id":"","class":"","padding":"145px 0px 150px 0px","margin":"0px 0px 0px 0px","color":"","background_color":"","background_image":"https://sppagebuilder.com/sample-data/images/2017/02/08/cta-bg2.jpg","overlay":"","background_repeat":"no-repeat","background_size":"cover","background_attachment":"inherit","background_position":"50% 50%","background_video":"0","background_video_mp4":"","background_video_ogv":"","hidden_xs":"","hidden_sm":"","hidden_md":"","animation":"fadeIn","animationduration":"","animationdelay":""},"layout":"6,6","columns":[{"id":1486018098901,"class_name":"col-md-6","visibility":true,"settings":{"color":"","background":"","background_image":"","overlay":"","background_repeat":"no-repeat","background_size":"cover","background_attachment":"scroll","background_position":"0 0","padding":"","class":"","sm_col":"","xs_col":"","hidden_xs":"","hidden_sm":"","hidden_md":"","animation":"","animationduration":"300","animationdelay":"0"},"addons":[{"id":1486025708586,"name":"feature","visibility":true,"settings":{"admin_label":"","title":"Let's deliver the right solution for your business.","heading_selector":"h3","title_position":"before","title_fontsize":"46","title_lineheight":"","title_fontstyle":null,"title_letterspace":"0","title_fontweight":"700","title_text_color":"rgba(43, 215, 129, 1)","title_margin_top":"0","title_margin_bottom":"28","title_url":"","url_appear":"title","feature_type":"icon","feature_image":"","icon_name":"","icon_size":"36","icon_color":"","icon_background":"","icon_border_color":"","icon_border_width":"","icon_border_radius":"","icon_margin_top":"","icon_margin_bottom":"","icon_padding":"","text":"\t\t\t\t\t<span style=\"font-size: 16px;\">Lorem ipsum dolor sit amet, consectetur adipisicing elit, sed do eiusmod tempor. incididunt ut labore et dolore magna aliqua. Ut enim ad minim veniam, quis nostrud exercitation. </span>","alignment":"sppb-text-left","class":"","global_text_color":"","global_link_color":"","global_link_hover_color":"","global_use_background":"0","global_background_color":"","global_background_image":"","global_background_repeat":"no-repeat","global_background_size":"cover","global_background_attachment":"inherit","global_user_border":"0","global_border_width":"","global_border_color":"","global_boder_style":"none","global_border_radius":"","global_margin":"0 0 56px 0","global_padding":"","global_use_animation":"0","global_animation":"","global_animationduration":"300","global_animationdelay":"0","hidden_md":"0","hidden_sm":"0","hidden_xs":"0","acl":null}},{"id":1486529041330,"name":"button","visibility":true,"settings":{"admin_label":"Contact Us ","text":"Contact Us ! ","alignment":"sppb-text-left","fontstyle":null,"letterspace":"0","url":"#","target":"","type":"custom","appearance":"","background_color":"rgba(43, 215, 129, 1)","color":"#ffffff","background_color_hover":"#222222","color_hover":"#ffffff","size":"lg","shape":"rounded","block":"","icon":"","icon_position":"left","class":"","global_text_color":"","global_link_color":"","global_link_hover_color":"","global_use_background":"0","global_background_color":"","global_background_image":"","global_background_repeat":"no-repeat","global_background_size":"cover","global_background_attachment":"inherit","global_user_border":"0","global_border_width":"","global_border_color":"","global_boder_style":"none","global_border_radius":"3","global_margin":"","global_padding":"","global_use_animation":"0","global_animation":"","global_animationduration":"300","global_animationdelay":"0","hidden_md":"0","hidden_sm":"0","hidden_xs":"0","acl":null}}]},{"id":1486025708587,"class_name":"col-md-6","visibility":true,"settings":{},"addons":[]}]},{"id":1486536905119,"visibility":true,"collapse":false,"settings":{"admin_label":"","title":"Award Winning\n","heading_selector":"h3","title_fontsize":"22","title_fontweight":"300","title_text_color":"","title_margin_top":"","title_margin_bottom":"","subtitle":"Press & Recognition","subtitle_fontsize":"36","title_position":"sppb-text-center","columns_equal_height":"0","fullscreen":"0","no_gutter":"0","id":"","class":"","padding":"150px 0px 140px 0px","margin":"0px 0px 0px 0px","color":"","background_color":"","background_image":"","overlay":"","background_repeat":"no-repeat","background_size":"cover","background_attachment":"fixed","background_position":"0 0","background_video":"0","background_video_mp4":"","background_video_ogv":"","hidden_xs":"","hidden_sm":"","hidden_md":"","animation":"","animationduration":"300","animationdelay":"0"},"layout":"4,4,4","columns":[{"id":1486536905120,"class_name":"col-md-4","visibility":true,"settings":{},"addons":[{"id":1486539249587,"name":"image","visibility":true,"settings":{"admin_label":"AWARD 1","title":"","heading_selector":"h3","title_fontsize":"","title_lineheight":"","title_fontstyle":null,"title_letterspace":"0","title_fontweight":"","title_text_color":"","title_margin_top":"","title_margin_bottom":"","image":"https://sppagebuilder.com/sample-data/images/2017/02/08/client-link1.png","alt_text":"Inc. 5000","position":"sppb-text-center","open_lightbox":"0","overlay_color":"rgba(119, 219, 31, 0.5)","link":"","target":"","class":"","global_text_color":"","global_link_color":"","global_link_hover_color":"","global_use_background":"0","global_background_color":"","global_background_image":"","global_background_repeat":"no-repeat","global_background_size":"cover","global_background_attachment":"inherit","global_user_border":"0","global_border_width":"","global_border_color":"","global_boder_style":"none","global_border_radius":"","global_margin":"","global_padding":"","global_use_animation":"0","global_animation":"","global_animationduration":"300","global_animationdelay":"0","hidden_md":"0","hidden_sm":"0","hidden_xs":"0","acl":null}},{"id":1486539310617,"name":"heading","visibility":true,"settings":{"admin_label":"List of Fastest Growing Companies 2015","title":"List of Fastest Growing <br>Companies 2015","heading_selector":"h4","use_link":"0","title_link":"","link_new_tab":"0","title_fontsize":"16","title_fontstyle":["lighter"],"title_lineheight":"24px","title_letterspace":"0","title_margin":"10px 0px 0px 0px","title_padding":"0px 0px 0px 0px","alignment":"sppb-text-center","class":"","global_text_color":"","global_link_color":"","global_link_hover_color":"","global_use_background":"0","global_background_color":"","global_background_image":"","global_background_repeat":"no-repeat","global_background_size":"cover","global_background_attachment":"inherit","global_user_border":"0","global_border_width":"","global_border_color":"","global_boder_style":"none","global_border_radius":"","global_margin":"","global_padding":"","global_use_animation":"0","global_animation":"","global_animationduration":"300","global_animationdelay":"0","hidden_md":"0","hidden_sm":"0","hidden_xs":"0","acl":null}}]},{"id":1486536905121,"class_name":"col-md-4","visibility":true,"settings":{},"addons":[{"id":1486536905137,"name":"image","visibility":true,"settings":{"admin_label":"AWARD 2","title":"","heading_selector":"h3","title_fontsize":"","title_lineheight":"","title_fontstyle":null,"title_letterspace":"0","title_fontweight":"","title_text_color":"","title_margin_top":"","title_margin_bottom":"","image":"https://sppagebuilder.com/sample-data/images/2017/02/08/client-link2.png","alt_text":"Inc. 5000","position":"sppb-text-center","open_lightbox":"0","overlay_color":"rgba(119, 219, 31, 0.5)","link":"","target":"","class":"","global_text_color":"","global_link_color":"","global_link_hover_color":"","global_use_background":"0","global_background_color":"","global_background_image":"","global_background_repeat":"no-repeat","global_background_size":"cover","global_background_attachment":"inherit","global_user_border":"0","global_border_width":"","global_border_color":"","global_boder_style":"none","global_border_radius":"","global_margin":"","global_padding":"","global_use_animation":"0","global_animation":"","global_animationduration":"300","global_animationdelay":"0","hidden_md":"0","hidden_sm":"0","hidden_xs":"0","acl":null}},{"id":1486536905143,"name":"heading","visibility":true,"settings":{"admin_label":"Best Business Award Winner for Excellence 2016","title":"Best Business Award Winner<br> for Excellence 2016","heading_selector":"h4","use_link":"0","title_link":"","link_new_tab":"0","title_fontsize":"16","title_fontstyle":["lighter"],"title_lineheight":"24px","title_letterspace":"0","title_margin":"10px 0px 0px 0px","title_padding":"0px 0px 0px 0px","alignment":"sppb-text-center","class":"","global_text_color":"","global_link_color":"","global_link_hover_color":"","global_use_background":"0","global_background_color":"","global_background_image":"","global_background_repeat":"no-repeat","global_background_size":"cover","global_background_attachment":"inherit","global_user_border":"0","global_border_width":"","global_border_color":"","global_boder_style":"none","global_border_radius":"","global_margin":"","global_padding":"","global_use_animation":"0","global_animation":"","global_animationduration":"300","global_animationdelay":"0","hidden_md":"0","hidden_sm":"0","hidden_xs":"0","acl":null}}]},{"id":1486536905122,"class_name":"col-md-4","visibility":true,"settings":{},"addons":[{"id":1486536905140,"name":"image","visibility":true,"settings":{"admin_label":"AWARD 3","title":"","heading_selector":"h3","title_fontsize":"","title_lineheight":"","title_fontstyle":null,"title_letterspace":"0","title_fontweight":"","title_text_color":"","title_margin_top":"","title_margin_bottom":"","image":"https://sppagebuilder.com/sample-data/images/2017/02/08/client-link3.png","alt_text":"Inc. 5000","position":"sppb-text-center","open_lightbox":"0","overlay_color":"rgba(119, 219, 31, 0.5)","link":"","target":"","class":"","global_text_color":"","global_link_color":"","global_link_hover_color":"","global_use_background":"0","global_background_color":"","global_background_image":"","global_background_repeat":"no-repeat","global_background_size":"cover","global_background_attachment":"inherit","global_user_border":"0","global_border_width":"","global_border_color":"","global_boder_style":"none","global_border_radius":"","global_margin":"","global_padding":"","global_use_animation":"0","global_animation":"","global_animationduration":"300","global_animationdelay":"0","hidden_md":"0","hidden_sm":"0","hidden_xs":"0","acl":null}},{"id":1486536905146,"name":"heading","visibility":true,"settings":{"admin_label":"World Summit Award Winner for Innovation 2017","title":"World Summit Award Winner <br>for Innovation 2017","heading_selector":"h4","use_link":"0","title_link":"","link_new_tab":"0","title_fontsize":"16","title_fontstyle":["lighter"],"title_lineheight":"24px","title_letterspace":"0","title_margin":"10px 0px 0px 0px","title_padding":"0px 0px 0px 0px","alignment":"sppb-text-center","class":"","global_text_color":"","global_link_color":"","global_link_hover_color":"","global_use_background":"0","global_background_color":"","global_background_image":"","global_background_repeat":"no-repeat","global_background_size":"cover","global_background_attachment":"inherit","global_user_border":"0","global_border_width":"","global_border_color":"","global_boder_style":"none","global_border_radius":"","global_margin":"","global_padding":"","global_use_animation":"0","global_animation":"","global_animationduration":"300","global_animationdelay":"0","hidden_md":"0","hidden_sm":"0","hidden_xs":"0","acl":null}}]}]}]
