[{"id":1494834765767,"visibility":true,"collapse":false,"settings":{"admin_label":"Hero Section","title":"","heading_selector":"h3","title_fontsize":"","title_fontweight":"","title_text_color":"","title_margin_top":"","title_margin_bottom":"","subtitle":"","subtitle_fontsize":"","title_position":"sppb-text-center","columns_equal_height":"0","fullscreen":"0","no_gutter":"0","id":"","class":"","padding":"245px 0px 250px 0px","margin":"0px 0px 0px 0px","color":"","background_color":"","background_image":"https://sppagebuilder.com/sample-data/images/2017/07/10/saloon-hero.jpg","overlay":"","background_repeat":"no-repeat","background_size":"cover","background_attachment":"inherit","background_position":"50% 50%","background_video":"0","background_video_mp4":"","background_video_ogv":"","hidden_xs":"","hidden_sm":"","hidden_md":"","animation":"","animationduration":"300","animationdelay":"0"},"layout":"12","columns":[{"id":1494834765768,"class_name":"col-md-12","visibility":true,"settings":{},"addons":[{"id":1494846467168,"name":"heading","visibility":true,"settings":{"admin_label":"BEST BARBER SALOON","title":"BEST BARBER SALOON","heading_selector":"h2","use_link":"0","title_link":"","link_new_tab":"0","title_fontsize":"20","title_fontstyle":null,"title_fontweight":"500","title_lineheight":"1.25","title_letterspace":"10px","title_margin":"0px 0px 18px 0px","title_padding":"0px 0px 0px 0px","alignment":"sppb-text-left","class":"","global_text_color":"rgba(207, 157, 95, 1)","global_link_color":"","global_link_hover_color":"","global_use_background":"0","global_background_color":"","global_background_image":"","global_background_repeat":"no-repeat","global_background_size":"cover","global_background_attachment":"inherit","global_user_border":"0","global_border_width":"","global_border_color":"","global_boder_style":"none","global_border_radius":"","global_margin":"","global_padding":"","global_use_animation":"1","global_animation":"fadeInDown","global_animationduration":"700","global_animationdelay":"","hidden_md":"0","hidden_sm":"0","hidden_xs":"0","acl":null}},{"id":1499321738685,"name":"heading","visibility":true,"settings":{"admin_label":"Dealing with Dandruff","title":"Dealing with Dandruff","heading_selector":"h3","use_link":"0","title_link":"","link_new_tab":"0","title_fontsize":"48","title_fontstyle":null,"title_fontweight":"700","title_lineheight":"1.25","title_letterspace":"0","title_margin":"0px 0px 30px 0px","title_padding":"0px 0px 0px 0px","alignment":"sppb-text-left","class":"","global_text_color":"rgba(255, 255, 255, 1)","global_link_color":"","global_link_hover_color":"","global_use_background":"0","global_background_color":"","global_background_image":"","global_background_repeat":"no-repeat","global_background_size":"cover","global_background_attachment":"inherit","global_user_border":"0","global_border_width":"","global_border_color":"","global_boder_style":"none","global_border_radius":"","global_margin":"","global_padding":"","global_use_animation":"1","global_animation":"fadeInDown","global_animationduration":"700","global_animationdelay":"","hidden_md":"0","hidden_sm":"0","hidden_xs":"0","acl":null}},{"id":1494846739215,"name":"button","visibility":true,"settings":{"admin_label":"Book Now","text":"Book Now","alignment":"sppb-text-left","fontstyle":null,"letterspace":"0","url":"#","target":"","type":"custom","appearance":"","background_color":"rgba(207, 157, 95, 1)","color":"#ffffff","background_color_hover":"rgba(186, 140, 71, 1)","color_hover":"#ffffff","button_padding":"12px 45px 12px 45px","size":"","shape":"rounded","block":"","icon":"","icon_position":"left","class":"","global_text_color":"","global_link_color":"","global_link_hover_color":"","global_use_background":"0","global_background_color":"","global_background_image":"","global_background_repeat":"no-repeat","global_background_size":"cover","global_background_attachment":"inherit","global_user_border":"0","global_border_width":"","global_border_color":"","global_boder_style":"none","global_border_radius":"","global_margin":"","global_padding":"","global_use_animation":"1","global_animation":"fadeInUp","global_animationduration":"700","global_animationdelay":"","hidden_md":"0","hidden_sm":"0","hidden_xs":"0","acl":null}}]}]},{"id":1494847035476,"visibility":true,"collapse":false,"settings":{"admin_label":"Services","title":"","heading_selector":"h3","title_fontsize":"","title_fontweight":"","title_text_color":"","title_margin_top":"","title_margin_bottom":"","subtitle":"","subtitle_fontsize":"","title_position":"sppb-text-center","columns_equal_height":"0","fullscreen":"0","no_gutter":"0","id":"","class":"","padding":"93px 0px 0px 0px","margin":"0px 0px 0px 0px","color":"","background_color":"","background_image":"","overlay":"","background_repeat":"no-repeat","background_size":"cover","background_attachment":"fixed","background_position":"0 0","background_video":"0","background_video_mp4":"","background_video_ogv":"","hidden_xs":"","hidden_sm":"","hidden_md":"","animation":"","animationduration":"300","animationdelay":"0"},"layout":"12","columns":[{"id":1494493363858,"class_name":"col-md-12","visibility":true,"settings":{},"addons":[{"id":1494493363861,"name":"heading","visibility":true,"settings":{"admin_label":"SERVICE","title":"SERVICE","heading_selector":"h2","use_link":"0","title_link":"","link_new_tab":"0","title_fontsize":"18","title_fontstyle":null,"title_fontweight":"500","title_lineheight":"","title_letterspace":"10px","title_margin":"0px 0px 20px 0px","title_padding":"0px 0px 0px 0px","alignment":"sppb-text-center","class":"","global_text_color":"rgba(207, 157, 95, 1)","global_link_color":"","global_link_hover_color":"","global_use_background":"0","global_background_color":"","global_background_image":"","global_background_repeat":"no-repeat","global_background_size":"cover","global_background_attachment":"inherit","global_user_border":"0","global_border_width":"","global_border_color":"","global_boder_style":"none","global_border_radius":"","global_margin":"","global_padding":"","global_use_animation":"0","global_animation":"","global_animationduration":"300","global_animationdelay":"0","hidden_md":"0","hidden_sm":"0","hidden_xs":"0","acl":null}},{"id":1494493363864,"name":"heading","visibility":true,"settings":{"admin_label":"We Provide","title":"We Provide","heading_selector":"h3","use_link":"0","title_link":"","link_new_tab":"0","title_fontsize":"36","title_fontstyle":null,"title_fontweight":"700","title_lineheight":"1.25","title_letterspace":"0","title_margin":"0px 0px 20px 0px","title_padding":"0px 0px 0px 0px","alignment":"sppb-text-center","class":"","global_text_color":"rgba(41, 51, 64, 1)","global_link_color":"","global_link_hover_color":"","global_use_background":"0","global_background_color":"","global_background_image":"","global_background_repeat":"no-repeat","global_background_size":"cover","global_background_attachment":"inherit","global_user_border":"0","global_border_width":"","global_border_color":"","global_boder_style":"none","global_border_radius":"","global_margin":"","global_padding":"","global_use_animation":"0","global_animation":"","global_animationduration":"300","global_animationdelay":"0","hidden_md":"0","hidden_sm":"0","hidden_xs":"0","acl":null}},{"id":1494493363869,"type":"inner_row","settings":{"admin_label":"","title":"","heading_selector":"h3","title_fontsize":"","title_fontweight":"","title_text_color":"","title_margin_top":"","title_margin_bottom":"","subtitle":"","subtitle_fontsize":"","title_position":"sppb-text-center","columns_equal_height":"0","fullscreen":"0","no_gutter":"0","id":"","class":"","padding":"50px 0px 0px 0px","margin":"0px 0px 0px 0px","color":"","background_color":"","background_image":"","overlay":"","background_repeat":"no-repeat","background_size":"cover","background_attachment":"fixed","background_position":"0 0","background_video":"0","background_video_mp4":"","background_video_ogv":"","hidden_xs":"","hidden_sm":"","hidden_md":"","animation":"","animationduration":"300","animationdelay":"0"},"layout":"4,4,4","visibility":true,"columns":[{"id":1494493363870,"class_name":"col-md-4","visibility":true,"settings":{"color":"","background":"","background_image":"","overlay":"","background_repeat":"no-repeat","background_size":"cover","background_attachment":"scroll","background_position":"0 0","padding":"0 0 30px 0","class":"","sm_col":"","xs_col":"","hidden_xs":"","hidden_sm":"","hidden_md":"","animation":"","animationduration":"300","animationdelay":"0"},"addons":[{"id":1494496278621,"name":"feature","visibility":true,"settings":{"admin_label":"Hair Cutting","title":"Hair Cutting","heading_selector":"h3","title_position":"after","title_fontsize":"20","title_lineheight":"","title_fontstyle":null,"title_letterspace":"0","title_fontweight":"700","title_text_color":"rgba(41, 51, 64, 1)","title_margin_top":"30","title_margin_bottom":"25","title_url":"","url_appear":"title","feature_type":"image","feature_image":"https://sppagebuilder.com/sample-data/images/2017/07/06/icon4.png","icon_name":"fa-tachometer","icon_size":"48","icon_color":"rgba(184, 233, 134, 1)","icon_background":"","icon_border_color":"","icon_border_width":"","icon_border_radius":"","icon_margin_top":"","icon_margin_bottom":"","icon_padding":"","text":"\t\t<div style=\"color: #878787; font-size: 16px;\">Lorem Ipsum has been the<br \/> industry's standard dummy text<br \/> ever since the 1500s<\/div>","alignment":"sppb-text-center","class":"","global_text_color":"","global_link_color":"","global_link_hover_color":"","global_use_background":"0","global_background_color":"","global_background_image":"","global_background_repeat":"no-repeat","global_background_size":"cover","global_background_attachment":"inherit","global_user_border":"0","global_border_width":"","global_border_color":"","global_boder_style":"none","global_border_radius":"","global_margin":"0 0 30px 0","global_padding":"","global_use_animation":"1","global_animation":"fadeInLeft","global_animationduration":"700","global_animationdelay":"","hidden_md":"0","hidden_sm":"0","hidden_xs":"0","acl":null},"htmlContent":"<div id=\"sppb-addon-1494496278621\" class=\" sppb-wow fadeInLeft clearfix\"  data-sppb-wow-duration=\"700ms\" ><div class=\"sppb-addon sppb-addon-feature sppb-text-center \"><div class=\"sppb-addon-content\"><span class=\"sppb-img-container\"><img class=\"sppb-img-responsive\" src=\"https://sppagebuilder.com/sample-data/images/2017/07/06/icon4.png\" alt=\"Hair Cutting\"><\/span><h3 class=\"sppb-addon-title sppb-feature-box-title\">Hair Cutting<\/h3><div class=\"sppb-addon-text\">\t\t<div style=\"color: #878787; font-size: 16px;\">Lorem Ipsum has been the<br \/> industry's standard dummy text<br \/> ever since the 1500s<\/div><\/div><\/div><\/div><\/div>","assets":{"css":"#sppb-addon-1494496278621 {\nmargin: 0 0 30px 0;\n}\n#sppb-addon-1494496278621 .sppb-addon-title {\nmargin-top:30px;margin-bottom:25px;color:rgba(41, 51, 64, 1);font-size:20px;line-height:20px;font-weight:700;}\n#sppb-addon-1494496278621 .sppb-img-container {display:inline-block;}"}}]},{"id":1494493363873,"class_name":"col-md-4","visibility":true,"settings":{"color":"","background":"","background_image":"","overlay":"","background_repeat":"no-repeat","background_size":"cover","background_attachment":"scroll","background_position":"0 0","padding":"0 0 30px 0","class":"","sm_col":"","xs_col":"","hidden_xs":"","hidden_sm":"","hidden_md":"","animation":"fadeInLeft","animationduration":"300","animationdelay":"0"},"addons":[{"id":1499321738735,"name":"feature","visibility":true,"settings":{"admin_label":"Beard Cutting","title":"Beard Cutting","heading_selector":"h3","title_position":"after","title_fontsize":"20","title_lineheight":"","title_fontstyle":null,"title_letterspace":"0","title_fontweight":"700","title_text_color":"rgba(41, 51, 64, 1)","title_margin_top":"30","title_margin_bottom":"25","title_url":"","url_appear":"title","feature_type":"image","feature_image":"https://sppagebuilder.com/sample-data/images/2017/07/06/icon5.png","icon_name":"fa-tachometer","icon_size":"48","icon_color":"rgba(184, 233, 134, 1)","icon_background":"","icon_border_color":"","icon_border_width":"","icon_border_radius":"","icon_margin_top":"","icon_margin_bottom":"","icon_padding":"","text":"\t\t\t\t<div style=\"color: #878787; font-size: 16px;\">Lorem Ipsum has been the<br \/> industry's standard dummy text<br \/> ever since the 1500s<\/div>","alignment":"sppb-text-center","class":"","global_text_color":"","global_link_color":"","global_link_hover_color":"","global_use_background":"0","global_background_color":"","global_background_image":"","global_background_repeat":"no-repeat","global_background_size":"cover","global_background_attachment":"inherit","global_user_border":"0","global_border_width":"","global_border_color":"","global_boder_style":"none","global_border_radius":"","global_margin":"0 0 30px 0","global_padding":"","global_use_animation":"1","global_animation":"fadeInLeft","global_animationduration":"700","global_animationdelay":"300","hidden_md":"0","hidden_sm":"0","hidden_xs":"0","acl":null},"htmlContent":"<div id=\"sppb-addon-1499321738735\" class=\" sppb-wow fadeInLeft clearfix\"  data-sppb-wow-duration=\"700ms\" data-sppb-wow-delay=\"300ms\" ><div class=\"sppb-addon sppb-addon-feature sppb-text-center \"><div class=\"sppb-addon-content\"><span class=\"sppb-img-container\"><img class=\"sppb-img-responsive\" src=\"https://sppagebuilder.com/sample-data/images/2017/07/06/icon5.png\" alt=\"Beard Cutting\"><\/span><h3 class=\"sppb-addon-title sppb-feature-box-title\">Beard Cutting<\/h3><div class=\"sppb-addon-text\">\t\t\t\t<div style=\"color: #878787; font-size: 16px;\">Lorem Ipsum has been the<br \/> industry's standard dummy text<br \/> ever since the 1500s<\/div><\/div><\/div><\/div><\/div>","assets":{"css":"#sppb-addon-1499321738735 {\nmargin: 0 0 30px 0;\n}\n#sppb-addon-1499321738735 .sppb-addon-title {\nmargin-top:30px;margin-bottom:25px;color:rgba(41, 51, 64, 1);font-size:20px;line-height:20px;font-weight:700;}\n#sppb-addon-1499321738735 .sppb-img-container {display:inline-block;}"}}]},{"id":1494493363874,"class_name":"col-md-4","visibility":true,"settings":{"color":"","background":"","background_image":"","overlay":"","background_repeat":"no-repeat","background_size":"cover","background_attachment":"scroll","background_position":"0 0","padding":"0 0 30px 0","class":"","sm_col":"","xs_col":"","hidden_xs":"","hidden_sm":"","hidden_md":"","animation":"","animationduration":"300","animationdelay":"0"},"addons":[{"id":1499321738730,"name":"feature","visibility":true,"settings":{"admin_label":"Facial Treatment","title":"Facial Treatment","heading_selector":"h3","title_position":"after","title_fontsize":"20","title_lineheight":"","title_fontstyle":null,"title_letterspace":"0","title_fontweight":"700","title_text_color":"rgba(41, 51, 64, 1)","title_margin_top":"30","title_margin_bottom":"25","title_url":"","url_appear":"title","feature_type":"image","feature_image":"https://sppagebuilder.com/sample-data/images/2017/07/06/icon6.png","icon_name":"fa-tachometer","icon_size":"48","icon_color":"rgba(184, 233, 134, 1)","icon_background":"","icon_border_color":"","icon_border_width":"","icon_border_radius":"","icon_margin_top":"","icon_margin_bottom":"","icon_padding":"","text":"\t\t\t\t<div style=\"color: #878787; font-size: 16px;\">Lorem Ipsum has been the<br \/> industry's standard dummy text<br \/> ever since the 1500s<\/div>","alignment":"sppb-text-center","class":"","global_text_color":"","global_link_color":"","global_link_hover_color":"","global_use_background":"0","global_background_color":"","global_background_image":"","global_background_repeat":"no-repeat","global_background_size":"cover","global_background_attachment":"inherit","global_user_border":"0","global_border_width":"","global_border_color":"","global_boder_style":"none","global_border_radius":"","global_margin":"0 0 30px 0","global_padding":"","global_use_animation":"1","global_animation":"fadeInLeft","global_animationduration":"700","global_animationdelay":"600","hidden_md":"0","hidden_sm":"0","hidden_xs":"0","acl":null},"htmlContent":"<div id=\"sppb-addon-1499321738730\" class=\" sppb-wow fadeInLeft clearfix\"  data-sppb-wow-duration=\"700ms\" data-sppb-wow-delay=\"600ms\" ><div class=\"sppb-addon sppb-addon-feature sppb-text-center \"><div class=\"sppb-addon-content\"><span class=\"sppb-img-container\"><img class=\"sppb-img-responsive\" src=\"https://sppagebuilder.com/sample-data/images/2017/07/06/icon6.png\" alt=\"Facial Treatment\"><\/span><h3 class=\"sppb-addon-title sppb-feature-box-title\">Facial Treatment<\/h3><div class=\"sppb-addon-text\">\t\t\t\t<div style=\"color: #878787; font-size: 16px;\">Lorem Ipsum has been the<br \/> industry's standard dummy text<br \/> ever since the 1500s<\/div><\/div><\/div><\/div><\/div>","assets":{"css":"#sppb-addon-1499321738730 {\nmargin: 0 0 30px 0;\n}\n#sppb-addon-1499321738730 .sppb-addon-title {\nmargin-top:30px;margin-bottom:25px;color:rgba(41, 51, 64, 1);font-size:20px;line-height:20px;font-weight:700;}\n#sppb-addon-1499321738730 .sppb-img-container {display:inline-block;}"}}]}]}]}]},{"id":1494850001767,"visibility":true,"collapse":false,"settings":{"admin_label":"Play Video","title":"","heading_selector":"h3","title_fontsize":"","title_fontweight":"","title_text_color":"","title_margin_top":"","title_margin_bottom":"","subtitle":"","subtitle_fontsize":"","title_position":"sppb-text-center","columns_equal_height":"1","fullscreen":"0","no_gutter":"1","id":"","class":"","padding":"35px 0px 100px 0px","margin":"0px 0px 0px 0px","color":"","background_color":"","background_image":"","overlay":"","background_repeat":"no-repeat","background_size":"cover","background_attachment":"fixed","background_position":"0 0","background_video":"0","background_video_mp4":"","background_video_ogv":"","hidden_xs":"","hidden_sm":"","hidden_md":"","animation":"","animationduration":"300","animationdelay":"0"},"layout":"6,6","columns":[{"id":1494397321380,"class_name":"col-md-6","visibility":true,"settings":{"color":"","background":"","background_image":"https://sppagebuilder.com/sample-data/images/2017/07/06/salon-service1.jpg","overlay":"","background_repeat":"no-repeat","background_size":"cover","background_attachment":"inherit","background_position":"50% 50%","padding":"","class":"","sm_col":"","xs_col":"","hidden_xs":"","hidden_sm":"","hidden_md":"","animation":"","animationduration":"300","animationdelay":"0"},"addons":[{"id":1499323143427,"name":"modal","visibility":true,"settings":{"admin_label":"","modal_selector":"image","button_text":"Button Text","button_type":"default","button_fontstyle":null,"button_letterspace":"0","button_padding":"","button_background_color":"#444444","button_color":"#ffffff","button_background_color_hover":"#222222","button_color_hover":"#ffffff","button_size":"","button_appearance":"","button_shape":"rounded","button_block":"","button_icon":"","button_icon_position":"left","selector_image":"https://sppagebuilder.com/sample-data/images/2017/07/06/play-icon.png","selector_icon_name":"","selector_icon_size":"36","selector_icon_color":"","selector_icon_background":"","selector_icon_border_color":"","selector_icon_border_width":"","selector_icon_border_radius":"","selector_icon_padding":"","modal_content_type":"video","modal_content_text":"\t\t\t\t\t\t\t\t\tKevin chicken fatback sirloin ball tip, flank meatloaf t-bone. Meatloaf shankle swine pancetta biltong capicola ham hock meatball. Shoulder bacon andouille ground round pancetta pastrami. Sirloin beef ribs tenderloin rump corned beef filet mignon capicola kielbasa drumstick chuck turducken beef t-bone ribeye. Pork loin ground round t-bone chuck beef ribs swine pastrami cow. Venison tenderloin drumstick, filet mignon salami jowl sausage shank hamburger meatball ribeye kevin tri-tip. Swine kielbasa tenderloin fatback pork shankle andouille, flank frankfurter jerky chicken tri-tip jowl leberkas.&lt;br&gt;&lt;br&gt;Pancetta chicken pork belly beef cow kielbasa fatback sirloin biltong andouille bacon. Sirloin beef tenderloin porchetta, jerky tri-tip andouille sausage landjaeger shank bresaola short ribs tongue meatloaf fatback. Kielbasa pancetta shoulder tri-tip pastrami filet mignon ham corned beef prosciutto doner beef ribs. Doner sausage ham hock, shoulder sirloin pancetta boudin filet mignon chuck. Meatball ham hock beef, filet mignon tri-tip andouille venison ground round chuck turducken drumstick.","modal_content_image":"","modal_content_video_url":"https:\/\/www.youtube.com\/watch?v=fDlDl5IEaB8","modal_popup_width":"760","modal_popup_height":"440","alignment":"sppb-text-center","class":"","global_text_color":"","global_link_color":"","global_link_hover_color":"","global_use_background":"0","global_background_color":"","global_background_image":"","global_background_repeat":"no-repeat","global_background_size":"cover","global_background_attachment":"inherit","global_user_border":"0","global_border_width":"","global_border_color":"","global_boder_style":"none","global_border_radius":"","global_margin":"","global_padding":"225px 150px 110px 150px","global_use_animation":"0","global_animation":"","global_animationduration":"300","global_animationdelay":"0","hidden_md":"0","hidden_sm":"0","hidden_xs":"0","acl":null}}]},{"id":1494397321381,"class_name":"col-md-6","visibility":true,"settings":{"color":"","background":"rgba(245, 249, 251, 1)","background_image":"","overlay":"","background_repeat":"no-repeat","background_size":"cover","background_attachment":"scroll","background_position":"0 0","padding":"145px 115px 110px 115px","class":"","sm_col":"","xs_col":"","hidden_xs":"","hidden_sm":"","hidden_md":"","animation":"","animationduration":"300","animationdelay":"0"},"addons":[{"id":1494397840378,"name":"heading","visibility":true,"settings":{"admin_label":"About Us","title":"About Us","heading_selector":"h3","use_link":"0","title_link":"","link_new_tab":"0","title_fontsize":"36","title_fontstyle":null,"title_fontweight":"700","title_lineheight":"","title_letterspace":"0","title_margin":"0 0px 13px 0px","title_padding":"0px 0px 0px 0px","alignment":"sppb-text-left","class":"","global_text_color":"rgba(41, 51, 64, 1)","global_link_color":"","global_link_hover_color":"","global_use_background":"0","global_background_color":"","global_background_image":"","global_background_repeat":"no-repeat","global_background_size":"cover","global_background_attachment":"inherit","global_user_border":"0","global_border_width":"","global_border_color":"","global_boder_style":"none","global_border_radius":"","global_margin":"","global_padding":"","global_use_animation":"0","global_animation":"","global_animationduration":"300","global_animationdelay":"0","hidden_md":"0","hidden_sm":"0","hidden_xs":"0","acl":null}},{"id":1494850019797,"name":"text_block","visibility":true,"settings":{"admin_label":"It was popularised in the 1960s.....","title":"It has survived not only five centuries, but also the leap into electronic typesetting, remaining essentially unchanged.<br><br>\nContrary to popular belief, Lorem Ipsum is not simply random text. It has roots in a piece of classical Latin literature from 45 BC, making it over 2000 years old.","heading_selector":"h4","title_fontsize":"16","title_lineheight":"25","title_fontstyle":null,"title_letterspace":"0","title_fontweight":"300","title_text_color":"rgba(135, 135, 135, 1)","title_margin_top":"0","title_margin_bottom":"","text":"\t\t\t\t\t\t\t","alignment":"sppb-text-left","class":"","global_text_color":"","global_link_color":"","global_link_hover_color":"","global_use_background":"0","global_background_color":"","global_background_image":"","global_background_repeat":"no-repeat","global_background_size":"cover","global_background_attachment":"inherit","global_user_border":"0","global_border_width":"","global_border_color":"","global_boder_style":"none","global_border_radius":"","global_margin":"0 0 20px 0","global_padding":"","global_use_animation":"0","global_animation":"","global_animationduration":"300","global_animationdelay":"0","hidden_md":"0","hidden_sm":"0","hidden_xs":"0","acl":null}}]}]},{"id":1494911041908,"visibility":true,"collapse":false,"settings":{"admin_label":"Trending Hair Styles","title":"","heading_selector":"h3","title_fontsize":"","title_fontweight":"","title_text_color":"","title_margin_top":"","title_margin_bottom":"","subtitle":"","subtitle_fontsize":"","title_position":"sppb-text-center","columns_equal_height":"0","fullscreen":"0","no_gutter":"0","id":"","class":"","padding":"0px 0px 100px 0px","margin":"0px 0px 0px 0px","color":"","background_color":"","background_image":"","overlay":"","background_repeat":"no-repeat","background_size":"cover","background_attachment":"fixed","background_position":"0 0","background_video":"0","background_video_mp4":"","background_video_ogv":"","hidden_xs":"","hidden_sm":"","hidden_md":"","animation":"","animationduration":"300","animationdelay":"0"},"layout":"12","columns":[{"id":1494911041909,"class_name":"col-md-12","visibility":true,"settings":{},"addons":[{"id":1499321738774,"name":"heading","visibility":true,"settings":{"admin_label":"BE TREND","title":"BE TREND","heading_selector":"h2","use_link":"0","title_link":"","link_new_tab":"0","title_fontsize":"18","title_fontstyle":null,"title_fontweight":"500","title_lineheight":"","title_letterspace":"10px","title_margin":"0px 0px 20px 0px","title_padding":"0px 0px 0px 0px","alignment":"sppb-text-center","class":"","global_text_color":"rgba(207, 157, 95, 1)","global_link_color":"","global_link_hover_color":"","global_use_background":"0","global_background_color":"","global_background_image":"","global_background_repeat":"no-repeat","global_background_size":"cover","global_background_attachment":"inherit","global_user_border":"0","global_border_width":"","global_border_color":"","global_boder_style":"none","global_border_radius":"","global_margin":"","global_padding":"","global_use_animation":"0","global_animation":"","global_animationduration":"300","global_animationdelay":"0","hidden_md":"0","hidden_sm":"0","hidden_xs":"0","acl":null}},{"id":1499321738777,"name":"heading","visibility":true,"settings":{"admin_label":"Popular Style","title":"Popular Style","heading_selector":"h3","use_link":"0","title_link":"","link_new_tab":"0","title_fontsize":"36","title_fontstyle":null,"title_fontweight":"700","title_lineheight":"1.25","title_letterspace":"0","title_margin":"0px 0px 20px 0px","title_padding":"0px 0px 0px 0px","alignment":"sppb-text-center","class":"","global_text_color":"rgba(41, 51, 64, 1)","global_link_color":"","global_link_hover_color":"","global_use_background":"0","global_background_color":"","global_background_image":"","global_background_repeat":"no-repeat","global_background_size":"cover","global_background_attachment":"inherit","global_user_border":"0","global_border_width":"","global_border_color":"","global_boder_style":"none","global_border_radius":"","global_margin":"","global_padding":"","global_use_animation":"0","global_animation":"","global_animationduration":"300","global_animationdelay":"0","hidden_md":"0","hidden_sm":"0","hidden_xs":"0","acl":null}},{"id":1499325986767,"type":"inner_row","settings":{"admin_label":"","title":"","heading_selector":"h3","title_fontsize":"","title_fontweight":"","title_text_color":"","title_margin_top":"","title_margin_bottom":"","subtitle":"","subtitle_fontsize":"","title_position":"sppb-text-center","columns_equal_height":"0","fullscreen":"0","no_gutter":"0","id":"","class":"","padding":"50px 0px 0px 0px","margin":"0px 0px 0px 0px","color":"","background_color":"","background_image":"","overlay":"","background_repeat":"no-repeat","background_size":"cover","background_attachment":"fixed","background_position":"0 0","background_video":"0","background_video_mp4":"","background_video_ogv":"","hidden_xs":"","hidden_sm":"","hidden_md":"","animation":"","animationduration":"300","animationdelay":"0"},"layout":"3,3,3,3","visibility":true,"columns":[{"id":1499247916331,"class_name":"col-md-3","visibility":true,"settings":{"color":"","background":"","background_image":"","overlay":"","background_repeat":"no-repeat","background_size":"cover","background_attachment":"scroll","background_position":"0 0","padding":"0 5px 0 5px","class":"","sm_col":"col-sm-6","xs_col":"","hidden_xs":"","hidden_sm":"","hidden_md":"","animation":"","animationduration":"300","animationdelay":"0"},"addons":[{"id":1499252017893,"name":"flip_box","visibility":true,"settings":{"admin_label":"Style 1","flip_bhave":"hover","front_text":"","flip_text":"<h3 style=\"font-size: 14px;font-weight: 400;\">New Trend<\/h3>\n<h4 style=\"font-size: 20px;font-weight: 500;\">East Zackery<\/h4><br>\n<a href=\"#\" class=\"btn btn-primary\" style=\"background: #fff;color: #293340;font-size: 14px;border: none; padding: 11px 30px; border-radius: 5px;\">Add To Cart<\/a>","class":"","flip_style":"threeD_style","rotate":"flip_left","height":"255","text_align":"center","border_styles":null,"border_color":"","front_bgcolor":"","front_bgimg":"https://sppagebuilder.com/sample-data/images/2017/07/06/style01.jpg","front_textcolor":"","back_bgcolor":"rgba(207, 157, 95, 0.9)","back_bgimg":"https://sppagebuilder.com/sample-data/images/2017/07/06/style01.jpg","back_textcolor":"#ffffff","global_text_color":"","global_link_color":"","global_link_hover_color":"","global_use_background":"0","global_background_color":"","global_background_image":"","global_background_repeat":"no-repeat","global_background_size":"cover","global_background_attachment":"inherit","global_user_border":"0","global_border_width":"","global_border_color":"","global_boder_style":"none","global_border_radius":"","global_margin":"0 0 40px 0","global_padding":"","global_use_animation":"0","global_animation":"","global_animationduration":"300","global_animationdelay":"0","hidden_md":"0","hidden_sm":"0","hidden_xs":"0","acl":null},"htmlContent":"<div id=\"sppb-addon-1499252017893\" class=\"clearfix\" ><div class=\"sppb-addon sppb-addon-sppb-flibox  threeD-flipbox flip_left flipon-hover sppb-text-center\"><div class=\"threeD-content-wrap\"><div class=\"threeD-item\"><div class = \"threeD-flip-front\"><div class = \"threeD-content-inner\"><\/div><\/div><div class = \"threeD-flip-back\"><div class = \"threeD-content-inner\"><h3 style=\"font-size: 14px;font-weight: 400;\">New Trend<\/h3>\n<h4 style=\"font-size: 20px;font-weight: 500;\">East Zackery<\/h4><br>\n<a href=\"#\" class=\"btn btn-primary\" style=\"background: #fff;color: #293340;font-size: 14px;border: none; padding: 11px 30px; border-radius: 5px;\">Add To Cart<\/a><\/div><\/div ><\/div><\/div><\/div><\/div>","assets":{"css":"#sppb-addon-1499252017893 {\nmargin: 0 0 40px 0;\n}\n#sppb-addon-1499252017893 .sppb-flipbox-panel {height: 255px;}#sppb-addon-1499252017893 .threeD-item {height: 255px;}#sppb-addon-1499252017893 .sppb-flipbox-front {background-image: url(http:\/\/10.0.1.5\/work\/test\/joomla\/helix3\/https://sppagebuilder.com/sample-data/images/2017/07/06/style01.jpg);}#sppb-addon-1499252017893 .threeD-flip-front {background-image: url(http:\/\/10.0.1.5\/work\/test\/joomla\/helix3\/https://sppagebuilder.com/sample-data/images/2017/07/06/style01.jpg);}#sppb-addon-1499252017893 .sppb-flipbox-back {background-image: url(http:\/\/10.0.1.5\/work\/test\/joomla\/helix3\/https://sppagebuilder.com/sample-data/images/2017/07/06/style01.jpg);color: #ffffff;}#sppb-addon-1499252017893 .threeD-flip-back {background-image: url(http:\/\/10.0.1.5\/work\/test\/joomla\/helix3\/https://sppagebuilder.com/sample-data/images/2017/07/06/style01.jpg);color: #ffffff;}#sppb-addon-1499252017893 .threeD-flip-back:before{background-color: rgba(207, 157, 95, 0.9);}#sppb-addon-1499252017893 .sppb-flipbox-back.flip-box:before{background-color: rgba(207, 157, 95, 0.9);}"}},{"id":1499325986865,"name":"flip_box","visibility":true,"settings":{"admin_label":"Style 5","flip_bhave":"hover","front_text":"","flip_text":"<h3 style=\"font-size: 14px;font-weight: 400;\">New Trend<\/h3>\n<h4 style=\"font-size: 20px;font-weight: 500;\">East Zackery<\/h4><br>\n<a href=\"#\" class=\"btn btn-primary\" style=\"background: #fff;color: #293340;font-size: 14px;border: none; padding: 11px 30px; border-radius: 5px;\">Add To Cart<\/a>","class":"","flip_style":"threeD_style","rotate":"flip_left","height":"255","text_align":"center","border_styles":null,"border_color":"","front_bgcolor":"","front_bgimg":"https://sppagebuilder.com/sample-data/images/2017/07/06/style05.jpg","front_textcolor":"","back_bgcolor":"rgba(207, 157, 95, 0.9)","back_bgimg":"https://sppagebuilder.com/sample-data/images/2017/07/06/style05.jpg","back_textcolor":"#ffffff","global_text_color":"","global_link_color":"","global_link_hover_color":"","global_use_background":"0","global_background_color":"","global_background_image":"","global_background_repeat":"no-repeat","global_background_size":"cover","global_background_attachment":"inherit","global_user_border":"0","global_border_width":"","global_border_color":"","global_boder_style":"none","global_border_radius":"","global_margin":"0 0 40px 0","global_padding":"","global_use_animation":"0","global_animation":"","global_animationduration":"300","global_animationdelay":"0","hidden_md":"0","hidden_sm":"0","hidden_xs":"0","acl":null},"htmlContent":"<div id=\"sppb-addon-1499325986865\" class=\"clearfix\" ><div class=\"sppb-addon sppb-addon-sppb-flibox  threeD-flipbox flip_left flipon-hover sppb-text-center\"><div class=\"threeD-content-wrap\"><div class=\"threeD-item\"><div class = \"threeD-flip-front\"><div class = \"threeD-content-inner\"><\/div><\/div><div class = \"threeD-flip-back\"><div class = \"threeD-content-inner\"><h3 style=\"font-size: 14px;font-weight: 400;\">New Trend<\/h3>\n<h4 style=\"font-size: 20px;font-weight: 500;\">East Zackery<\/h4><br>\n<a href=\"#\" class=\"btn btn-primary\" style=\"background: #fff;color: #293340;font-size: 14px;border: none; padding: 11px 30px; border-radius: 5px;\">Add To Cart<\/a><\/div><\/div ><\/div><\/div><\/div><\/div>","assets":{"css":"#sppb-addon-1499325986865 {\nmargin: 0 0 40px 0;\n}\n#sppb-addon-1499325986865 .sppb-flipbox-panel {height: 255px;}#sppb-addon-1499325986865 .threeD-item {height: 255px;}#sppb-addon-1499325986865 .sppb-flipbox-front {background-image: url(http:\/\/10.0.1.5\/work\/test\/joomla\/helix3\/https://sppagebuilder.com/sample-data/images/2017/07/06/style05.jpg);}#sppb-addon-1499325986865 .threeD-flip-front {background-image: url(http:\/\/10.0.1.5\/work\/test\/joomla\/helix3\/https://sppagebuilder.com/sample-data/images/2017/07/06/style05.jpg);}#sppb-addon-1499325986865 .sppb-flipbox-back {background-image: url(http:\/\/10.0.1.5\/work\/test\/joomla\/helix3\/https://sppagebuilder.com/sample-data/images/2017/07/06/style05.jpg);color: #ffffff;}#sppb-addon-1499325986865 .threeD-flip-back {background-image: url(http:\/\/10.0.1.5\/work\/test\/joomla\/helix3\/https://sppagebuilder.com/sample-data/images/2017/07/06/style05.jpg);color: #ffffff;}#sppb-addon-1499325986865 .threeD-flip-back:before{background-color: rgba(207, 157, 95, 0.9);}#sppb-addon-1499325986865 .sppb-flipbox-back.flip-box:before{background-color: rgba(207, 157, 95, 0.9);}"}}]},{"id":1499325986818,"class_name":"col-md-3","visibility":true,"settings":{"color":"","background":"","background_image":"","overlay":"","background_repeat":"no-repeat","background_size":"cover","background_attachment":"scroll","background_position":"0 0","padding":"0 5px 0 5px","class":"","sm_col":"col-sm-6","xs_col":"","hidden_xs":"","hidden_sm":"","hidden_md":"","animation":"","animationduration":"300","animationdelay":"0"},"addons":[{"id":1499325986870,"name":"flip_box","visibility":true,"settings":{"admin_label":"Style 2","flip_bhave":"hover","front_text":"","flip_text":"<h3 style=\"font-size: 14px;font-weight: 400;\">New Trend<\/h3>\n<h4 style=\"font-size: 20px;font-weight: 500;\">East Zackery<\/h4><br>\n<a href=\"#\" class=\"btn btn-primary\" style=\"background: #fff;color: #293340;font-size: 14px;border: none; padding: 11px 30px; border-radius: 5px;\">Add To Cart<\/a>","class":"","flip_style":"threeD_style","rotate":"flip_left","height":"255","text_align":"center","border_styles":null,"border_color":"","front_bgcolor":"","front_bgimg":"https://sppagebuilder.com/sample-data/images/2017/07/06/style02.jpg","front_textcolor":"","back_bgcolor":"rgba(207, 157, 95, 0.9)","back_bgimg":"https://sppagebuilder.com/sample-data/images/2017/07/06/style02.jpg","back_textcolor":"#ffffff","global_text_color":"","global_link_color":"","global_link_hover_color":"","global_use_background":"0","global_background_color":"","global_background_image":"","global_background_repeat":"no-repeat","global_background_size":"cover","global_background_attachment":"inherit","global_user_border":"0","global_border_width":"","global_border_color":"","global_boder_style":"none","global_border_radius":"","global_margin":"0 0 40px 0","global_padding":"","global_use_animation":"0","global_animation":"","global_animationduration":"300","global_animationdelay":"0","hidden_md":"0","hidden_sm":"0","hidden_xs":"0","acl":null},"htmlContent":"<div id=\"sppb-addon-1499325986870\" class=\"clearfix\" ><div class=\"sppb-addon sppb-addon-sppb-flibox  threeD-flipbox flip_left flipon-hover sppb-text-center\"><div class=\"threeD-content-wrap\"><div class=\"threeD-item\"><div class = \"threeD-flip-front\"><div class = \"threeD-content-inner\"><\/div><\/div><div class = \"threeD-flip-back\"><div class = \"threeD-content-inner\"><h3 style=\"font-size: 14px;font-weight: 400;\">New Trend<\/h3>\n<h4 style=\"font-size: 20px;font-weight: 500;\">East Zackery<\/h4><br>\n<a href=\"#\" class=\"btn btn-primary\" style=\"background: #fff;color: #293340;font-size: 14px;border: none; padding: 11px 30px; border-radius: 5px;\">Add To Cart<\/a><\/div><\/div ><\/div><\/div><\/div><\/div>","assets":{"css":"#sppb-addon-1499325986870 {\nmargin: 0 0 40px 0;\n}\n#sppb-addon-1499325986870 .sppb-flipbox-panel {height: 255px;}#sppb-addon-1499325986870 .threeD-item {height: 255px;}#sppb-addon-1499325986870 .sppb-flipbox-front {background-image: url(http:\/\/10.0.1.5\/work\/test\/joomla\/helix3\/https://sppagebuilder.com/sample-data/images/2017/07/06/style02.jpg);}#sppb-addon-1499325986870 .threeD-flip-front {background-image: url(http:\/\/10.0.1.5\/work\/test\/joomla\/helix3\/https://sppagebuilder.com/sample-data/images/2017/07/06/style02.jpg);}#sppb-addon-1499325986870 .sppb-flipbox-back {background-image: url(http:\/\/10.0.1.5\/work\/test\/joomla\/helix3\/https://sppagebuilder.com/sample-data/images/2017/07/06/style02.jpg);color: #ffffff;}#sppb-addon-1499325986870 .threeD-flip-back {background-image: url(http:\/\/10.0.1.5\/work\/test\/joomla\/helix3\/https://sppagebuilder.com/sample-data/images/2017/07/06/style02.jpg);color: #ffffff;}#sppb-addon-1499325986870 .threeD-flip-back:before{background-color: rgba(207, 157, 95, 0.9);}#sppb-addon-1499325986870 .sppb-flipbox-back.flip-box:before{background-color: rgba(207, 157, 95, 0.9);}"}},{"id":1499325986880,"name":"flip_box","visibility":true,"settings":{"admin_label":"Style 6","flip_bhave":"hover","front_text":"","flip_text":"<h3 style=\"font-size: 14px;font-weight: 400;\">New Trend<\/h3>\n<h4 style=\"font-size: 20px;font-weight: 500;\">East Zackery<\/h4><br>\n<a href=\"#\" class=\"btn btn-primary\" style=\"background: #fff;color: #293340;font-size: 14px;border: none; padding: 11px 30px; border-radius: 5px;\">Add To Cart<\/a>","class":"","flip_style":"threeD_style","rotate":"flip_left","height":"255","text_align":"center","border_styles":null,"border_color":"","front_bgcolor":"","front_bgimg":"https://sppagebuilder.com/sample-data/images/2017/07/06/style06.jpg","front_textcolor":"","back_bgcolor":"rgba(207, 157, 95, 0.9)","back_bgimg":"https://sppagebuilder.com/sample-data/images/2017/07/06/style06.jpg","back_textcolor":"#ffffff","global_text_color":"","global_link_color":"","global_link_hover_color":"","global_use_background":"0","global_background_color":"","global_background_image":"","global_background_repeat":"no-repeat","global_background_size":"cover","global_background_attachment":"inherit","global_user_border":"0","global_border_width":"","global_border_color":"","global_boder_style":"none","global_border_radius":"","global_margin":"0 0 40px 0","global_padding":"","global_use_animation":"0","global_animation":"","global_animationduration":"300","global_animationdelay":"0","hidden_md":"0","hidden_sm":"0","hidden_xs":"0","acl":null},"htmlContent":"<div id=\"sppb-addon-1499325986880\" class=\"clearfix\" ><div class=\"sppb-addon sppb-addon-sppb-flibox  threeD-flipbox flip_left flipon-hover sppb-text-center\"><div class=\"threeD-content-wrap\"><div class=\"threeD-item\"><div class = \"threeD-flip-front\"><div class = \"threeD-content-inner\"><\/div><\/div><div class = \"threeD-flip-back\"><div class = \"threeD-content-inner\"><h3 style=\"font-size: 14px;font-weight: 400;\">New Trend<\/h3>\n<h4 style=\"font-size: 20px;font-weight: 500;\">East Zackery<\/h4><br>\n<a href=\"#\" class=\"btn btn-primary\" style=\"background: #fff;color: #293340;font-size: 14px;border: none; padding: 11px 30px; border-radius: 5px;\">Add To Cart<\/a><\/div><\/div ><\/div><\/div><\/div><\/div>","assets":{"css":"#sppb-addon-1499325986880 {\nmargin: 0 0 40px 0;\n}\n#sppb-addon-1499325986880 .sppb-flipbox-panel {height: 255px;}#sppb-addon-1499325986880 .threeD-item {height: 255px;}#sppb-addon-1499325986880 .sppb-flipbox-front {background-image: url(http:\/\/10.0.1.5\/work\/test\/joomla\/helix3\/https://sppagebuilder.com/sample-data/images/2017/07/06/style06.jpg);}#sppb-addon-1499325986880 .threeD-flip-front {background-image: url(http:\/\/10.0.1.5\/work\/test\/joomla\/helix3\/https://sppagebuilder.com/sample-data/images/2017/07/06/style06.jpg);}#sppb-addon-1499325986880 .sppb-flipbox-back {background-image: url(http:\/\/10.0.1.5\/work\/test\/joomla\/helix3\/https://sppagebuilder.com/sample-data/images/2017/07/06/style06.jpg);color: #ffffff;}#sppb-addon-1499325986880 .threeD-flip-back {background-image: url(http:\/\/10.0.1.5\/work\/test\/joomla\/helix3\/https://sppagebuilder.com/sample-data/images/2017/07/06/style06.jpg);color: #ffffff;}#sppb-addon-1499325986880 .threeD-flip-back:before{background-color: rgba(207, 157, 95, 0.9);}#sppb-addon-1499325986880 .sppb-flipbox-back.flip-box:before{background-color: rgba(207, 157, 95, 0.9);}"}}]},{"id":1499325986819,"class_name":"col-md-3","visibility":true,"settings":{"color":"","background":"","background_image":"","overlay":"","background_repeat":"no-repeat","background_size":"cover","background_attachment":"scroll","background_position":"0 0","padding":"0 5px 0 5px","class":"","sm_col":"col-sm-6","xs_col":"","hidden_xs":"","hidden_sm":"","hidden_md":"","animation":"","animationduration":"300","animationdelay":"0"},"addons":[{"id":1499325986875,"name":"flip_box","visibility":true,"settings":{"admin_label":"Style 3","flip_bhave":"hover","front_text":"","flip_text":"<h3 style=\"font-size: 14px;font-weight: 400;\">New Trend<\/h3>\n<h4 style=\"font-size: 20px;font-weight: 500;\">East Zackery<\/h4><br>\n<a href=\"#\" class=\"btn btn-primary\" style=\"background: #fff;color: #293340;font-size: 14px;border: none; padding: 11px 30px; border-radius: 5px;\">Add To Cart<\/a>","class":"","flip_style":"threeD_style","rotate":"flip_left","height":"255","text_align":"center","border_styles":null,"border_color":"","front_bgcolor":"","front_bgimg":"https://sppagebuilder.com/sample-data/images/2017/07/06/style03.jpg","front_textcolor":"","back_bgcolor":"rgba(207, 157, 95, 0.9)","back_bgimg":"https://sppagebuilder.com/sample-data/images/2017/07/06/style03.jpg","back_textcolor":"#ffffff","global_text_color":"","global_link_color":"","global_link_hover_color":"","global_use_background":"0","global_background_color":"","global_background_image":"","global_background_repeat":"no-repeat","global_background_size":"cover","global_background_attachment":"inherit","global_user_border":"0","global_border_width":"","global_border_color":"","global_boder_style":"none","global_border_radius":"","global_margin":"0 0 40px 0","global_padding":"","global_use_animation":"0","global_animation":"","global_animationduration":"300","global_animationdelay":"0","hidden_md":"0","hidden_sm":"0","hidden_xs":"0","acl":null},"htmlContent":"<div id=\"sppb-addon-1499325986875\" class=\"clearfix\" ><div class=\"sppb-addon sppb-addon-sppb-flibox  threeD-flipbox flip_left flipon-hover sppb-text-center\"><div class=\"threeD-content-wrap\"><div class=\"threeD-item\"><div class = \"threeD-flip-front\"><div class = \"threeD-content-inner\"><\/div><\/div><div class = \"threeD-flip-back\"><div class = \"threeD-content-inner\"><h3 style=\"font-size: 14px;font-weight: 400;\">New Trend<\/h3>\n<h4 style=\"font-size: 20px;font-weight: 500;\">East Zackery<\/h4><br>\n<a href=\"#\" class=\"btn btn-primary\" style=\"background: #fff;color: #293340;font-size: 14px;border: none; padding: 11px 30px; border-radius: 5px;\">Add To Cart<\/a><\/div><\/div ><\/div><\/div><\/div><\/div>","assets":{"css":"#sppb-addon-1499325986875 {\nmargin: 0 0 40px 0;\n}\n#sppb-addon-1499325986875 .sppb-flipbox-panel {height: 255px;}#sppb-addon-1499325986875 .threeD-item {height: 255px;}#sppb-addon-1499325986875 .sppb-flipbox-front {background-image: url(http:\/\/10.0.1.5\/work\/test\/joomla\/helix3\/https://sppagebuilder.com/sample-data/images/2017/07/06/style03.jpg);}#sppb-addon-1499325986875 .threeD-flip-front {background-image: url(http:\/\/10.0.1.5\/work\/test\/joomla\/helix3\/https://sppagebuilder.com/sample-data/images/2017/07/06/style03.jpg);}#sppb-addon-1499325986875 .sppb-flipbox-back {background-image: url(http:\/\/10.0.1.5\/work\/test\/joomla\/helix3\/https://sppagebuilder.com/sample-data/images/2017/07/06/style03.jpg);color: #ffffff;}#sppb-addon-1499325986875 .threeD-flip-back {background-image: url(http:\/\/10.0.1.5\/work\/test\/joomla\/helix3\/https://sppagebuilder.com/sample-data/images/2017/07/06/style03.jpg);color: #ffffff;}#sppb-addon-1499325986875 .threeD-flip-back:before{background-color: rgba(207, 157, 95, 0.9);}#sppb-addon-1499325986875 .sppb-flipbox-back.flip-box:before{background-color: rgba(207, 157, 95, 0.9);}"}},{"id":1499325986890,"name":"flip_box","visibility":true,"settings":{"admin_label":"Style 7","flip_bhave":"hover","front_text":"","flip_text":"<h3 style=\"font-size: 14px;font-weight: 400;\">New Trend<\/h3>\n<h4 style=\"font-size: 20px;font-weight: 500;\">East Zackery<\/h4><br>\n<a href=\"#\" class=\"btn btn-primary\" style=\"background: #fff;color: #293340;font-size: 14px;border: none; padding: 11px 30px; border-radius: 5px;\">Add To Cart<\/a>","class":"","flip_style":"threeD_style","rotate":"flip_left","height":"255","text_align":"center","border_styles":null,"border_color":"","front_bgcolor":"","front_bgimg":"https://sppagebuilder.com/sample-data/images/2017/07/06/style07.jpg","front_textcolor":"","back_bgcolor":"rgba(207, 157, 95, 0.9)","back_bgimg":"https://sppagebuilder.com/sample-data/images/2017/07/06/style07.jpg","back_textcolor":"#ffffff","global_text_color":"","global_link_color":"","global_link_hover_color":"","global_use_background":"0","global_background_color":"","global_background_image":"","global_background_repeat":"no-repeat","global_background_size":"cover","global_background_attachment":"inherit","global_user_border":"0","global_border_width":"","global_border_color":"","global_boder_style":"none","global_border_radius":"","global_margin":"0 0 40px 0","global_padding":"","global_use_animation":"0","global_animation":"","global_animationduration":"300","global_animationdelay":"0","hidden_md":"0","hidden_sm":"0","hidden_xs":"0","acl":null},"htmlContent":"<div id=\"sppb-addon-1499325986890\" class=\"clearfix\" ><div class=\"sppb-addon sppb-addon-sppb-flibox  threeD-flipbox flip_left flipon-hover sppb-text-center\"><div class=\"threeD-content-wrap\"><div class=\"threeD-item\"><div class = \"threeD-flip-front\"><div class = \"threeD-content-inner\"><\/div><\/div><div class = \"threeD-flip-back\"><div class = \"threeD-content-inner\"><h3 style=\"font-size: 14px;font-weight: 400;\">New Trend<\/h3>\n<h4 style=\"font-size: 20px;font-weight: 500;\">East Zackery<\/h4><br>\n<a href=\"#\" class=\"btn btn-primary\" style=\"background: #fff;color: #293340;font-size: 14px;border: none; padding: 11px 30px; border-radius: 5px;\">Add To Cart<\/a><\/div><\/div ><\/div><\/div><\/div><\/div>","assets":{"css":"#sppb-addon-1499325986890 {\nmargin: 0 0 40px 0;\n}\n#sppb-addon-1499325986890 .sppb-flipbox-panel {height: 255px;}#sppb-addon-1499325986890 .threeD-item {height: 255px;}#sppb-addon-1499325986890 .sppb-flipbox-front {background-image: url(http:\/\/10.0.1.5\/work\/test\/joomla\/helix3\/https://sppagebuilder.com/sample-data/images/2017/07/06/style07.jpg);}#sppb-addon-1499325986890 .threeD-flip-front {background-image: url(http:\/\/10.0.1.5\/work\/test\/joomla\/helix3\/https://sppagebuilder.com/sample-data/images/2017/07/06/style07.jpg);}#sppb-addon-1499325986890 .sppb-flipbox-back {background-image: url(http:\/\/10.0.1.5\/work\/test\/joomla\/helix3\/https://sppagebuilder.com/sample-data/images/2017/07/06/style07.jpg);color: #ffffff;}#sppb-addon-1499325986890 .threeD-flip-back {background-image: url(http:\/\/10.0.1.5\/work\/test\/joomla\/helix3\/https://sppagebuilder.com/sample-data/images/2017/07/06/style07.jpg);color: #ffffff;}#sppb-addon-1499325986890 .threeD-flip-back:before{background-color: rgba(207, 157, 95, 0.9);}#sppb-addon-1499325986890 .sppb-flipbox-back.flip-box:before{background-color: rgba(207, 157, 95, 0.9);}"}}]},{"id":1499325986820,"class_name":"col-md-3","visibility":true,"settings":{"color":"","background":"","background_image":"","overlay":"","background_repeat":"no-repeat","background_size":"cover","background_attachment":"scroll","background_position":"0 0","padding":"0 5px 0 5px","class":"","sm_col":"col-sm-6","xs_col":"","hidden_xs":"","hidden_sm":"","hidden_md":"","animation":"","animationduration":"300","animationdelay":"0"},"addons":[{"id":1499325986885,"name":"flip_box","visibility":true,"settings":{"admin_label":"Style 4","flip_bhave":"hover","front_text":"","flip_text":"<h3 style=\"font-size: 14px;font-weight: 400;\">New Trend<\/h3>\n<h4 style=\"font-size: 20px;font-weight: 500;\">East Zackery<\/h4><br>\n<a href=\"#\" class=\"btn btn-primary\" style=\"background: #fff;color: #293340;font-size: 14px;border: none; padding: 11px 30px; border-radius: 5px;\">Add To Cart<\/a>","class":"","flip_style":"threeD_style","rotate":"flip_left","height":"255","text_align":"center","border_styles":null,"border_color":"","front_bgcolor":"","front_bgimg":"https://sppagebuilder.com/sample-data/images/2017/07/06/style04.jpg","front_textcolor":"","back_bgcolor":"rgba(207, 157, 95, 0.9)","back_bgimg":"https://sppagebuilder.com/sample-data/images/2017/07/06/style04.jpg","back_textcolor":"#ffffff","global_text_color":"","global_link_color":"","global_link_hover_color":"","global_use_background":"0","global_background_color":"","global_background_image":"","global_background_repeat":"no-repeat","global_background_size":"cover","global_background_attachment":"inherit","global_user_border":"0","global_border_width":"","global_border_color":"","global_boder_style":"none","global_border_radius":"","global_margin":"0 0 40px 0","global_padding":"","global_use_animation":"0","global_animation":"","global_animationduration":"300","global_animationdelay":"0","hidden_md":"0","hidden_sm":"0","hidden_xs":"0","acl":null},"htmlContent":"<div id=\"sppb-addon-1499325986885\" class=\"clearfix\" ><div class=\"sppb-addon sppb-addon-sppb-flibox  threeD-flipbox flip_left flipon-hover sppb-text-center\"><div class=\"threeD-content-wrap\"><div class=\"threeD-item\"><div class = \"threeD-flip-front\"><div class = \"threeD-content-inner\"><\/div><\/div><div class = \"threeD-flip-back\"><div class = \"threeD-content-inner\"><h3 style=\"font-size: 14px;font-weight: 400;\">New Trend<\/h3>\n<h4 style=\"font-size: 20px;font-weight: 500;\">East Zackery<\/h4><br>\n<a href=\"#\" class=\"btn btn-primary\" style=\"background: #fff;color: #293340;font-size: 14px;border: none; padding: 11px 30px; border-radius: 5px;\">Add To Cart<\/a><\/div><\/div ><\/div><\/div><\/div><\/div>","assets":{"css":"#sppb-addon-1499325986885 {\nmargin: 0 0 40px 0;\n}\n#sppb-addon-1499325986885 .sppb-flipbox-panel {height: 255px;}#sppb-addon-1499325986885 .threeD-item {height: 255px;}#sppb-addon-1499325986885 .sppb-flipbox-front {background-image: url(http:\/\/10.0.1.5\/work\/test\/joomla\/helix3\/https://sppagebuilder.com/sample-data/images/2017/07/06/style04.jpg);}#sppb-addon-1499325986885 .threeD-flip-front {background-image: url(http:\/\/10.0.1.5\/work\/test\/joomla\/helix3\/https://sppagebuilder.com/sample-data/images/2017/07/06/style04.jpg);}#sppb-addon-1499325986885 .sppb-flipbox-back {background-image: url(http:\/\/10.0.1.5\/work\/test\/joomla\/helix3\/https://sppagebuilder.com/sample-data/images/2017/07/06/style04.jpg);color: #ffffff;}#sppb-addon-1499325986885 .threeD-flip-back {background-image: url(http:\/\/10.0.1.5\/work\/test\/joomla\/helix3\/https://sppagebuilder.com/sample-data/images/2017/07/06/style04.jpg);color: #ffffff;}#sppb-addon-1499325986885 .threeD-flip-back:before{background-color: rgba(207, 157, 95, 0.9);}#sppb-addon-1499325986885 .sppb-flipbox-back.flip-box:before{background-color: rgba(207, 157, 95, 0.9);}"}},{"id":1499325986895,"name":"flip_box","visibility":true,"settings":{"admin_label":"Style 8","flip_bhave":"hover","front_text":"","flip_text":"<h3 style=\"font-size: 14px;font-weight: 400;\">New Trend<\/h3>\n<h4 style=\"font-size: 20px;font-weight: 500;\">East Zackery<\/h4><br>\n<a href=\"#\" class=\"btn btn-primary\" style=\"background: #fff;color: #293340;font-size: 14px;border: none; padding: 11px 30px; border-radius: 5px;\">Add To Cart<\/a>","class":"","flip_style":"threeD_style","rotate":"flip_left","height":"255","text_align":"center","border_styles":null,"border_color":"","front_bgcolor":"","front_bgimg":"https://sppagebuilder.com/sample-data/images/2017/07/06/style08.jpg","front_textcolor":"","back_bgcolor":"rgba(207, 157, 95, 0.9)","back_bgimg":"https://sppagebuilder.com/sample-data/images/2017/07/06/style08.jpg","back_textcolor":"#ffffff","global_text_color":"","global_link_color":"","global_link_hover_color":"","global_use_background":"0","global_background_color":"","global_background_image":"","global_background_repeat":"no-repeat","global_background_size":"cover","global_background_attachment":"inherit","global_user_border":"0","global_border_width":"","global_border_color":"","global_boder_style":"none","global_border_radius":"","global_margin":"0 0 40px 0","global_padding":"","global_use_animation":"0","global_animation":"","global_animationduration":"300","global_animationdelay":"0","hidden_md":"0","hidden_sm":"0","hidden_xs":"0","acl":null},"htmlContent":"<div id=\"sppb-addon-1499325986895\" class=\"clearfix\" ><div class=\"sppb-addon sppb-addon-sppb-flibox  threeD-flipbox flip_left flipon-hover sppb-text-center\"><div class=\"threeD-content-wrap\"><div class=\"threeD-item\"><div class = \"threeD-flip-front\"><div class = \"threeD-content-inner\"><\/div><\/div><div class = \"threeD-flip-back\"><div class = \"threeD-content-inner\"><h3 style=\"font-size: 14px;font-weight: 400;\">New Trend<\/h3>\n<h4 style=\"font-size: 20px;font-weight: 500;\">East Zackery<\/h4><br>\n<a href=\"#\" class=\"btn btn-primary\" style=\"background: #fff;color: #293340;font-size: 14px;border: none; padding: 11px 30px; border-radius: 5px;\">Add To Cart<\/a><\/div><\/div ><\/div><\/div><\/div><\/div>","assets":{"css":"#sppb-addon-1499325986895 {\nmargin: 0 0 40px 0;\n}\n#sppb-addon-1499325986895 .sppb-flipbox-panel {height: 255px;}#sppb-addon-1499325986895 .threeD-item {height: 255px;}#sppb-addon-1499325986895 .sppb-flipbox-front {background-image: url(http:\/\/10.0.1.5\/work\/test\/joomla\/helix3\/https://sppagebuilder.com/sample-data/images/2017/07/06/style08.jpg);}#sppb-addon-1499325986895 .threeD-flip-front {background-image: url(http:\/\/10.0.1.5\/work\/test\/joomla\/helix3\/https://sppagebuilder.com/sample-data/images/2017/07/06/style08.jpg);}#sppb-addon-1499325986895 .sppb-flipbox-back {background-image: url(http:\/\/10.0.1.5\/work\/test\/joomla\/helix3\/https://sppagebuilder.com/sample-data/images/2017/07/06/style08.jpg);color: #ffffff;}#sppb-addon-1499325986895 .threeD-flip-back {background-image: url(http:\/\/10.0.1.5\/work\/test\/joomla\/helix3\/https://sppagebuilder.com/sample-data/images/2017/07/06/style08.jpg);color: #ffffff;}#sppb-addon-1499325986895 .threeD-flip-back:before{background-color: rgba(207, 157, 95, 0.9);}#sppb-addon-1499325986895 .sppb-flipbox-back.flip-box:before{background-color: rgba(207, 157, 95, 0.9);}"}}]}]},{"id":1499331749699,"name":"button","visibility":true,"settings":{"admin_label":"Load More","text":"Load More","alignment":"sppb-text-center","fontstyle":null,"letterspace":"0","url":"#","target":"","type":"custom","appearance":"","background_color":"rgba(207, 157, 95, 1)","color":"#ffffff","background_color_hover":"rgba(186, 140, 71, 1)","color_hover":"#ffffff","button_padding":"12px 45px 12px 45px","size":"","shape":"rounded","block":"","icon":"","icon_position":"left","class":"","global_text_color":"","global_link_color":"","global_link_hover_color":"","global_use_background":"0","global_background_color":"","global_background_image":"","global_background_repeat":"no-repeat","global_background_size":"cover","global_background_attachment":"inherit","global_user_border":"0","global_border_width":"","global_border_color":"","global_boder_style":"none","global_border_radius":"","global_margin":"","global_padding":"","global_use_animation":"1","global_animation":"fadeInUp","global_animationduration":"700","global_animationdelay":"","hidden_md":"0","hidden_sm":"0","hidden_xs":"0","acl":null}}]}]},{"id":1499331749676,"visibility":true,"collapse":false,"settings":{"admin_label":"Pricing Table","title":"","heading_selector":"h3","title_fontsize":"","title_fontweight":"","title_text_color":"","title_margin_top":"","title_margin_bottom":"","subtitle":"","subtitle_fontsize":"","title_position":"sppb-text-center","columns_equal_height":"0","fullscreen":"0","no_gutter":"0","id":"","class":"","padding":"100px 0px 70px 0px","margin":"0px 0px 0px 0px","color":"","background_color":"rgba(245, 249, 251, 1)","background_image":"","overlay":"","background_repeat":"no-repeat","background_size":"cover","background_attachment":"fixed","background_position":"0 0","background_video":"0","background_video_mp4":"","background_video_ogv":"","hidden_xs":"","hidden_sm":"","hidden_md":"","animation":"","animationduration":"300","animationdelay":"0"},"layout":"12","columns":[{"id":1499331749677,"class_name":"col-md-12","visibility":true,"settings":{},"addons":[{"id":1499331749685,"name":"heading","visibility":true,"settings":{"admin_label":"PRICING","title":"PRICING","heading_selector":"h2","use_link":"0","title_link":"","link_new_tab":"0","title_fontsize":"18","title_fontstyle":null,"title_fontweight":"500","title_lineheight":"","title_letterspace":"10px","title_margin":"0px 0px 20px 0px","title_padding":"0px 0px 0px 0px","alignment":"sppb-text-center","class":"","global_text_color":"rgba(207, 157, 95, 1)","global_link_color":"","global_link_hover_color":"","global_use_background":"0","global_background_color":"","global_background_image":"","global_background_repeat":"no-repeat","global_background_size":"cover","global_background_attachment":"inherit","global_user_border":"0","global_border_width":"","global_border_color":"","global_boder_style":"none","global_border_radius":"","global_margin":"","global_padding":"","global_use_animation":"0","global_animation":"","global_animationduration":"300","global_animationdelay":"0","hidden_md":"0","hidden_sm":"0","hidden_xs":"0","acl":null}},{"id":1499331749688,"name":"heading","visibility":true,"settings":{"admin_label":"Best Pricing","title":"Best Pricing","heading_selector":"h3","use_link":"0","title_link":"","link_new_tab":"0","title_fontsize":"36","title_fontstyle":null,"title_fontweight":"700","title_lineheight":"1.25","title_letterspace":"0","title_margin":"0px 0px 20px 0px","title_padding":"0px 0px 0px 0px","alignment":"sppb-text-center","class":"","global_text_color":"rgba(41, 51, 64, 1)","global_link_color":"","global_link_hover_color":"","global_use_background":"0","global_background_color":"","global_background_image":"","global_background_repeat":"no-repeat","global_background_size":"cover","global_background_attachment":"inherit","global_user_border":"0","global_border_width":"","global_border_color":"","global_boder_style":"none","global_border_radius":"","global_margin":"","global_padding":"","global_use_animation":"0","global_animation":"","global_animationduration":"300","global_animationdelay":"0","hidden_md":"0","hidden_sm":"0","hidden_xs":"0","acl":null}},{"id":1499331749682,"type":"inner_row","settings":{"admin_label":"","title":"","heading_selector":"h3","title_fontsize":"","title_fontweight":"","title_text_color":"","title_margin_top":"","title_margin_bottom":"","subtitle":"","subtitle_fontsize":"","title_position":"sppb-text-center","columns_equal_height":"0","fullscreen":"0","no_gutter":"0","id":"","class":"","padding":"35px 0px 0px 0px","margin":"0px 0px 0px 0px","color":"","background_color":"","background_image":"","overlay":"","background_repeat":"no-repeat","background_size":"cover","background_attachment":"fixed","background_position":"0 0","background_video":"0","background_video_mp4":"","background_video_ogv":"","hidden_xs":"","hidden_sm":"","hidden_md":"","animation":"","animationduration":"300","animationdelay":"0"},"layout":"4,4,4","visibility":true,"columns":[{"id":1494493363803,"class_name":"col-md-4","visibility":true,"settings":{"color":"","background":"rgba(255, 255, 255, 1)","background_image":"","overlay":"","background_repeat":"no-repeat","background_size":"cover","background_attachment":"scroll","background_position":"0 0","padding":"","class":"","sm_col":"","xs_col":"","hidden_xs":"","hidden_sm":"","hidden_md":"","animation":"","animationduration":"300","animationdelay":"0"},"addons":[{"id":1494495472964,"name":"pricing","visibility":true,"settings":{"admin_label":"HAIR","title":"HAIR","price":"$7","duration":"","pricing_content":"\u2022 Fresh look\n\u2022 With trimmer\n\u2022 Limited statistic","background":"","color":"","button_text":"buy now","button_fontstyle":["uppercase"],"button_letterspace":"0","button_url":"#","button_target":"","button_type":"custom","button_appearance":"","button_background_color":"rgba(207, 157, 95, 1)","button_color":"#ffffff","button_background_color_hover":"rgba(166, 127, 68, 1)","button_color_hover":"rgba(255, 255, 255, 1)","button_size":"","button_shape":"rounded","button_block":"","button_icon":"","button_icon_position":"left","featured":"","alignment":"sppb-text-center","class":"","global_text_color":"","global_link_color":"","global_link_hover_color":"","global_use_background":"0","global_background_color":"","global_background_image":"","global_background_repeat":"no-repeat","global_background_size":"cover","global_background_attachment":"inherit","global_user_border":"0","global_border_width":"","global_border_color":"","global_boder_style":"none","global_border_radius":"","global_margin":"0 0 30px 0","global_padding":"","global_use_animation":"0","global_animation":"","global_animationduration":"300","global_animationdelay":"0","hidden_md":"0","hidden_sm":"0","hidden_xs":"0","acl":null},"htmlContent":"<div id=\"sppb-addon-1494495472964\" class=\"clearfix\" ><div class=\"sppb-addon sppb-addon-pricing-table sppb-text-center \"><div class=\"sppb-pricing-box \"><div class=\"sppb-pricing-header\"><div class=\"sppb-pricing-title\">HAIR<\/div><span class=\"sppb-pricing-price\">$7<\/span><\/div><div class=\"sppb-pricing-features\"><ul><li>\u2022 Fresh look<\/li><li>\u2022 With trimmer<\/li><li>\u2022 Limited statistic<\/li><\/ul><\/div><div class=\"sppb-pricing-footer\"><a href=\"#\" id=\"btn-1494495472964\" class=\"sppb-btn sppb-btn-custom sppb-btn-rounded\">buy now<\/a><\/div><\/div><\/div><\/div>","assets":{"css":"#sppb-addon-1494495472964 {\nmargin: 0 0 30px 0;\n}\n#sppb-addon-1494495472964 #btn-1494495472964.sppb-btn-custom{text-transform: uppercase;}#sppb-addon-1494495472964 #btn-1494495472964.sppb-btn-custom { background-color: rgba(207, 157, 95, 1); color: #ffffff;}#sppb-addon-1494495472964 #btn-1494495472964.sppb-btn-custom:hover { background-color: rgba(166, 127, 68, 1); color: rgba(255, 255, 255, 1);}"}}]},{"id":1494493363806,"class_name":"col-md-4","visibility":true,"settings":{"color":"","background":"rgba(207, 157, 95, 1)","background_image":"","overlay":"","background_repeat":"no-repeat","background_size":"cover","background_attachment":"scroll","background_position":"0 0","padding":"","class":"","sm_col":"","xs_col":"","hidden_xs":"","hidden_sm":"","hidden_md":"","animation":"","animationduration":"300","animationdelay":"0"},"addons":[{"id":1499332143030,"name":"pricing","visibility":true,"settings":{"admin_label":"BEARD","title":"BEARD","price":"$8","duration":"","pricing_content":"\u2022 Fresh look\n\u2022 With trimmer\n\u2022 Limited statistic","background":"","color":"","button_text":"buy now","button_fontstyle":["uppercase"],"button_letterspace":"0","button_url":"#","button_target":"","button_type":"custom","button_appearance":"","button_background_color":"rgba(255, 255, 255, 1)","button_color":"rgba(41, 51, 64, 1)","button_background_color_hover":"rgba(255, 255, 255, 1)","button_color_hover":"rgba(41, 51, 64, 1)","button_size":"","button_shape":"rounded","button_block":"","button_icon":"","button_icon_position":"left","featured":"","alignment":"sppb-text-center","class":"","global_text_color":"rgba(255, 255, 255, 1)","global_link_color":"","global_link_hover_color":"","global_use_background":"0","global_background_color":"","global_background_image":"","global_background_repeat":"no-repeat","global_background_size":"cover","global_background_attachment":"inherit","global_user_border":"0","global_border_width":"","global_border_color":"","global_boder_style":"none","global_border_radius":"","global_margin":"0 0 30px 0","global_padding":"","global_use_animation":"0","global_animation":"","global_animationduration":"300","global_animationdelay":"0","hidden_md":"0","hidden_sm":"0","hidden_xs":"0","acl":null},"htmlContent":"<div id=\"sppb-addon-1499332143030\" class=\"clearfix\" ><div class=\"sppb-addon sppb-addon-pricing-table sppb-text-center \"><div class=\"sppb-pricing-box \"><div class=\"sppb-pricing-header\"><div class=\"sppb-pricing-title\">BEARD<\/div><span class=\"sppb-pricing-price\">$8<\/span><\/div><div class=\"sppb-pricing-features\"><ul><li>\u2022 Fresh look<\/li><li>\u2022 With trimmer<\/li><li>\u2022 Limited statistic<\/li><\/ul><\/div><div class=\"sppb-pricing-footer\"><a href=\"#\" id=\"btn-1499332143030\" class=\"sppb-btn sppb-btn-custom sppb-btn-rounded\">buy now<\/a><\/div><\/div><\/div><\/div>","assets":{"css":"#sppb-addon-1499332143030 {\n\tcolor: rgba(255, 255, 255, 1);\nmargin: 0 0 30px 0;\n}\n#sppb-addon-1499332143030 #btn-1499332143030.sppb-btn-custom{text-transform: uppercase;}#sppb-addon-1499332143030 #btn-1499332143030.sppb-btn-custom { background-color: rgba(255, 255, 255, 1); color: rgba(41, 51, 64, 1);}#sppb-addon-1499332143030 #btn-1499332143030.sppb-btn-custom:hover { background-color: rgba(255, 255, 255, 1); color: rgba(41, 51, 64, 1);}"}}]},{"id":1494493363807,"class_name":"col-md-4","visibility":true,"settings":{"color":"","background":"rgba(255, 255, 255, 1)","background_image":"","overlay":"","background_repeat":"no-repeat","background_size":"cover","background_attachment":"scroll","background_position":"0 0","padding":"","class":"","sm_col":"","xs_col":"","hidden_xs":"","hidden_sm":"","hidden_md":"","animation":"","animationduration":"300","animationdelay":"0"},"addons":[{"id":1499332143017,"name":"pricing","visibility":true,"settings":{"admin_label":"FACIAL","title":"FACIAL","price":"$9","duration":"","pricing_content":"\u2022 Fresh look\n\u2022 With trimmer\n\u2022 Limited statistic","background":"","color":"","button_text":"buy now","button_fontstyle":["uppercase"],"button_letterspace":"0","button_url":"#","button_target":"","button_type":"custom","button_appearance":"","button_background_color":"rgba(207, 157, 95, 1)","button_color":"#ffffff","button_background_color_hover":"rgba(166, 127, 68, 1)","button_color_hover":"rgba(255, 255, 255, 1)","button_size":"","button_shape":"rounded","button_block":"","button_icon":"","button_icon_position":"left","featured":"","alignment":"sppb-text-center","class":"","global_text_color":"","global_link_color":"","global_link_hover_color":"","global_use_background":"0","global_background_color":"","global_background_image":"","global_background_repeat":"no-repeat","global_background_size":"cover","global_background_attachment":"inherit","global_user_border":"0","global_border_width":"","global_border_color":"","global_boder_style":"none","global_border_radius":"","global_margin":"0 0 30px 0","global_padding":"","global_use_animation":"0","global_animation":"","global_animationduration":"300","global_animationdelay":"0","hidden_md":"0","hidden_sm":"0","hidden_xs":"0","acl":null},"htmlContent":"<div id=\"sppb-addon-1499332143017\" class=\"clearfix\" ><div class=\"sppb-addon sppb-addon-pricing-table sppb-text-center \"><div class=\"sppb-pricing-box \"><div class=\"sppb-pricing-header\"><div class=\"sppb-pricing-title\">FACIAL<\/div><span class=\"sppb-pricing-price\">$9<\/span><\/div><div class=\"sppb-pricing-features\"><ul><li>\u2022 Fresh look<\/li><li>\u2022 With trimmer<\/li><li>\u2022 Limited statistic<\/li><\/ul><\/div><div class=\"sppb-pricing-footer\"><a href=\"#\" id=\"btn-1499332143017\" class=\"sppb-btn sppb-btn-custom sppb-btn-rounded\">buy now<\/a><\/div><\/div><\/div><\/div>","assets":{"css":"#sppb-addon-1499332143017 {\nmargin: 0 0 30px 0;\n}\n#sppb-addon-1499332143017 #btn-1499332143017.sppb-btn-custom{text-transform: uppercase;}#sppb-addon-1499332143017 #btn-1499332143017.sppb-btn-custom { background-color: rgba(207, 157, 95, 1); color: #ffffff;}#sppb-addon-1499332143017 #btn-1499332143017.sppb-btn-custom:hover { background-color: rgba(166, 127, 68, 1); color: rgba(255, 255, 255, 1);}"}}]}]}]}]},{"id":1499332143051,"visibility":true,"collapse":false,"settings":{"admin_label":"Feedback","title":"","heading_selector":"h3","title_fontsize":"","title_fontweight":"","title_text_color":"","title_margin_top":"","title_margin_bottom":"","subtitle":"","subtitle_fontsize":"","title_position":"sppb-text-center","columns_equal_height":"0","fullscreen":"0","no_gutter":"0","id":"","class":"","padding":"100px 0px 50px 0px","margin":"0px 0px 0px 0px","color":"","background_color":"","background_image":"","overlay":"","background_repeat":"no-repeat","background_size":"cover","background_attachment":"fixed","background_position":"0 0","background_video":"0","background_video_mp4":"","background_video_ogv":"","hidden_xs":"","hidden_sm":"","hidden_md":"","animation":"","animationduration":"300","animationdelay":"0"},"layout":"12","columns":[{"id":1499332143052,"class_name":"col-md-12","visibility":true,"settings":{},"addons":[{"id":1499332143058,"name":"heading","visibility":true,"settings":{"admin_label":"Reviews","title":"Reviews","heading_selector":"h2","use_link":"0","title_link":"","link_new_tab":"0","title_fontsize":"18","title_fontstyle":["uppercase"],"title_fontweight":"500","title_lineheight":"","title_letterspace":"10px","title_margin":"0px 0px 20px 0px","title_padding":"0px 0px 0px 0px","alignment":"sppb-text-center","class":"","global_text_color":"rgba(207, 157, 95, 1)","global_link_color":"","global_link_hover_color":"","global_use_background":"0","global_background_color":"","global_background_image":"","global_background_repeat":"no-repeat","global_background_size":"cover","global_background_attachment":"inherit","global_user_border":"0","global_border_width":"","global_border_color":"","global_boder_style":"none","global_border_radius":"","global_margin":"","global_padding":"","global_use_animation":"0","global_animation":"","global_animationduration":"300","global_animationdelay":"0","hidden_md":"0","hidden_sm":"0","hidden_xs":"0","acl":null}},{"id":1499332143061,"name":"heading","visibility":true,"settings":{"admin_label":"Happy peoples","title":"Happy peoples","heading_selector":"h3","use_link":"0","title_link":"","link_new_tab":"0","title_fontsize":"36","title_fontstyle":null,"title_fontweight":"700","title_lineheight":"1.25","title_letterspace":"0","title_margin":"0px 0px 20px 0px","title_padding":"0px 0px 0px 0px","alignment":"sppb-text-center","class":"","global_text_color":"rgba(41, 51, 64, 1)","global_link_color":"","global_link_hover_color":"","global_use_background":"0","global_background_color":"","global_background_image":"","global_background_repeat":"no-repeat","global_background_size":"cover","global_background_attachment":"inherit","global_user_border":"0","global_border_width":"","global_border_color":"","global_boder_style":"none","global_border_radius":"","global_margin":"","global_padding":"","global_use_animation":"0","global_animation":"","global_animationduration":"300","global_animationdelay":"0","hidden_md":"0","hidden_sm":"0","hidden_xs":"0","acl":null}},{"id":1499332876822,"type":"inner_row","settings":{"admin_label":"","title":"","heading_selector":"h3","title_fontsize":"","title_fontweight":"","title_text_color":"","title_margin_top":"","title_margin_bottom":"","subtitle":"","subtitle_fontsize":"","title_position":"sppb-text-center","columns_equal_height":"0","fullscreen":"0","no_gutter":"0","id":"","class":"","padding":"50px 0px 50px 0px","margin":"0px 0px 0px 0px","color":"","background_color":"","background_image":"","overlay":"","background_repeat":"no-repeat","background_size":"cover","background_attachment":"fixed","background_position":"0 0","background_video":"0","background_video_mp4":"","background_video_ogv":"","hidden_xs":"","hidden_sm":"","hidden_md":"","animation":"","animationduration":"300","animationdelay":"0"},"layout":"2,8,2","visibility":true,"columns":[{"id":1499332876823,"class_name":"col-md-2","visibility":true,"settings":{},"addons":[]},{"id":1499332876826,"class_name":"col-md-8","visibility":true,"settings":{},"addons":[{"id":1499317725401,"name":"testimonialpro","visibility":true,"settings":{"autoplay":"1","arrows":"1","class":"","sp_testimonialpro_item":[{"title":"Jon Don","avatar":"https://sppagebuilder.com/sample-data/images/2017/07/06/client1.png","avatar_style":"sppb-img-circle","message":"\tIt is a long established fact that a reader will be distracted by the readable content of a page when looking at its layout. The point of using Lorem Ipsum is that it has a more-or-less normal distribution of letters, as opposed to using 'Content here, content here', making it look like readable English.","url":""},{"title":"Selena Gomez","avatar":"https://sppagebuilder.com/sample-data/images/2017/07/06/client2.png","avatar_style":"sppb-img-circle","message":"\tIt is a long established fact that a reader will be distracted by the readable content of a page when looking at its layout. The point of using Lorem Ipsum is that it has a more-or-less normal distribution of letters, as opposed to using 'Content here, content here', making it look like readable English.","url":""}],"global_text_color":"","global_link_color":"","global_link_hover_color":"","global_use_background":"0","global_background_color":"","global_background_image":"","global_background_repeat":"no-repeat","global_background_size":"cover","global_background_attachment":"inherit","global_user_border":"0","global_border_width":"","global_border_color":"","global_boder_style":"none","global_border_radius":"","global_margin":"","global_padding":"","global_use_animation":"0","global_animation":"","global_animationduration":"300","global_animationdelay":"0","hidden_md":"0","hidden_sm":"0","hidden_xs":"0","acl":null,"dynamicId":1499317725401},"htmlContent":"<div id=\"sppb-addon-1499317725401\" class=\"clearfix\" ><div class=\"sppb-carousel sppb-testimonial-pro sppb-slide  sppb-text-center\" data-sppb-ride=\"sppb-carousel\"><div class=\"sppb-carousel-inner\"><div class=\"sppb-item\"><img class=\"sppb-img-responsive sppb-avatar sppb-img-circle\" src=\"https://sppagebuilder.com/sample-data/images/2017/07/06/client1.png\" alt=\"\"><div class=\"sppb-testimonial-message\">\tIt is a long established fact that a reader will be distracted by the readable content of a page when looking at its layout. The point of using Lorem Ipsum is that it has a more-or-less normal distribution of letters, as opposed to using 'Content here, content here', making it look like readable English.<\/div><div class=\"sppb-testimonial-client\"><strong class=\"pro-client-name\">Jon Don<\/strong><\/div><\/div><div class=\"sppb-item\"><img class=\"sppb-img-responsive sppb-avatar sppb-img-circle\" src=\"https://sppagebuilder.com/sample-data/images/2017/07/06/client2.png\" alt=\"\"><div class=\"sppb-testimonial-message\">\tIt is a long established fact that a reader will be distracted by the readable content of a page when looking at its layout. The point of using Lorem Ipsum is that it has a more-or-less normal distribution of letters, as opposed to using 'Content here, content here', making it look like readable English.<\/div><div class=\"sppb-testimonial-client\"><strong class=\"pro-client-name\">Selena Gomez<\/strong><\/div><\/div><\/div><a class=\"left sppb-carousel-control\" role=\"button\" data-slide=\"prev\"><i class=\"fa fa-angle-left\"><\/i><\/a><a class=\"right sppb-carousel-control\" role=\"button\" data-slide=\"next\"><i class=\"fa fa-angle-right\"><\/i><\/a><\/div><\/div>","assets":[]}]},{"id":1499332876827,"class_name":"col-md-2","visibility":true,"settings":{},"addons":[]}]}]}]}]
