{"logo_type":"image","logo_image":"images\/logo.png","logo_text":"","logo_slogan":"","favicon_image":"","framework_logo":"0","generate":[{"name":"Header","class":"","responsive":"","backgroundimage":"","backgroundoverlaycolor":"rgba(255, 255, 255, 0)","backgroundrepeat":"","backgroundsize":"","backgroundattachment":"","backgroundposition":"","backgroundcolor":"rgb(65, 132, 216)","textcolor":"rgba(255, 255, 255, 0)","linkcolor":"rgba(255, 255, 255, 0)","linkhovercolor":"rgba(255, 255, 255, 0)","margin":"","padding":"","containertype":"container","children":[{"col-xs":"12","col-sm":"12","col-md":"12","col-lg":"12","col-xs-offset":"","col-sm-offset":"","col-md-offset":"","col-lg-offset":"","type":"modules","position":"position-0","style":"tznone","customclass":"","customtitle":"","customhtml":"","responsiveclass":"","animationType":"","animationSpeed":"","animationDelay":"","animationOffset":"","animationEasing":""}]},{"name":"Menu","class":"logistics-menu","responsive":"","backgroundimage":"","backgroundoverlaycolor":"rgba(255, 255, 255, 0)","backgroundrepeat":"","backgroundsize":"","backgroundattachment":"","backgroundposition":"","backgroundcolor":"rgba(255, 255, 255, 0)","textcolor":"rgba(255, 255, 255, 0)","linkcolor":"rgba(255, 255, 255, 0)","linkhovercolor":"rgba(255, 255, 255, 0)","margin":"","padding":"","containertype":"container","children":[{"col-xs":"12","col-sm":"12","col-md":"3","col-lg":"3","col-xs-offset":"","col-sm-offset":"","col-md-offset":"","col-lg-offset":"","type":"logo","position":"tz-position-10","style":"tzxhtml","customclass":"","customtitle":"","customhtml":"","responsiveclass":"","animationType":"","animationSpeed":"","animationDelay":"","animationOffset":"","animationEasing":""},{"col-xs":"12","col-sm":"12","col-md":"9","col-lg":"9","col-xs-offset":"","col-sm-offset":"","col-md-offset":"","col-lg-offset":"","type":"megamenu","position":"position-1","style":"tznone","customclass":"","customtitle":"","customhtml":"","responsiveclass":"","animationType":"","animationSpeed":"","animationDelay":"","animationOffset":"","animationEasing":""}]},{"name":"Breadcrumb","class":"container","responsive":"","backgroundimage":"images\/breadcrums-bg.jpg","backgroundoverlaycolor":"rgba(255, 255, 255, 0)","backgroundrepeat":"","backgroundsize":"","backgroundattachment":"","backgroundposition":"","backgroundcolor":"rgba(255, 255, 255, 0)","textcolor":"rgba(255, 255, 255, 0)","linkcolor":"rgba(255, 255, 255, 0)","linkhovercolor":"rgba(255, 255, 255, 0)","margin":"","padding":"","containertype":"container","children":[{"col-xs":"12","col-sm":"12","col-md":"12","col-lg":"12","col-xs-offset":"","col-sm-offset":"","col-md-offset":"","col-lg-offset":"","type":"modules","position":"position-2","style":"tzxhtml","customclass":"","customtitle":"","customhtml":"","responsiveclass":"","animationType":"","animationSpeed":"","animationDelay":"","animationOffset":"","animationEasing":""}]},{"name":"Main Body","class":"container","responsive":"","backgroundimage":"","backgroundoverlaycolor":"rgba(255, 255, 255, 0)","backgroundrepeat":"","backgroundsize":"","backgroundattachment":"","backgroundposition":"","backgroundcolor":"rgba(246, 180, 74, 0)","textcolor":"rgba(255, 255, 255, 0)","linkcolor":"rgba(255, 255, 255, 0)","linkhovercolor":"rgba(255, 255, 255, 0)","margin":"","padding":"80px 0","containertype":"container","children":[{"col-xs":"12","col-sm":"12","col-md":"4","col-lg":"3","col-xs-offset":"","col-sm-offset":"","col-md-offset":"","col-lg-offset":"","type":"modules","position":"tz-position-8","style":"tzxhtml","customclass":"","customtitle":"","customhtml":"","responsiveclass":"","animationType":"","animationSpeed":"","animationDelay":"","animationOffset":"","animationEasing":""},{"col-xs":"12","col-sm":"12","col-md":"8","col-lg":"9","col-xs-offset":"","col-sm-offset":"","col-md-offset":"","col-lg-offset":"","type":"message","position":"","style":"xhtml","customclass":"","customtitle":"","customhtml":"","responsiveclass":"","animationType":"","animationSpeed":"","animationDelay":"","animationOffset":"","animationEasing":"","children":[{"name":"Image Module","class":"","responsive":"","backgroundimage":"","backgroundoverlaycolor":"rgba(255, 255, 255, 0)","backgroundrepeat":"","backgroundsize":"","backgroundattachment":"","backgroundposition":"","backgroundcolor":"rgba(255, 255, 255, 0)","textcolor":"rgba(255, 255, 255, 0)","linkcolor":"rgba(255, 255, 255, 0)","linkhovercolor":"rgba(255, 255, 255, 0)","margin":"","padding":"","children":[{"col-xs":"12","col-sm":"12","col-md":"12","col-lg":"12","col-xs-offset":"","col-sm-offset":"","col-md-offset":"","col-lg-offset":"","type":"modules","position":"position-3","style":"tzxhtml","customclass":"","customtitle":"","customhtml":"","responsiveclass":"","animationType":"","animationSpeed":"","animationDelay":"","animationOffset":"","animationEasing":""}]},{"name":"Component Area","class":"","responsive":"","backgroundimage":"","backgroundoverlaycolor":"rgba(255, 255, 255, 0)","backgroundrepeat":"","backgroundsize":"","backgroundattachment":"","backgroundposition":"","backgroundcolor":"rgba(255, 255, 255, 0)","textcolor":"rgba(255, 255, 255, 0)","linkcolor":"rgba(255, 255, 255, 0)","linkhovercolor":"rgba(255, 255, 255, 0)","margin":"","padding":"","children":[{"col-xs":"12","col-sm":"12","col-md":"12","col-lg":"12","col-xs-offset":"","col-sm-offset":"","col-md-offset":"","col-lg-offset":"","type":"component","position":"","style":"xhtml","customclass":"","customtitle":"","customhtml":"","responsiveclass":"","animationType":"","animationSpeed":"","animationDelay":"","animationOffset":"","animationEasing":""}]}]}]},{"name":"Bottom","class":"tz-bottom pt-70 pb-85","responsive":"","backgroundimage":"","backgroundoverlaycolor":"rgba(255, 255, 255, 0)","backgroundrepeat":"","backgroundsize":"","backgroundattachment":"","backgroundposition":"","backgroundcolor":"rgba(255, 255, 255, 0)","textcolor":"rgba(255, 255, 255, 0)","linkcolor":"rgba(255, 255, 255, 0)","linkhovercolor":"rgba(255, 255, 255, 0)","margin":"","padding":"","containertype":"container","children":[{"col-xs":"","col-sm":"","col-md":"12","col-lg":"12","col-xs-offset":"","col-sm-offset":"","col-md-offset":"","col-lg-offset":"","type":"modules","position":"tz-position-12","style":"tzxhtml","customclass":"","customtitle":"","customhtml":"","responsiveclass":"","animationType":"","animationSpeed":"","animationDelay":"","animationOffset":"","animationEasing":""}]},{"name":"Footer","class":"tz_footer_logistics ","responsive":"","backgroundimage":"","backgroundoverlaycolor":"rgba(255, 255, 255, 0)","backgroundrepeat":"","backgroundsize":"","backgroundattachment":"","backgroundposition":"","backgroundcolor":"rgba(255, 255, 255, 0)","textcolor":"rgba(255, 255, 255, 0)","linkcolor":"rgba(255, 255, 255, 0)","linkhovercolor":"rgba(255, 255, 255, 0)","margin":"","padding":"","containertype":"container","children":[{"col-xs":"12","col-sm":"12","col-md":"12","col-lg":"12","col-xs-offset":"","col-sm-offset":"","col-md-offset":"","col-lg-offset":"","type":"modules","position":"footer","style":"sp-xhtml","customclass":"","customtitle":"","customhtml":"","responsiveclass":"","animationType":"","animationSpeed":"","animationDelay":"","animationOffset":"","animationEasing":""}]}],"font_name_group1":"google;own;https:\/\/fonts.googleapis.com\/css?family=Kanit:300,400,500,600,700,800;'Kanit', sans-serif","font_size_group1":"","font_height_group1":"","font_rules_group1":"h1, h2, h3, h4, h5, h6","font_name_group2":"google;own;https:\/\/fonts.googleapis.com\/css?family=Roboto:300,300i,400,400i,500,500i,700,700i;'Roboto', sans-serif","font_size_group2":"","font_height_group2":"","font_rules_group2":"body","font_name_group3":"standard;Arial, Helvetica, sans-serif","font_size_group3":"","font_height_group3":"","font_rules_group3":"","font_name_group4":"standard;Arial, Helvetica, sans-serif","font_size_group4":"","font_height_group4":"","font_rules_group4":"","css_prefixer":"0","max_page_width":"","max_page_width_value":"px","css_custom":"","presetimage":"","preset":"tz-logistics-sidebar-left","theme":"default","layout":"default","layout_enable":"1","hide_component_area":"0","navigation_trigger":"hover","navigation_collapse_offcanvas":"0","navigation_collapse_showsub":"0","navigation_type":"megamenu","navigation_animation":"elastic","navigation_animation_duration":"400","mm_access":"1","mm_type":"mainmenu","mm_config":"{\"mainmenu\":{\"item-105\":{\"sub\":{\"rows\":[[{\"item\":151,\"width\":12}]]}},\"item-110\":{\"sub\":{\"rows\":[[{\"item\":102,\"width\":12}]]}}}}","color_code_group1":"color;rgba(0,0,0,0.8)","color_rules_group1":"","color_code_group2":"color;rgba(0,0,0,0.8)","color_rules_group2":"","color_code_group3":"color;rgba(0,0,0,0.8)","color_rules_group3":"","color_code_group4":"color;rgba(0,0,0,0.8)","color_rules_group4":"","requiredmode":"1","devmode":"0","layoutsave":"0","bootstrapversion":"3","bootstraplegacy":"0","minify":"0","minify_js":"0","minify_js_tool":"jsmin","minify_exclude":"","animate":"0","ov_clr_file":"plz_child_","snippet_open_head":"","snippet_close_head":"","snippet_open_body":"","snippet_close_body":"","presetname":"tz_logistics - Sidebar-left","demo_link":"","doc_link":""}